ISO-10303-21;
HEADER;
FILE_DESCRIPTION(('Open CASCADE Model'),'2;1');
FILE_NAME('inclined_plate','2026-09-22T07:48:07',('Author'),(
    'Open CASCADE'),'Open CASCADE STEP processor 7.8','build123d',
  'Unknown');
FILE_SCHEMA(('AUTOMOTIVE_DESIGN { 1 0 10303 214 1 1 1 1 }'));
ENDSEC;
DATA;
#1 = APPLICATION_PROTOCOL_DEFINITION('international standard',
  'automotive_design',2000,#2);
#2 = APPLICATION_CONTEXT(
  'core data for automotive mechanical design processes');
#3 = SHAPE_DEFINITION_REPRESENTATION(#4,#10);
#4 = PRODUCT_DEFINITION_SHAPE('','',#5);
#5 = PRODUCT_DEFINITION('design','',#6,#9);
#6 = PRODUCT_DEFINITION_FORMATION('','',#7);
#7 = PRODUCT('inclined_plate','inclined_plate','',(#8));
#8 = PRODUCT_CONTEXT('',#2,'mechanical');
#9 = PRODUCT_DEFINITION_CONTEXT('part definition',#2,'design');
#10 = ADVANCED_BREP_SHAPE_REPRESENTATION('',(#11,#15),#6018);
#11 = AXIS2_PLACEMENT_3D('',#12,#13,#14);
#12 = CARTESIAN_POINT('',(0.,0.,0.));
#13 = DIRECTION('',(0.,0.,1.));
#14 = DIRECTION('',(1.,0.,-0.));
#15 = MANIFOLD_SOLID_BREP('',#16);
#16 = CLOSED_SHELL('',(#17,#249,#335,#417,#529,#628,#655,#743,#824,#898,
    #956,#988,#1064,#2353,#2406,#2540,#2723,#2777,#2804,#2862,#3047,
    #3186,#3212,#3240,#3287,#3363,#3417,#3471,#3498,#3574,#3628,#3682,
    #3709,#3785,#3839,#3893,#3920,#3996,#4050,#4104,#4131,#4207,#4261,
    #4315,#4342,#4418,#4472,#4526,#4553,#4629,#4683,#4737,#4764,#4840,
    #4894,#4948,#4975,#5051,#5105,#5159,#5186,#5262,#5316,#5365,#5397,
    #5403,#5456,#5503,#5548,#5597,#5650,#5699,#5753,#5788,#5814,#5847,
    #5896,#5922,#5929,#5936,#5943,#5950,#5957,#5964,#5971,#5978,#5985,
    #5992,#5999,#6006,#6012));
#17 = ADVANCED_FACE('',(#18),#32,.F.);
#18 = FACE_BOUND('',#19,.F.);
#19 = EDGE_LOOP('',(#20,#55,#83,#111,#139,#167,#195,#223));
#20 = ORIENTED_EDGE('',*,*,#21,.F.);
#21 = EDGE_CURVE('',#22,#24,#26,.T.);
#22 = VERTEX_POINT('',#23);
#23 = CARTESIAN_POINT('',(-90.,3.,0.5));
#24 = VERTEX_POINT('',#25);
#25 = CARTESIAN_POINT('',(-90.,3.,5.43775794361));
#26 = SURFACE_CURVE('',#27,(#31,#43),.PCURVE_S1.);
#27 = LINE('',#28,#29);
#28 = CARTESIAN_POINT('',(-90.,3.,0.));
#29 = VECTOR('',#30,1.);
#30 = DIRECTION('',(0.,0.,1.));
#31 = PCURVE('',#32,#37);
#32 = PLANE('',#33);
#33 = AXIS2_PLACEMENT_3D('',#34,#35,#36);
#34 = CARTESIAN_POINT('',(-90.,0.,0.));
#35 = DIRECTION('',(1.,0.,0.));
#36 = DIRECTION('',(0.,0.,1.));
#37 = DEFINITIONAL_REPRESENTATION('',(#38),#42);
#38 = LINE('',#39,#40);
#39 = CARTESIAN_POINT('',(0.,-3.));
#40 = VECTOR('',#41,1.);
#41 = DIRECTION('',(1.,0.));
#42 = ( GEOMETRIC_REPRESENTATION_CONTEXT(2) 
PARAMETRIC_REPRESENTATION_CONTEXT() REPRESENTATION_CONTEXT('2D SPACE',''
  ) );
#43 = PCURVE('',#44,#49);
#44 = CYLINDRICAL_SURFACE('',#45,3.);
#45 = AXIS2_PLACEMENT_3D('',#46,#47,#48);
#46 = CARTESIAN_POINT('',(-87.,3.,0.));
#47 = DIRECTION('',(0.,0.,1.));
#48 = DIRECTION('',(-1.,-0.,0.));
#49 = DEFINITIONAL_REPRESENTATION('',(#50),#54);
#50 = LINE('',#51,#52);
#51 = CARTESIAN_POINT('',(0.,0.));
#52 = VECTOR('',#53,1.);
#53 = DIRECTION('',(0.,1.));
#54 = ( GEOMETRIC_REPRESENTATION_CONTEXT(2) 
PARAMETRIC_REPRESENTATION_CONTEXT() REPRESENTATION_CONTEXT('2D SPACE',''
  ) );
#55 = ORIENTED_EDGE('',*,*,#56,.T.);
#56 = EDGE_CURVE('',#22,#57,#59,.T.);
#57 = VERTEX_POINT('',#58);
#58 = CARTESIAN_POINT('',(-90.,124.9535442531,0.5));
#59 = SURFACE_CURVE('',#60,(#64,#71),.PCURVE_S1.);
#60 = LINE('',#61,#62);
#61 = CARTESIAN_POINT('',(-90.,3.,0.5));
#62 = VECTOR('',#63,1.);
#63 = DIRECTION('',(0.,1.,0.));
#64 = PCURVE('',#32,#65);
#65 = DEFINITIONAL_REPRESENTATION('',(#66),#70);
#66 = LINE('',#67,#68);
#67 = CARTESIAN_POINT('',(0.5,-3.));
#68 = VECTOR('',#69,1.);
#69 = DIRECTION('',(0.,-1.));
#70 = ( GEOMETRIC_REPRESENTATION_CONTEXT(2) 
PARAMETRIC_REPRESENTATION_CONTEXT() REPRESENTATION_CONTEXT('2D SPACE',''
  ) );
#71 = PCURVE('',#72,#77);
#72 = PLANE('',#73);
#73 = AXIS2_PLACEMENT_3D('',#74,#75,#76);
#74 = CARTESIAN_POINT('',(-89.75,3.,0.25));
#75 = DIRECTION('',(-0.707106781187,-1.889513820522E-18,-0.707106781187)
  );
#76 = DIRECTION('',(-1.336088035637E-18,1.,-1.336088035637E-18));
#77 = DEFINITIONAL_REPRESENTATION('',(#78),#82);
#78 = LINE('',#79,#80);
#79 = CARTESIAN_POINT('',(0.,-0.353553390593));
#80 = VECTOR('',#81,1.);
#81 = DIRECTION('',(1.,-3.02410162867E-35));
#82 = ( GEOMETRIC_REPRESENTATION_CONTEXT(2) 
PARAMETRIC_REPRESENTATION_CONTEXT() REPRESENTATION_CONTEXT('2D SPACE',''
  ) );
#83 = ORIENTED_EDGE('',*,*,#84,.T.);
#84 = EDGE_CURVE('',#57,#85,#87,.T.);
#85 = VERTEX_POINT('',#86);
#86 = CARTESIAN_POINT('',(-90.,124.9535442531,17.666045915215));
#87 = SURFACE_CURVE('',#88,(#92,#99),.PCURVE_S1.);
#88 = LINE('',#89,#90);
#89 = CARTESIAN_POINT('',(-90.,124.9535442531,0.));
#90 = VECTOR('',#91,1.);
#91 = DIRECTION('',(0.,0.,1.));
#92 = PCURVE('',#32,#93);
#93 = DEFINITIONAL_REPRESENTATION('',(#94),#98);
#94 = LINE('',#95,#96);
#95 = CARTESIAN_POINT('',(0.,-124.9535442531));
#96 = VECTOR('',#97,1.);
#97 = DIRECTION('',(1.,0.));
#98 = ( GEOMETRIC_REPRESENTATION_CONTEXT(2) 
PARAMETRIC_REPRESENTATION_CONTEXT() REPRESENTATION_CONTEXT('2D SPACE',''
  ) );
#99 = PCURVE('',#100,#105);
#100 = CYLINDRICAL_SURFACE('',#101,3.);
#101 = AXIS2_PLACEMENT_3D('',#102,#103,#104);
#102 = CARTESIAN_POINT('',(-87.,124.9535442531,0.));
#103 = DIRECTION('',(0.,0.,1.));
#104 = DIRECTION('',(-1.,-0.,0.));
#105 = DEFINITIONAL_REPRESENTATION('',(#106),#110);
#106 = LINE('',#107,#108);
#107 = CARTESIAN_POINT('',(6.28318530718,0.));
#108 = VECTOR('',#109,1.);
#109 = DIRECTION('',(-0.,1.));
#110 = ( GEOMETRIC_REPRESENTATION_CONTEXT(2) 
PARAMETRIC_REPRESENTATION_CONTEXT() REPRESENTATION_CONTEXT('2D SPACE',''
  ) );
#111 = ORIENTED_EDGE('',*,*,#112,.T.);
#112 = EDGE_CURVE('',#85,#113,#115,.T.);
#113 = VERTEX_POINT('',#114);
#114 = CARTESIAN_POINT('',(-90.,92.973420301486,12.600891881629));
#115 = SURFACE_CURVE('',#116,(#120,#127),.PCURVE_S1.);
#116 = LINE('',#117,#118);
#117 = CARTESIAN_POINT('',(-90.,128.42284764822,18.215529591767));
#118 = VECTOR('',#119,1.);
#119 = DIRECTION('',(0.,-0.987688340595,-0.15643446504));
#120 = PCURVE('',#32,#121);
#121 = DEFINITIONAL_REPRESENTATION('',(#122),#126);
#122 = LINE('',#123,#124);
#123 = CARTESIAN_POINT('',(18.215529591767,-128.4228476482));
#124 = VECTOR('',#125,1.);
#125 = DIRECTION('',(-0.15643446504,0.987688340595));
#126 = ( GEOMETRIC_REPRESENTATION_CONTEXT(2) 
PARAMETRIC_REPRESENTATION_CONTEXT() REPRESENTATION_CONTEXT('2D SPACE',''
  ) );
#127 = PCURVE('',#128,#133);
#128 = CYLINDRICAL_SURFACE('',#129,3.);
#129 = AXIS2_PLACEMENT_3D('',#130,#131,#132);
#130 = CARTESIAN_POINT('',(-87.,128.42284764822,18.215529591767));
#131 = DIRECTION('',(0.,-0.987688340595,-0.15643446504));
#132 = DIRECTION('',(-1.,-0.,0.));
#133 = DEFINITIONAL_REPRESENTATION('',(#134),#138);
#134 = LINE('',#135,#136);
#135 = CARTESIAN_POINT('',(6.28318530718,0.));
#136 = VECTOR('',#137,1.);
#137 = DIRECTION('',(-0.,1.));
#138 = ( GEOMETRIC_REPRESENTATION_CONTEXT(2) 
PARAMETRIC_REPRESENTATION_CONTEXT() REPRESENTATION_CONTEXT('2D SPACE',''
  ) );
#139 = ORIENTED_EDGE('',*,*,#140,.F.);
#140 = EDGE_CURVE('',#141,#113,#143,.T.);
#141 = VERTEX_POINT('',#142);
#142 = CARTESIAN_POINT('',(-90.,92.660551371405,14.576268562819));
#143 = SURFACE_CURVE('',#144,(#148,#155),.PCURVE_S1.);
#144 = LINE('',#145,#146);
#145 = CARTESIAN_POINT('',(-90.,92.574630267474,15.118753062907));
#146 = VECTOR('',#147,1.);
#147 = DIRECTION('',(-0.,0.15643446504,-0.987688340595));
#148 = PCURVE('',#32,#149);
#149 = DEFINITIONAL_REPRESENTATION('',(#150),#154);
#150 = LINE('',#151,#152);
#151 = CARTESIAN_POINT('',(15.118753062907,-92.57463026747));
#152 = VECTOR('',#153,1.);
#153 = DIRECTION('',(-0.987688340595,-0.15643446504));
#154 = ( GEOMETRIC_REPRESENTATION_CONTEXT(2) 
PARAMETRIC_REPRESENTATION_CONTEXT() REPRESENTATION_CONTEXT('2D SPACE',''
  ) );
#155 = PCURVE('',#156,#161);
#156 = PLANE('',#157);
#157 = AXIS2_PLACEMENT_3D('',#158,#159,#160);
#158 = CARTESIAN_POINT('',(-91.,92.504116906365,15.563956903414));
#159 = DIRECTION('',(0.,0.987688340595,0.15643446504));
#160 = DIRECTION('',(0.,-0.15643446504,0.987688340595));
#161 = DEFINITIONAL_REPRESENTATION('',(#162),#166);
#162 = LINE('',#163,#164);
#163 = CARTESIAN_POINT('',(-0.45075336238,1.));
#164 = VECTOR('',#165,1.);
#165 = DIRECTION('',(-1.,0.));
#166 = ( GEOMETRIC_REPRESENTATION_CONTEXT(2) 
PARAMETRIC_REPRESENTATION_CONTEXT() REPRESENTATION_CONTEXT('2D SPACE',''
  ) );
#167 = ORIENTED_EDGE('',*,*,#168,.F.);
#168 = EDGE_CURVE('',#169,#141,#171,.T.);
#169 = VERTEX_POINT('',#170);
#170 = CARTESIAN_POINT('',(-90.,83.34223297078,13.10039191817));
#171 = SURFACE_CURVE('',#172,(#176,#183),.PCURVE_S1.);
#172 = LINE('',#173,#174);
#173 = CARTESIAN_POINT('',(-90.,46.617262059777,7.283727954496));
#174 = VECTOR('',#175,1.);
#175 = DIRECTION('',(-0.,0.987688340595,0.15643446504));
#176 = PCURVE('',#32,#177);
#177 = DEFINITIONAL_REPRESENTATION('',(#178),#182);
#178 = LINE('',#179,#180);
#179 = CARTESIAN_POINT('',(7.283727954496,-46.61726205977));
#180 = VECTOR('',#181,1.);
#181 = DIRECTION('',(0.15643446504,-0.987688340595));
#182 = ( GEOMETRIC_REPRESENTATION_CONTEXT(2) 
PARAMETRIC_REPRESENTATION_CONTEXT() REPRESENTATION_CONTEXT('2D SPACE',''
  ) );
#183 = PCURVE('',#184,#189);
#184 = PLANE('',#185);
#185 = AXIS2_PLACEMENT_3D('',#186,#187,#188);
#186 = CARTESIAN_POINT('',(1.7763568394E-15,93.219116376731,
    14.664736568572));
#187 = DIRECTION('',(2.22044604925E-16,0.15643446504,-0.987688340595));
#188 = DIRECTION('',(5.43671449223E-33,-0.987688340595,-0.15643446504));
#189 = DEFINITIONAL_REPRESENTATION('',(#190),#194);
#190 = LINE('',#191,#192);
#191 = CARTESIAN_POINT('',(47.182752292969,90.));
#192 = VECTOR('',#193,1.);
#193 = DIRECTION('',(-1.,-1.159969031427E-32));
#194 = ( GEOMETRIC_REPRESENTATION_CONTEXT(2) 
PARAMETRIC_REPRESENTATION_CONTEXT() REPRESENTATION_CONTEXT('2D SPACE',''
  ) );
#195 = ORIENTED_EDGE('',*,*,#196,.F.);
#196 = EDGE_CURVE('',#197,#169,#199,.T.);
#197 = VERTEX_POINT('',#198);
#198 = CARTESIAN_POINT('',(-90.,85.29748358161,18.472398820801));
#199 = SURFACE_CURVE('',#200,(#204,#211),.PCURVE_S1.);
#200 = LINE('',#201,#202);
#201 = CARTESIAN_POINT('',(-90.,76.362445937424,-6.076415348578));
#202 = VECTOR('',#203,1.);
#203 = DIRECTION('',(0.,-0.342020143326,-0.939692620786));
#204 = PCURVE('',#32,#205);
#205 = DEFINITIONAL_REPRESENTATION('',(#206),#210);
#206 = LINE('',#207,#208);
#207 = CARTESIAN_POINT('',(-6.076415348578,-76.36244593742));
#208 = VECTOR('',#209,1.);
#209 = DIRECTION('',(-0.939692620786,0.342020143326));
#210 = ( GEOMETRIC_REPRESENTATION_CONTEXT(2) 
PARAMETRIC_REPRESENTATION_CONTEXT() REPRESENTATION_CONTEXT('2D SPACE',''
  ) );
#211 = PCURVE('',#212,#217);
#212 = PLANE('',#213);
#213 = AXIS2_PLACEMENT_3D('',#214,#215,#216);
#214 = CARTESIAN_POINT('',(1.7763568394E-15,83.34223297078,
    13.10039191817));
#215 = DIRECTION('',(-1.076493605915E-16,-0.939692620786,0.342020143326)
  );
#216 = DIRECTION('',(-1.942045873314E-16,0.342020143326,0.939692620786)
  );
#217 = DEFINITIONAL_REPRESENTATION('',(#218),#222);
#218 = LINE('',#219,#220);
#219 = CARTESIAN_POINT('',(-20.40753204032,90.));
#220 = VECTOR('',#221,1.);
#221 = DIRECTION('',(-1.,1.942045873314E-16));
#222 = ( GEOMETRIC_REPRESENTATION_CONTEXT(2) 
PARAMETRIC_REPRESENTATION_CONTEXT() REPRESENTATION_CONTEXT('2D SPACE',''
  ) );
#223 = ORIENTED_EDGE('',*,*,#224,.F.);
#224 = EDGE_CURVE('',#24,#197,#225,.T.);
#225 = SURFACE_CURVE('',#226,(#230,#237),.PCURVE_S1.);
#226 = LINE('',#227,#228);
#227 = CARTESIAN_POINT('',(-90.,0.469303395121,5.036934978215));
#228 = VECTOR('',#229,1.);
#229 = DIRECTION('',(0.,0.987688340595,0.15643446504));
#230 = PCURVE('',#32,#231);
#231 = DEFINITIONAL_REPRESENTATION('',(#232),#236);
#232 = LINE('',#233,#234);
#233 = CARTESIAN_POINT('',(5.036934978215,-0.469303395121));
#234 = VECTOR('',#235,1.);
#235 = DIRECTION('',(0.15643446504,-0.987688340595));
#236 = ( GEOMETRIC_REPRESENTATION_CONTEXT(2) 
PARAMETRIC_REPRESENTATION_CONTEXT() REPRESENTATION_CONTEXT('2D SPACE',''
  ) );
#237 = PCURVE('',#238,#243);
#238 = CYLINDRICAL_SURFACE('',#239,3.);
#239 = AXIS2_PLACEMENT_3D('',#240,#241,#242);
#240 = CARTESIAN_POINT('',(-87.,0.469303395121,5.036934978215));
#241 = DIRECTION('',(0.,0.987688340595,0.15643446504));
#242 = DIRECTION('',(-1.,0.,0.));
#243 = DEFINITIONAL_REPRESENTATION('',(#244),#248);
#244 = LINE('',#245,#246);
#245 = CARTESIAN_POINT('',(0.,0.));
#246 = VECTOR('',#247,1.);
#247 = DIRECTION('',(0.,1.));
#248 = ( GEOMETRIC_REPRESENTATION_CONTEXT(2) 
PARAMETRIC_REPRESENTATION_CONTEXT() REPRESENTATION_CONTEXT('2D SPACE',''
  ) );
#249 = ADVANCED_FACE('',(#250),#44,.T.);
#250 = FACE_BOUND('',#251,.T.);
#251 = EDGE_LOOP('',(#252,#253,#282,#310));
#252 = ORIENTED_EDGE('',*,*,#21,.F.);
#253 = ORIENTED_EDGE('',*,*,#254,.F.);
#254 = EDGE_CURVE('',#255,#22,#257,.T.);
#255 = VERTEX_POINT('',#256);
#256 = CARTESIAN_POINT('',(-87.,1.665334536938E-16,0.5));
#257 = SURFACE_CURVE('',#258,(#263,#270),.PCURVE_S1.);
#258 = CIRCLE('',#259,3.);
#259 = AXIS2_PLACEMENT_3D('',#260,#261,#262);
#260 = CARTESIAN_POINT('',(-87.,3.,0.5));
#261 = DIRECTION('',(-0.,-0.,-1.));
#262 = DIRECTION('',(0.,-1.,0.));
#263 = PCURVE('',#44,#264);
#264 = DEFINITIONAL_REPRESENTATION('',(#265),#269);
#265 = LINE('',#266,#267);
#266 = CARTESIAN_POINT('',(1.570796326795,0.5));
#267 = VECTOR('',#268,1.);
#268 = DIRECTION('',(-1.,-0.));
#269 = ( GEOMETRIC_REPRESENTATION_CONTEXT(2) 
PARAMETRIC_REPRESENTATION_CONTEXT() REPRESENTATION_CONTEXT('2D SPACE',''
  ) );
#270 = PCURVE('',#271,#276);
#271 = CONICAL_SURFACE('',#272,3.,0.785398163397);
#272 = AXIS2_PLACEMENT_3D('',#273,#274,#275);
#273 = CARTESIAN_POINT('',(-87.,3.,0.5));
#274 = DIRECTION('',(0.,0.,1.));
#275 = DIRECTION('',(0.,-1.,0.));
#276 = DEFINITIONAL_REPRESENTATION('',(#277),#281);
#277 = LINE('',#278,#279);
#278 = CARTESIAN_POINT('',(6.28318530718,0.));
#279 = VECTOR('',#280,1.);
#280 = DIRECTION('',(-1.,-0.));
#281 = ( GEOMETRIC_REPRESENTATION_CONTEXT(2) 
PARAMETRIC_REPRESENTATION_CONTEXT() REPRESENTATION_CONTEXT('2D SPACE',''
  ) );
#282 = ORIENTED_EDGE('',*,*,#283,.T.);
#283 = EDGE_CURVE('',#255,#284,#286,.T.);
#284 = VERTEX_POINT('',#285);
#285 = CARTESIAN_POINT('',(-87.,4.440892098501E-16,5.43775794361));
#286 = SURFACE_CURVE('',#287,(#291,#298),.PCURVE_S1.);
#287 = LINE('',#288,#289);
#288 = CARTESIAN_POINT('',(-87.,-4.440892098501E-16,0.));
#289 = VECTOR('',#290,1.);
#290 = DIRECTION('',(0.,0.,1.));
#291 = PCURVE('',#44,#292);
#292 = DEFINITIONAL_REPRESENTATION('',(#293),#297);
#293 = LINE('',#294,#295);
#294 = CARTESIAN_POINT('',(1.570796326795,0.));
#295 = VECTOR('',#296,1.);
#296 = DIRECTION('',(0.,1.));
#297 = ( GEOMETRIC_REPRESENTATION_CONTEXT(2) 
PARAMETRIC_REPRESENTATION_CONTEXT() REPRESENTATION_CONTEXT('2D SPACE',''
  ) );
#298 = PCURVE('',#299,#304);
#299 = PLANE('',#300);
#300 = AXIS2_PLACEMENT_3D('',#301,#302,#303);
#301 = CARTESIAN_POINT('',(-90.,0.,0.));
#302 = DIRECTION('',(0.,1.,0.));
#303 = DIRECTION('',(0.,-0.,1.));
#304 = DEFINITIONAL_REPRESENTATION('',(#305),#309);
#305 = LINE('',#306,#307);
#306 = CARTESIAN_POINT('',(0.,3.));
#307 = VECTOR('',#308,1.);
#308 = DIRECTION('',(1.,0.));
#309 = ( GEOMETRIC_REPRESENTATION_CONTEXT(2) 
PARAMETRIC_REPRESENTATION_CONTEXT() REPRESENTATION_CONTEXT('2D SPACE',''
  ) );
#310 = ORIENTED_EDGE('',*,*,#311,.F.);
#311 = EDGE_CURVE('',#24,#284,#312,.T.);
#312 = SURFACE_CURVE('',#313,(#318,#324),.PCURVE_S1.);
#313 = CIRCLE('',#314,3.);
#314 = AXIS2_PLACEMENT_3D('',#315,#316,#317);
#315 = CARTESIAN_POINT('',(-87.,3.,5.43775794361));
#316 = DIRECTION('',(0.,-1.387778780781E-16,1.));
#317 = DIRECTION('',(0.,-1.,-1.387778780781E-16));
#318 = PCURVE('',#44,#319);
#319 = DEFINITIONAL_REPRESENTATION('',(#320),#323);
#320 = B_SPLINE_CURVE_WITH_KNOTS('',1,(#321,#322),.UNSPECIFIED.,.F.,.F.,
  (2,2),(4.712388980385,6.28318530718),.PIECEWISE_BEZIER_KNOTS.);
#321 = CARTESIAN_POINT('',(0.,5.43775794361));
#322 = CARTESIAN_POINT('',(1.570796326795,5.43775794361));
#323 = ( GEOMETRIC_REPRESENTATION_CONTEXT(2) 
PARAMETRIC_REPRESENTATION_CONTEXT() REPRESENTATION_CONTEXT('2D SPACE',''
  ) );
#324 = PCURVE('',#325,#330);
#325 = SPHERICAL_SURFACE('',#326,3.);
#326 = AXIS2_PLACEMENT_3D('',#327,#328,#329);
#327 = CARTESIAN_POINT('',(-87.,3.,5.43775794361));
#328 = DIRECTION('',(1.,0.,-0.));
#329 = DIRECTION('',(0.,-0.15643446504,0.987688340595));
#330 = DEFINITIONAL_REPRESENTATION('',(#331),#334);
#331 = B_SPLINE_CURVE_WITH_KNOTS('',1,(#332,#333),.UNSPECIFIED.,.F.,.F.,
  (2,2),(4.712388980385,6.28318530718),.PIECEWISE_BEZIER_KNOTS.);
#332 = CARTESIAN_POINT('',(1.413716694115,-1.570796326795));
#333 = CARTESIAN_POINT('',(1.413716694115,0.));
#334 = ( GEOMETRIC_REPRESENTATION_CONTEXT(2) 
PARAMETRIC_REPRESENTATION_CONTEXT() REPRESENTATION_CONTEXT('2D SPACE',''
  ) );
#335 = ADVANCED_FACE('',(#336),#238,.T.);
#336 = FACE_BOUND('',#337,.T.);
#337 = EDGE_LOOP('',(#338,#339,#361,#389));
#338 = ORIENTED_EDGE('',*,*,#224,.F.);
#339 = ORIENTED_EDGE('',*,*,#340,.T.);
#340 = EDGE_CURVE('',#24,#341,#343,.T.);
#341 = VERTEX_POINT('',#342);
#342 = CARTESIAN_POINT('',(-87.,2.530696604879,8.400822965395));
#343 = SURFACE_CURVE('',#344,(#349,#355),.PCURVE_S1.);
#344 = CIRCLE('',#345,3.);
#345 = AXIS2_PLACEMENT_3D('',#346,#347,#348);
#346 = CARTESIAN_POINT('',(-87.,3.,5.43775794361));
#347 = DIRECTION('',(0.,0.987688340595,0.15643446504));
#348 = DIRECTION('',(0.,-0.15643446504,0.987688340595));
#349 = PCURVE('',#238,#350);
#350 = DEFINITIONAL_REPRESENTATION('',(#351),#354);
#351 = B_SPLINE_CURVE_WITH_KNOTS('',1,(#352,#353),.UNSPECIFIED.,.F.,.F.,
  (2,2),(4.712388980385,6.28318530718),.PIECEWISE_BEZIER_KNOTS.);
#352 = CARTESIAN_POINT('',(0.,2.56224205639));
#353 = CARTESIAN_POINT('',(1.570796326795,2.56224205639));
#354 = ( GEOMETRIC_REPRESENTATION_CONTEXT(2) 
PARAMETRIC_REPRESENTATION_CONTEXT() REPRESENTATION_CONTEXT('2D SPACE',''
  ) );
#355 = PCURVE('',#325,#356);
#356 = DEFINITIONAL_REPRESENTATION('',(#357),#360);
#357 = B_SPLINE_CURVE_WITH_KNOTS('',1,(#358,#359),.UNSPECIFIED.,.F.,.F.,
  (2,2),(4.712388980385,6.28318530718),.PIECEWISE_BEZIER_KNOTS.);
#358 = CARTESIAN_POINT('',(0.,-1.570796326795));
#359 = CARTESIAN_POINT('',(0.,0.));
#360 = ( GEOMETRIC_REPRESENTATION_CONTEXT(2) 
PARAMETRIC_REPRESENTATION_CONTEXT() REPRESENTATION_CONTEXT('2D SPACE',''
  ) );
#361 = ORIENTED_EDGE('',*,*,#362,.T.);
#362 = EDGE_CURVE('',#341,#363,#365,.T.);
#363 = VERTEX_POINT('',#364);
#364 = CARTESIAN_POINT('',(-87.,86.470633948108,21.695602962379));
#365 = SURFACE_CURVE('',#366,(#370,#377),.PCURVE_S1.);
#366 = LINE('',#367,#368);
#367 = CARTESIAN_POINT('',(-87.,-1.110223024625E-16,8.));
#368 = VECTOR('',#369,1.);
#369 = DIRECTION('',(0.,0.987688340595,0.15643446504));
#370 = PCURVE('',#238,#371);
#371 = DEFINITIONAL_REPRESENTATION('',(#372),#376);
#372 = LINE('',#373,#374);
#373 = CARTESIAN_POINT('',(1.570796326795,0.));
#374 = VECTOR('',#375,1.);
#375 = DIRECTION('',(0.,1.));
#376 = ( GEOMETRIC_REPRESENTATION_CONTEXT(2) 
PARAMETRIC_REPRESENTATION_CONTEXT() REPRESENTATION_CONTEXT('2D SPACE',''
  ) );
#377 = PCURVE('',#378,#383);
#378 = PLANE('',#379);
#379 = AXIS2_PLACEMENT_3D('',#380,#381,#382);
#380 = CARTESIAN_POINT('',(-90.,0.,8.));
#381 = DIRECTION('',(0.,-0.15643446504,0.987688340595));
#382 = DIRECTION('',(0.,0.987688340595,0.15643446504));
#383 = DEFINITIONAL_REPRESENTATION('',(#384),#388);
#384 = LINE('',#385,#386);
#385 = CARTESIAN_POINT('',(-1.069719742223E-16,-3.));
#386 = VECTOR('',#387,1.);
#387 = DIRECTION('',(1.,0.));
#388 = ( GEOMETRIC_REPRESENTATION_CONTEXT(2) 
PARAMETRIC_REPRESENTATION_CONTEXT() REPRESENTATION_CONTEXT('2D SPACE',''
  ) );
#389 = ORIENTED_EDGE('',*,*,#390,.T.);
#390 = EDGE_CURVE('',#363,#197,#391,.T.);
#391 = SURFACE_CURVE('',#392,(#397,#410),.PCURVE_S1.);
#392 = ELLIPSE('',#393,3.43006220362,3.);
#393 = AXIS2_PLACEMENT_3D('',#394,#395,#396);
#394 = CARTESIAN_POINT('',(-87.,85.29748358161,18.472398820801));
#395 = DIRECTION('',(-1.076493605915E-16,-0.939692620786,0.342020143326)
  );
#396 = DIRECTION('',(-1.942045873314E-16,0.342020143326,0.939692620786)
  );
#397 = PCURVE('',#238,#398);
#398 = DEFINITIONAL_REPRESENTATION('',(#399),#409);
#399 = B_SPLINE_CURVE_WITH_KNOTS('',8,(#400,#401,#402,#403,#404,#405,
    #406,#407,#408),.UNSPECIFIED.,.F.,.F.,(9,9),(0.,1.570796326795),
  .PIECEWISE_BEZIER_KNOTS.);
#400 = CARTESIAN_POINT('',(1.570796326795,87.548501277239));
#401 = CARTESIAN_POINT('',(1.374446785946,87.548501277239));
#402 = CARTESIAN_POINT('',(1.178097245096,87.475231416183));
#403 = CARTESIAN_POINT('',(0.981747704248,87.328692317846));
#404 = CARTESIAN_POINT('',(0.785398163393,87.114907572073));
#405 = CARTESIAN_POINT('',(0.589048622549,86.845936607591));
#406 = CARTESIAN_POINT('',(0.392699081698,86.538604166635));
#407 = CARTESIAN_POINT('',(0.196349540849,86.212089106105));
#408 = CARTESIAN_POINT('',(0.,85.885574122881));
#409 = ( GEOMETRIC_REPRESENTATION_CONTEXT(2) 
PARAMETRIC_REPRESENTATION_CONTEXT() REPRESENTATION_CONTEXT('2D SPACE',''
  ) );
#410 = PCURVE('',#212,#411);
#411 = DEFINITIONAL_REPRESENTATION('',(#412),#416);
#412 = ELLIPSE('',#413,3.43006220362,3.);
#413 = AXIS2_PLACEMENT_2D('',#414,#415);
#414 = CARTESIAN_POINT('',(5.716770339367,87.));
#415 = DIRECTION('',(1.,1.518257904381E-32));
#416 = ( GEOMETRIC_REPRESENTATION_CONTEXT(2) 
PARAMETRIC_REPRESENTATION_CONTEXT() REPRESENTATION_CONTEXT('2D SPACE',''
  ) );
#417 = ADVANCED_FACE('',(#418),#212,.F.);
#418 = FACE_BOUND('',#419,.F.);
#419 = EDGE_LOOP('',(#420,#443,#471,#506,#527,#528));
#420 = ORIENTED_EDGE('',*,*,#421,.T.);
#421 = EDGE_CURVE('',#169,#422,#424,.T.);
#422 = VERTEX_POINT('',#423);
#423 = CARTESIAN_POINT('',(90.,83.34223297078,13.10039191817));
#424 = SURFACE_CURVE('',#425,(#429,#436),.PCURVE_S1.);
#425 = LINE('',#426,#427);
#426 = CARTESIAN_POINT('',(-91.,83.34223297078,13.10039191817));
#427 = VECTOR('',#428,1.);
#428 = DIRECTION('',(1.,-3.473542898652E-17,2.193108673765E-16));
#429 = PCURVE('',#212,#430);
#430 = DEFINITIONAL_REPRESENTATION('',(#431),#435);
#431 = LINE('',#432,#433);
#432 = CARTESIAN_POINT('',(1.91945571859E-14,91.));
#433 = VECTOR('',#434,1.);
#434 = DIRECTION('',(1.447299555557E-29,-1.));
#435 = ( GEOMETRIC_REPRESENTATION_CONTEXT(2) 
PARAMETRIC_REPRESENTATION_CONTEXT() REPRESENTATION_CONTEXT('2D SPACE',''
  ) );
#436 = PCURVE('',#184,#437);
#437 = DEFINITIONAL_REPRESENTATION('',(#438),#442);
#438 = LINE('',#439,#440);
#439 = CARTESIAN_POINT('',(10.,91.));
#440 = VECTOR('',#441,1.);
#441 = DIRECTION('',(5.023659735936E-29,-1.));
#442 = ( GEOMETRIC_REPRESENTATION_CONTEXT(2) 
PARAMETRIC_REPRESENTATION_CONTEXT() REPRESENTATION_CONTEXT('2D SPACE',''
  ) );
#443 = ORIENTED_EDGE('',*,*,#444,.F.);
#444 = EDGE_CURVE('',#445,#422,#447,.T.);
#445 = VERTEX_POINT('',#446);
#446 = CARTESIAN_POINT('',(90.,85.29748358161,18.472398820801));
#447 = SURFACE_CURVE('',#448,(#452,#459),.PCURVE_S1.);
#448 = LINE('',#449,#450);
#449 = CARTESIAN_POINT('',(90.,76.362445937424,-6.076415348578));
#450 = VECTOR('',#451,1.);
#451 = DIRECTION('',(0.,-0.342020143326,-0.939692620786));
#452 = PCURVE('',#212,#453);
#453 = DEFINITIONAL_REPRESENTATION('',(#454),#458);
#454 = LINE('',#455,#456);
#455 = CARTESIAN_POINT('',(-20.40753204032,-90.));
#456 = VECTOR('',#457,1.);
#457 = DIRECTION('',(-1.,1.942045873314E-16));
#458 = ( GEOMETRIC_REPRESENTATION_CONTEXT(2) 
PARAMETRIC_REPRESENTATION_CONTEXT() REPRESENTATION_CONTEXT('2D SPACE',''
  ) );
#459 = PCURVE('',#460,#465);
#460 = PLANE('',#461);
#461 = AXIS2_PLACEMENT_3D('',#462,#463,#464);
#462 = CARTESIAN_POINT('',(90.,0.,0.));
#463 = DIRECTION('',(1.,0.,0.));
#464 = DIRECTION('',(0.,0.,1.));
#465 = DEFINITIONAL_REPRESENTATION('',(#466),#470);
#466 = LINE('',#467,#468);
#467 = CARTESIAN_POINT('',(-6.076415348578,-76.36244593742));
#468 = VECTOR('',#469,1.);
#469 = DIRECTION('',(-0.939692620786,0.342020143326));
#470 = ( GEOMETRIC_REPRESENTATION_CONTEXT(2) 
PARAMETRIC_REPRESENTATION_CONTEXT() REPRESENTATION_CONTEXT('2D SPACE',''
  ) );
#471 = ORIENTED_EDGE('',*,*,#472,.T.);
#472 = EDGE_CURVE('',#445,#473,#475,.T.);
#473 = VERTEX_POINT('',#474);
#474 = CARTESIAN_POINT('',(87.,86.470633948108,21.695602962379));
#475 = SURFACE_CURVE('',#476,(#481,#488),.PCURVE_S1.);
#476 = ELLIPSE('',#477,3.43006220362,3.);
#477 = AXIS2_PLACEMENT_3D('',#478,#479,#480);
#478 = CARTESIAN_POINT('',(87.,85.29748358161,18.472398820801));
#479 = DIRECTION('',(-1.076493605915E-16,-0.939692620786,0.342020143326)
  );
#480 = DIRECTION('',(-1.942045873314E-16,0.342020143326,0.939692620786)
  );
#481 = PCURVE('',#212,#482);
#482 = DEFINITIONAL_REPRESENTATION('',(#483),#487);
#483 = ELLIPSE('',#484,3.43006220362,3.);
#484 = AXIS2_PLACEMENT_2D('',#485,#486);
#485 = CARTESIAN_POINT('',(5.716770339367,-87.));
#486 = DIRECTION('',(1.,1.518257904381E-32));
#487 = ( GEOMETRIC_REPRESENTATION_CONTEXT(2) 
PARAMETRIC_REPRESENTATION_CONTEXT() REPRESENTATION_CONTEXT('2D SPACE',''
  ) );
#488 = PCURVE('',#489,#494);
#489 = CYLINDRICAL_SURFACE('',#490,3.);
#490 = AXIS2_PLACEMENT_3D('',#491,#492,#493);
#491 = CARTESIAN_POINT('',(87.,0.469303395121,5.036934978215));
#492 = DIRECTION('',(0.,0.987688340595,0.15643446504));
#493 = DIRECTION('',(0.,-0.15643446504,0.987688340595));
#494 = DEFINITIONAL_REPRESENTATION('',(#495),#505);
#495 = B_SPLINE_CURVE_WITH_KNOTS('',8,(#496,#497,#498,#499,#500,#501,
    #502,#503,#504),.UNSPECIFIED.,.F.,.F.,(9,9),(4.712388980385,
    6.28318530718),.PIECEWISE_BEZIER_KNOTS.);
#496 = CARTESIAN_POINT('',(1.570796326795,85.885574122881));
#497 = CARTESIAN_POINT('',(1.374446785946,86.212089106105));
#498 = CARTESIAN_POINT('',(1.178097245095,86.538604166702));
#499 = CARTESIAN_POINT('',(0.981747704248,86.845936607252));
#500 = CARTESIAN_POINT('',(0.785398163394,87.114907572554));
#501 = CARTESIAN_POINT('',(0.589048622549,87.328692317496));
#502 = CARTESIAN_POINT('',(0.392699081698,87.475231416256));
#503 = CARTESIAN_POINT('',(0.196349540849,87.548501277239));
#504 = CARTESIAN_POINT('',(0.,87.548501277239));
#505 = ( GEOMETRIC_REPRESENTATION_CONTEXT(2) 
PARAMETRIC_REPRESENTATION_CONTEXT() REPRESENTATION_CONTEXT('2D SPACE',''
  ) );
#506 = ORIENTED_EDGE('',*,*,#507,.F.);
#507 = EDGE_CURVE('',#363,#473,#508,.T.);
#508 = SURFACE_CURVE('',#509,(#513,#520),.PCURVE_S1.);
#509 = LINE('',#510,#511);
#510 = CARTESIAN_POINT('',(-45.,86.470633948108,21.695602962379));
#511 = VECTOR('',#512,1.);
#512 = DIRECTION('',(1.,-1.215659988688E-16,-1.925416269332E-17));
#513 = PCURVE('',#212,#514);
#514 = DEFINITIONAL_REPRESENTATION('',(#515),#519);
#515 = LINE('',#516,#517);
#516 = CARTESIAN_POINT('',(9.146832542987,45.));
#517 = VECTOR('',#518,1.);
#518 = DIRECTION('',(-2.538756022904E-16,-1.));
#519 = ( GEOMETRIC_REPRESENTATION_CONTEXT(2) 
PARAMETRIC_REPRESENTATION_CONTEXT() REPRESENTATION_CONTEXT('2D SPACE',''
  ) );
#520 = PCURVE('',#378,#521);
#521 = DEFINITIONAL_REPRESENTATION('',(#522),#526);
#522 = LINE('',#523,#524);
#523 = CARTESIAN_POINT('',(87.54850127724,-45.));
#524 = VECTOR('',#525,1.);
#525 = DIRECTION('',(-1.230813343362E-16,-1.));
#526 = ( GEOMETRIC_REPRESENTATION_CONTEXT(2) 
PARAMETRIC_REPRESENTATION_CONTEXT() REPRESENTATION_CONTEXT('2D SPACE',''
  ) );
#527 = ORIENTED_EDGE('',*,*,#390,.T.);
#528 = ORIENTED_EDGE('',*,*,#196,.T.);
#529 = ADVANCED_FACE('',(#530),#184,.F.);
#530 = FACE_BOUND('',#531,.F.);
#531 = EDGE_LOOP('',(#532,#562,#583,#584,#585,#608));
#532 = ORIENTED_EDGE('',*,*,#533,.F.);
#533 = EDGE_CURVE('',#534,#536,#538,.T.);
#534 = VERTEX_POINT('',#535);
#535 = CARTESIAN_POINT('',(90.,93.219116376731,14.664736568572));
#536 = VERTEX_POINT('',#537);
#537 = CARTESIAN_POINT('',(-89.2360679775,93.219116376731,
    14.664736568572));
#538 = SURFACE_CURVE('',#539,(#543,#550),.PCURVE_S1.);
#539 = LINE('',#540,#541);
#540 = CARTESIAN_POINT('',(91.,93.219116376731,14.664736568572));
#541 = VECTOR('',#542,1.);
#542 = DIRECTION('',(-1.,3.473542898652E-17,-2.193108673765E-16));
#543 = PCURVE('',#184,#544);
#544 = DEFINITIONAL_REPRESENTATION('',(#545),#549);
#545 = LINE('',#546,#547);
#546 = CARTESIAN_POINT('',(-3.056717750809E-15,-91.));
#547 = VECTOR('',#548,1.);
#548 = DIRECTION('',(-5.023659735936E-29,1.));
#549 = ( GEOMETRIC_REPRESENTATION_CONTEXT(2) 
PARAMETRIC_REPRESENTATION_CONTEXT() REPRESENTATION_CONTEXT('2D SPACE',''
  ) );
#550 = PCURVE('',#551,#556);
#551 = PLANE('',#552);
#552 = AXIS2_PLACEMENT_3D('',#553,#554,#555);
#553 = CARTESIAN_POINT('',(-2.22044604925E-17,96.386622366276,
    23.367387750834));
#554 = DIRECTION('',(1.076493605915E-16,0.939692620786,-0.342020143326)
  );
#555 = DIRECTION('',(1.942045873314E-16,-0.342020143326,-0.939692620786)
  );
#556 = DEFINITIONAL_REPRESENTATION('',(#557),#561);
#557 = LINE('',#558,#559);
#558 = CARTESIAN_POINT('',(9.261167949774,-91.));
#559 = VECTOR('',#560,1.);
#560 = DIRECTION('',(1.447299555557E-29,1.));
#561 = ( GEOMETRIC_REPRESENTATION_CONTEXT(2) 
PARAMETRIC_REPRESENTATION_CONTEXT() REPRESENTATION_CONTEXT('2D SPACE',''
  ) );
#562 = ORIENTED_EDGE('',*,*,#563,.F.);
#563 = EDGE_CURVE('',#422,#534,#564,.T.);
#564 = SURFACE_CURVE('',#565,(#569,#576),.PCURVE_S1.);
#565 = LINE('',#566,#567);
#566 = CARTESIAN_POINT('',(90.,46.617262059777,7.283727954496));
#567 = VECTOR('',#568,1.);
#568 = DIRECTION('',(-0.,0.987688340595,0.15643446504));
#569 = PCURVE('',#184,#570);
#570 = DEFINITIONAL_REPRESENTATION('',(#571),#575);
#571 = LINE('',#572,#573);
#572 = CARTESIAN_POINT('',(47.182752292969,-90.));
#573 = VECTOR('',#574,1.);
#574 = DIRECTION('',(-1.,-1.159969031427E-32));
#575 = ( GEOMETRIC_REPRESENTATION_CONTEXT(2) 
PARAMETRIC_REPRESENTATION_CONTEXT() REPRESENTATION_CONTEXT('2D SPACE',''
  ) );
#576 = PCURVE('',#460,#577);
#577 = DEFINITIONAL_REPRESENTATION('',(#578),#582);
#578 = LINE('',#579,#580);
#579 = CARTESIAN_POINT('',(7.283727954496,-46.61726205977));
#580 = VECTOR('',#581,1.);
#581 = DIRECTION('',(0.15643446504,-0.987688340595));
#582 = ( GEOMETRIC_REPRESENTATION_CONTEXT(2) 
PARAMETRIC_REPRESENTATION_CONTEXT() REPRESENTATION_CONTEXT('2D SPACE',''
  ) );
#583 = ORIENTED_EDGE('',*,*,#421,.F.);
#584 = ORIENTED_EDGE('',*,*,#168,.T.);
#585 = ORIENTED_EDGE('',*,*,#586,.F.);
#586 = EDGE_CURVE('',#587,#141,#589,.T.);
#587 = VERTEX_POINT('',#588);
#588 = CARTESIAN_POINT('',(-89.2360679775,92.660551371406,
    14.576268562819));
#589 = SURFACE_CURVE('',#590,(#594,#601),.PCURVE_S1.);
#590 = LINE('',#591,#592);
#591 = CARTESIAN_POINT('',(-45.5,92.660551371405,14.576268562819));
#592 = VECTOR('',#593,1.);
#593 = DIRECTION('',(-1.,3.473542898652E-17,-2.193108673765E-16));
#594 = PCURVE('',#184,#595);
#595 = DEFINITIONAL_REPRESENTATION('',(#596),#600);
#596 = LINE('',#597,#598);
#597 = CARTESIAN_POINT('',(0.565527588378,45.5));
#598 = VECTOR('',#599,1.);
#599 = DIRECTION('',(-5.023659735936E-29,1.));
#600 = ( GEOMETRIC_REPRESENTATION_CONTEXT(2) 
PARAMETRIC_REPRESENTATION_CONTEXT() REPRESENTATION_CONTEXT('2D SPACE',''
  ) );
#601 = PCURVE('',#156,#602);
#602 = DEFINITIONAL_REPRESENTATION('',(#603),#607);
#603 = LINE('',#604,#605);
#604 = CARTESIAN_POINT('',(-1.,45.5));
#605 = VECTOR('',#606,1.);
#606 = DIRECTION('',(-2.22044604925E-16,-1.));
#607 = ( GEOMETRIC_REPRESENTATION_CONTEXT(2) 
PARAMETRIC_REPRESENTATION_CONTEXT() REPRESENTATION_CONTEXT('2D SPACE',''
  ) );
#608 = ORIENTED_EDGE('',*,*,#609,.F.);
#609 = EDGE_CURVE('',#536,#587,#610,.T.);
#610 = SURFACE_CURVE('',#611,(#615,#622),.PCURVE_S1.);
#611 = LINE('',#612,#613);
#612 = CARTESIAN_POINT('',(-89.2360679775,128.10997871814,
    20.190906272957));
#613 = VECTOR('',#614,1.);
#614 = DIRECTION('',(0.,-0.987688340595,-0.15643446504));
#615 = PCURVE('',#184,#616);
#616 = DEFINITIONAL_REPRESENTATION('',(#617),#621);
#617 = LINE('',#618,#619);
#618 = CARTESIAN_POINT('',(-35.32578132934,89.2360679775));
#619 = VECTOR('',#620,1.);
#620 = DIRECTION('',(1.,1.159969031427E-32));
#621 = ( GEOMETRIC_REPRESENTATION_CONTEXT(2) 
PARAMETRIC_REPRESENTATION_CONTEXT() REPRESENTATION_CONTEXT('2D SPACE',''
  ) );
#622 = PCURVE('',#128,#623);
#623 = DEFINITIONAL_REPRESENTATION('',(#624),#627);
#624 = B_SPLINE_CURVE_WITH_KNOTS('',1,(#625,#626),.UNSPECIFIED.,.F.,.F.,
  (2,2),(34.32578132935,35.891309517728),.PIECEWISE_BEZIER_KNOTS.);
#625 = CARTESIAN_POINT('',(5.553457650953,34.32578132935));
#626 = CARTESIAN_POINT('',(5.553457650953,35.891309517728));
#627 = ( GEOMETRIC_REPRESENTATION_CONTEXT(2) 
PARAMETRIC_REPRESENTATION_CONTEXT() REPRESENTATION_CONTEXT('2D SPACE',''
  ) );
#628 = ADVANCED_FACE('',(#629),#156,.T.);
#629 = FACE_BOUND('',#630,.T.);
#630 = EDGE_LOOP('',(#631,#632,#654));
#631 = ORIENTED_EDGE('',*,*,#586,.F.);
#632 = ORIENTED_EDGE('',*,*,#633,.F.);
#633 = EDGE_CURVE('',#113,#587,#634,.T.);
#634 = SURFACE_CURVE('',#635,(#640,#647),.PCURVE_S1.);
#635 = CIRCLE('',#636,3.);
#636 = AXIS2_PLACEMENT_3D('',#637,#638,#639);
#637 = CARTESIAN_POINT('',(-87.,92.973420301486,12.600891881629));
#638 = DIRECTION('',(0.,0.987688340595,0.15643446504));
#639 = DIRECTION('',(0.,0.15643446504,-0.987688340595));
#640 = PCURVE('',#156,#641);
#641 = DEFINITIONAL_REPRESENTATION('',(#642),#646);
#642 = CIRCLE('',#643,3.);
#643 = AXIS2_PLACEMENT_2D('',#644,#645);
#644 = CARTESIAN_POINT('',(-3.,4.));
#645 = DIRECTION('',(-1.,0.));
#646 = ( GEOMETRIC_REPRESENTATION_CONTEXT(2) 
PARAMETRIC_REPRESENTATION_CONTEXT() REPRESENTATION_CONTEXT('2D SPACE',''
  ) );
#647 = PCURVE('',#128,#648);
#648 = DEFINITIONAL_REPRESENTATION('',(#649),#653);
#649 = LINE('',#650,#651);
#650 = CARTESIAN_POINT('',(7.853981633975,35.891308917728));
#651 = VECTOR('',#652,1.);
#652 = DIRECTION('',(-1.,0.));
#653 = ( GEOMETRIC_REPRESENTATION_CONTEXT(2) 
PARAMETRIC_REPRESENTATION_CONTEXT() REPRESENTATION_CONTEXT('2D SPACE',''
  ) );
#654 = ORIENTED_EDGE('',*,*,#140,.F.);
#655 = ADVANCED_FACE('',(#656),#128,.T.);
#656 = FACE_BOUND('',#657,.T.);
#657 = EDGE_LOOP('',(#658,#659,#660,#689,#717,#742));
#658 = ORIENTED_EDGE('',*,*,#633,.T.);
#659 = ORIENTED_EDGE('',*,*,#609,.F.);
#660 = ORIENTED_EDGE('',*,*,#661,.T.);
#661 = EDGE_CURVE('',#536,#662,#664,.T.);
#662 = VERTEX_POINT('',#663);
#663 = CARTESIAN_POINT('',(-87.,93.610166498897,15.739137949098));
#664 = SURFACE_CURVE('',#665,(#670,#682),.PCURVE_S1.);
#665 = ELLIPSE('',#666,3.43006220362,3.);
#666 = AXIS2_PLACEMENT_3D('',#667,#668,#669);
#667 = CARTESIAN_POINT('',(-87.,92.437016132399,12.51593380752));
#668 = DIRECTION('',(1.076493605915E-16,0.939692620786,-0.342020143326)
  );
#669 = DIRECTION('',(1.942045873314E-16,-0.342020143326,-0.939692620786)
  );
#670 = PCURVE('',#128,#671);
#671 = DEFINITIONAL_REPRESENTATION('',(#672),#681);
#672 = B_SPLINE_CURVE_WITH_KNOTS('',7,(#673,#674,#675,#676,#677,#678,
    #679,#680),.UNSPECIFIED.,.F.,.F.,(8,8),(2.300523983022,3.14159265359
    ),.PIECEWISE_BEZIER_KNOTS.);
#673 = CARTESIAN_POINT('',(5.553457652165,35.325781320556));
#674 = CARTESIAN_POINT('',(5.433304984768,35.176855367877));
#675 = CARTESIAN_POINT('',(5.313152317371,35.046601646357));
#676 = CARTESIAN_POINT('',(5.192999649973,34.938531807328));
#677 = CARTESIAN_POINT('',(5.072846982576,34.855496921176));
#678 = CARTESIAN_POINT('',(4.952694315179,34.799480677771));
#679 = CARTESIAN_POINT('',(4.832541647782,34.771472277898));
#680 = CARTESIAN_POINT('',(4.712388980385,34.771472277898));
#681 = ( GEOMETRIC_REPRESENTATION_CONTEXT(2) 
PARAMETRIC_REPRESENTATION_CONTEXT() REPRESENTATION_CONTEXT('2D SPACE',''
  ) );
#682 = PCURVE('',#551,#683);
#683 = DEFINITIONAL_REPRESENTATION('',(#684),#688);
#684 = ELLIPSE('',#685,3.43006220362,3.);
#685 = AXIS2_PLACEMENT_2D('',#686,#687);
#686 = CARTESIAN_POINT('',(11.547876085521,87.));
#687 = DIRECTION('',(1.,-1.518257904381E-32));
#688 = ( GEOMETRIC_REPRESENTATION_CONTEXT(2) 
PARAMETRIC_REPRESENTATION_CONTEXT() REPRESENTATION_CONTEXT('2D SPACE',''
  ) );
#689 = ORIENTED_EDGE('',*,*,#690,.F.);
#690 = EDGE_CURVE('',#691,#662,#693,.T.);
#691 = VERTEX_POINT('',#692);
#692 = CARTESIAN_POINT('',(-87.,124.48424085798,20.629110937));
#693 = SURFACE_CURVE('',#694,(#698,#705),.PCURVE_S1.);
#694 = LINE('',#695,#696);
#695 = CARTESIAN_POINT('',(-87.,127.9535442531,21.178594613553));
#696 = VECTOR('',#697,1.);
#697 = DIRECTION('',(0.,-0.987688340595,-0.15643446504));
#698 = PCURVE('',#128,#699);
#699 = DEFINITIONAL_REPRESENTATION('',(#700),#704);
#700 = LINE('',#701,#702);
#701 = CARTESIAN_POINT('',(4.712388980385,0.));
#702 = VECTOR('',#703,1.);
#703 = DIRECTION('',(-0.,1.));
#704 = ( GEOMETRIC_REPRESENTATION_CONTEXT(2) 
PARAMETRIC_REPRESENTATION_CONTEXT() REPRESENTATION_CONTEXT('2D SPACE',''
  ) );
#705 = PCURVE('',#706,#711);
#706 = PLANE('',#707);
#707 = AXIS2_PLACEMENT_3D('',#708,#709,#710);
#708 = CARTESIAN_POINT('',(-91.,92.504116906365,15.563956903414));
#709 = DIRECTION('',(0.,-0.15643446504,0.987688340595));
#710 = DIRECTION('',(1.,0.,0.));
#711 = DEFINITIONAL_REPRESENTATION('',(#712),#716);
#712 = LINE('',#713,#714);
#713 = CARTESIAN_POINT('',(4.,35.891308917725));
#714 = VECTOR('',#715,1.);
#715 = DIRECTION('',(0.,-1.));
#716 = ( GEOMETRIC_REPRESENTATION_CONTEXT(2) 
PARAMETRIC_REPRESENTATION_CONTEXT() REPRESENTATION_CONTEXT('2D SPACE',''
  ) );
#717 = ORIENTED_EDGE('',*,*,#718,.F.);
#718 = EDGE_CURVE('',#85,#691,#719,.T.);
#719 = SURFACE_CURVE('',#720,(#725,#731),.PCURVE_S1.);
#720 = CIRCLE('',#721,3.);
#721 = AXIS2_PLACEMENT_3D('',#722,#723,#724);
#722 = CARTESIAN_POINT('',(-87.,124.9535442531,17.666045915215));
#723 = DIRECTION('',(0.,0.987688340595,0.15643446504));
#724 = DIRECTION('',(0.,-0.15643446504,0.987688340595));
#725 = PCURVE('',#128,#726);
#726 = DEFINITIONAL_REPRESENTATION('',(#727),#730);
#727 = B_SPLINE_CURVE_WITH_KNOTS('',1,(#728,#729),.UNSPECIFIED.,.F.,.F.,
  (2,2),(4.712388980385,6.28318530718),.PIECEWISE_BEZIER_KNOTS.);
#728 = CARTESIAN_POINT('',(6.28318530718,3.512548698338));
#729 = CARTESIAN_POINT('',(4.712388980385,3.512548698338));
#730 = ( GEOMETRIC_REPRESENTATION_CONTEXT(2) 
PARAMETRIC_REPRESENTATION_CONTEXT() REPRESENTATION_CONTEXT('2D SPACE',''
  ) );
#731 = PCURVE('',#732,#737);
#732 = SPHERICAL_SURFACE('',#733,3.);
#733 = AXIS2_PLACEMENT_3D('',#734,#735,#736);
#734 = CARTESIAN_POINT('',(-87.,124.9535442531,17.666045915215));
#735 = DIRECTION('',(1.,0.,-0.));
#736 = DIRECTION('',(0.,-0.15643446504,0.987688340595));
#737 = DEFINITIONAL_REPRESENTATION('',(#738),#741);
#738 = B_SPLINE_CURVE_WITH_KNOTS('',1,(#739,#740),.UNSPECIFIED.,.F.,.F.,
  (2,2),(4.712388980385,6.28318530718),.PIECEWISE_BEZIER_KNOTS.);
#739 = CARTESIAN_POINT('',(6.28318530718,-1.570796326795));
#740 = CARTESIAN_POINT('',(6.28318530718,0.));
#741 = ( GEOMETRIC_REPRESENTATION_CONTEXT(2) 
PARAMETRIC_REPRESENTATION_CONTEXT() REPRESENTATION_CONTEXT('2D SPACE',''
  ) );
#742 = ORIENTED_EDGE('',*,*,#112,.T.);
#743 = ADVANCED_FACE('',(#744),#100,.T.);
#744 = FACE_BOUND('',#745,.T.);
#745 = EDGE_LOOP('',(#746,#768,#796,#823));
#746 = ORIENTED_EDGE('',*,*,#747,.T.);
#747 = EDGE_CURVE('',#85,#748,#750,.T.);
#748 = VERTEX_POINT('',#749);
#749 = CARTESIAN_POINT('',(-87.,127.9535442531,17.666045915215));
#750 = SURFACE_CURVE('',#751,(#756,#762),.PCURVE_S1.);
#751 = CIRCLE('',#752,3.);
#752 = AXIS2_PLACEMENT_3D('',#753,#754,#755);
#753 = CARTESIAN_POINT('',(-87.,124.9535442531,17.666045915215));
#754 = DIRECTION('',(-0.,4.718447854657E-16,-1.));
#755 = DIRECTION('',(0.,1.,4.718447854657E-16));
#756 = PCURVE('',#100,#757);
#757 = DEFINITIONAL_REPRESENTATION('',(#758),#761);
#758 = B_SPLINE_CURVE_WITH_KNOTS('',1,(#759,#760),.UNSPECIFIED.,.F.,.F.,
  (2,2),(4.712388980385,6.28318530718),.PIECEWISE_BEZIER_KNOTS.);
#759 = CARTESIAN_POINT('',(6.28318530718,17.666045915215));
#760 = CARTESIAN_POINT('',(4.712388980385,17.666045915215));
#761 = ( GEOMETRIC_REPRESENTATION_CONTEXT(2) 
PARAMETRIC_REPRESENTATION_CONTEXT() REPRESENTATION_CONTEXT('2D SPACE',''
  ) );
#762 = PCURVE('',#732,#763);
#763 = DEFINITIONAL_REPRESENTATION('',(#764),#767);
#764 = B_SPLINE_CURVE_WITH_KNOTS('',1,(#765,#766),.UNSPECIFIED.,.F.,.F.,
  (2,2),(4.712388980385,6.28318530718),.PIECEWISE_BEZIER_KNOTS.);
#765 = CARTESIAN_POINT('',(4.555309347706,-1.570796326795));
#766 = CARTESIAN_POINT('',(4.555309347706,0.));
#767 = ( GEOMETRIC_REPRESENTATION_CONTEXT(2) 
PARAMETRIC_REPRESENTATION_CONTEXT() REPRESENTATION_CONTEXT('2D SPACE',''
  ) );
#768 = ORIENTED_EDGE('',*,*,#769,.F.);
#769 = EDGE_CURVE('',#770,#748,#772,.T.);
#770 = VERTEX_POINT('',#771);
#771 = CARTESIAN_POINT('',(-87.,127.9535442531,0.5));
#772 = SURFACE_CURVE('',#773,(#777,#784),.PCURVE_S1.);
#773 = LINE('',#774,#775);
#774 = CARTESIAN_POINT('',(-87.,127.9535442531,0.));
#775 = VECTOR('',#776,1.);
#776 = DIRECTION('',(0.,0.,1.));
#777 = PCURVE('',#100,#778);
#778 = DEFINITIONAL_REPRESENTATION('',(#779),#783);
#779 = LINE('',#780,#781);
#780 = CARTESIAN_POINT('',(4.712388980385,0.));
#781 = VECTOR('',#782,1.);
#782 = DIRECTION('',(-0.,1.));
#783 = ( GEOMETRIC_REPRESENTATION_CONTEXT(2) 
PARAMETRIC_REPRESENTATION_CONTEXT() REPRESENTATION_CONTEXT('2D SPACE',''
  ) );
#784 = PCURVE('',#785,#790);
#785 = PLANE('',#786);
#786 = AXIS2_PLACEMENT_3D('',#787,#788,#789);
#787 = CARTESIAN_POINT('',(-90.,127.9535442531,0.));
#788 = DIRECTION('',(0.,1.,0.));
#789 = DIRECTION('',(0.,-0.,1.));
#790 = DEFINITIONAL_REPRESENTATION('',(#791),#795);
#791 = LINE('',#792,#793);
#792 = CARTESIAN_POINT('',(0.,3.));
#793 = VECTOR('',#794,1.);
#794 = DIRECTION('',(1.,0.));
#795 = ( GEOMETRIC_REPRESENTATION_CONTEXT(2) 
PARAMETRIC_REPRESENTATION_CONTEXT() REPRESENTATION_CONTEXT('2D SPACE',''
  ) );
#796 = ORIENTED_EDGE('',*,*,#797,.F.);
#797 = EDGE_CURVE('',#57,#770,#798,.T.);
#798 = SURFACE_CURVE('',#799,(#804,#811),.PCURVE_S1.);
#799 = CIRCLE('',#800,3.);
#800 = AXIS2_PLACEMENT_3D('',#801,#802,#803);
#801 = CARTESIAN_POINT('',(-87.,124.9535442531,0.5));
#802 = DIRECTION('',(0.,0.,-1.));
#803 = DIRECTION('',(-1.,0.,0.));
#804 = PCURVE('',#100,#805);
#805 = DEFINITIONAL_REPRESENTATION('',(#806),#810);
#806 = LINE('',#807,#808);
#807 = CARTESIAN_POINT('',(6.28318530718,0.5));
#808 = VECTOR('',#809,1.);
#809 = DIRECTION('',(-1.,0.));
#810 = ( GEOMETRIC_REPRESENTATION_CONTEXT(2) 
PARAMETRIC_REPRESENTATION_CONTEXT() REPRESENTATION_CONTEXT('2D SPACE',''
  ) );
#811 = PCURVE('',#812,#817);
#812 = CONICAL_SURFACE('',#813,3.,0.785398163397);
#813 = AXIS2_PLACEMENT_3D('',#814,#815,#816);
#814 = CARTESIAN_POINT('',(-87.,124.9535442531,0.5));
#815 = DIRECTION('',(0.,0.,1.));
#816 = DIRECTION('',(-1.,0.,0.));
#817 = DEFINITIONAL_REPRESENTATION('',(#818),#822);
#818 = LINE('',#819,#820);
#819 = CARTESIAN_POINT('',(6.28318530718,0.));
#820 = VECTOR('',#821,1.);
#821 = DIRECTION('',(-1.,-0.));
#822 = ( GEOMETRIC_REPRESENTATION_CONTEXT(2) 
PARAMETRIC_REPRESENTATION_CONTEXT() REPRESENTATION_CONTEXT('2D SPACE',''
  ) );
#823 = ORIENTED_EDGE('',*,*,#84,.T.);
#824 = ADVANCED_FACE('',(#825),#72,.T.);
#825 = FACE_BOUND('',#826,.T.);
#826 = EDGE_LOOP('',(#827,#849,#850,#872));
#827 = ORIENTED_EDGE('',*,*,#828,.F.);
#828 = EDGE_CURVE('',#22,#829,#831,.T.);
#829 = VERTEX_POINT('',#830);
#830 = CARTESIAN_POINT('',(-89.5,3.,2.997602166488E-15));
#831 = SURFACE_CURVE('',#832,(#836,#843),.PCURVE_S1.);
#832 = LINE('',#833,#834);
#833 = CARTESIAN_POINT('',(-89.75,3.,0.25));
#834 = VECTOR('',#835,1.);
#835 = DIRECTION('',(0.707106781187,-2.908827630388E-35,-0.707106781187)
  );
#836 = PCURVE('',#72,#837);
#837 = DEFINITIONAL_REPRESENTATION('',(#838),#842);
#838 = LINE('',#839,#840);
#839 = CARTESIAN_POINT('',(0.,0.));
#840 = VECTOR('',#841,1.);
#841 = DIRECTION('',(-1.664248286633E-34,1.));
#842 = ( GEOMETRIC_REPRESENTATION_CONTEXT(2) 
PARAMETRIC_REPRESENTATION_CONTEXT() REPRESENTATION_CONTEXT('2D SPACE',''
  ) );
#843 = PCURVE('',#271,#844);
#844 = DEFINITIONAL_REPRESENTATION('',(#845),#848);
#845 = B_SPLINE_CURVE_WITH_KNOTS('',1,(#846,#847),.UNSPECIFIED.,.F.,.F.,
  (2,2),(-0.353553390593,0.353553390593),.PIECEWISE_BEZIER_KNOTS.);
#846 = CARTESIAN_POINT('',(4.712388980385,0.));
#847 = CARTESIAN_POINT('',(4.712388980385,-0.5));
#848 = ( GEOMETRIC_REPRESENTATION_CONTEXT(2) 
PARAMETRIC_REPRESENTATION_CONTEXT() REPRESENTATION_CONTEXT('2D SPACE',''
  ) );
#849 = ORIENTED_EDGE('',*,*,#56,.T.);
#850 = ORIENTED_EDGE('',*,*,#851,.T.);
#851 = EDGE_CURVE('',#57,#852,#854,.T.);
#852 = VERTEX_POINT('',#853);
#853 = CARTESIAN_POINT('',(-89.5,124.9535442531,2.831068712794E-15));
#854 = SURFACE_CURVE('',#855,(#859,#866),.PCURVE_S1.);
#855 = LINE('',#856,#857);
#856 = CARTESIAN_POINT('',(-89.75,124.9535442531,0.25));
#857 = VECTOR('',#858,1.);
#858 = DIRECTION('',(0.707106781187,-2.908827630388E-35,-0.707106781187)
  );
#859 = PCURVE('',#72,#860);
#860 = DEFINITIONAL_REPRESENTATION('',(#861),#865);
#861 = LINE('',#862,#863);
#862 = CARTESIAN_POINT('',(121.9535442531,1.177569344013E-16));
#863 = VECTOR('',#864,1.);
#864 = DIRECTION('',(-1.664248286633E-34,1.));
#865 = ( GEOMETRIC_REPRESENTATION_CONTEXT(2) 
PARAMETRIC_REPRESENTATION_CONTEXT() REPRESENTATION_CONTEXT('2D SPACE',''
  ) );
#866 = PCURVE('',#812,#867);
#867 = DEFINITIONAL_REPRESENTATION('',(#868),#871);
#868 = B_SPLINE_CURVE_WITH_KNOTS('',1,(#869,#870),.UNSPECIFIED.,.F.,.F.,
  (2,2),(-0.353553390593,0.353553390593),.PIECEWISE_BEZIER_KNOTS.);
#869 = CARTESIAN_POINT('',(6.28318530718,0.));
#870 = CARTESIAN_POINT('',(6.28318530718,-0.5));
#871 = ( GEOMETRIC_REPRESENTATION_CONTEXT(2) 
PARAMETRIC_REPRESENTATION_CONTEXT() REPRESENTATION_CONTEXT('2D SPACE',''
  ) );
#872 = ORIENTED_EDGE('',*,*,#873,.F.);
#873 = EDGE_CURVE('',#829,#852,#874,.T.);
#874 = SURFACE_CURVE('',#875,(#879,#886),.PCURVE_S1.);
#875 = LINE('',#876,#877);
#876 = CARTESIAN_POINT('',(-89.5,3.,0.));
#877 = VECTOR('',#878,1.);
#878 = DIRECTION('',(0.,1.,0.));
#879 = PCURVE('',#72,#880);
#880 = DEFINITIONAL_REPRESENTATION('',(#881),#885);
#881 = LINE('',#882,#883);
#882 = CARTESIAN_POINT('',(0.,0.353553390593));
#883 = VECTOR('',#884,1.);
#884 = DIRECTION('',(1.,-3.02410162867E-35));
#885 = ( GEOMETRIC_REPRESENTATION_CONTEXT(2) 
PARAMETRIC_REPRESENTATION_CONTEXT() REPRESENTATION_CONTEXT('2D SPACE',''
  ) );
#886 = PCURVE('',#887,#892);
#887 = PLANE('',#888);
#888 = AXIS2_PLACEMENT_3D('',#889,#890,#891);
#889 = CARTESIAN_POINT('',(-90.,0.,0.));
#890 = DIRECTION('',(0.,0.,1.));
#891 = DIRECTION('',(1.,0.,-0.));
#892 = DEFINITIONAL_REPRESENTATION('',(#893),#897);
#893 = LINE('',#894,#895);
#894 = CARTESIAN_POINT('',(0.5,3.));
#895 = VECTOR('',#896,1.);
#896 = DIRECTION('',(0.,1.));
#897 = ( GEOMETRIC_REPRESENTATION_CONTEXT(2) 
PARAMETRIC_REPRESENTATION_CONTEXT() REPRESENTATION_CONTEXT('2D SPACE',''
  ) );
#898 = ADVANCED_FACE('',(#899),#271,.T.);
#899 = FACE_BOUND('',#900,.T.);
#900 = EDGE_LOOP('',(#901,#928,#929,#930));
#901 = ORIENTED_EDGE('',*,*,#902,.F.);
#902 = EDGE_CURVE('',#255,#903,#905,.T.);
#903 = VERTEX_POINT('',#904);
#904 = CARTESIAN_POINT('',(-87.,0.5,1.665334536938E-16));
#905 = SURFACE_CURVE('',#906,(#910,#916),.PCURVE_S1.);
#906 = LINE('',#907,#908);
#907 = CARTESIAN_POINT('',(-87.,0.25,0.25));
#908 = VECTOR('',#909,1.);
#909 = DIRECTION('',(2.908827630388E-35,0.707106781187,-0.707106781187)
  );
#910 = PCURVE('',#271,#911);
#911 = DEFINITIONAL_REPRESENTATION('',(#912),#915);
#912 = B_SPLINE_CURVE_WITH_KNOTS('',1,(#913,#914),.UNSPECIFIED.,.F.,.F.,
  (2,2),(-0.353553390593,0.353553390593),.PIECEWISE_BEZIER_KNOTS.);
#913 = CARTESIAN_POINT('',(6.28318530718,0.));
#914 = CARTESIAN_POINT('',(6.28318530718,-0.5));
#915 = ( GEOMETRIC_REPRESENTATION_CONTEXT(2) 
PARAMETRIC_REPRESENTATION_CONTEXT() REPRESENTATION_CONTEXT('2D SPACE',''
  ) );
#916 = PCURVE('',#917,#922);
#917 = PLANE('',#918);
#918 = AXIS2_PLACEMENT_3D('',#919,#920,#921);
#919 = CARTESIAN_POINT('',(87.,0.25,0.25));
#920 = DIRECTION('',(-1.889513820522E-18,-0.707106781187,-0.707106781187
    ));
#921 = DIRECTION('',(-1.,1.336088035637E-18,1.336088035637E-18));
#922 = DEFINITIONAL_REPRESENTATION('',(#923),#927);
#923 = LINE('',#924,#925);
#924 = CARTESIAN_POINT('',(174.,0.));
#925 = VECTOR('',#926,1.);
#926 = DIRECTION('',(-2.616816577538E-35,1.));
#927 = ( GEOMETRIC_REPRESENTATION_CONTEXT(2) 
PARAMETRIC_REPRESENTATION_CONTEXT() REPRESENTATION_CONTEXT('2D SPACE',''
  ) );
#928 = ORIENTED_EDGE('',*,*,#254,.T.);
#929 = ORIENTED_EDGE('',*,*,#828,.T.);
#930 = ORIENTED_EDGE('',*,*,#931,.F.);
#931 = EDGE_CURVE('',#903,#829,#932,.T.);
#932 = SURFACE_CURVE('',#933,(#938,#945),.PCURVE_S1.);
#933 = CIRCLE('',#934,2.5);
#934 = AXIS2_PLACEMENT_3D('',#935,#936,#937);
#935 = CARTESIAN_POINT('',(-87.,3.,0.));
#936 = DIRECTION('',(-0.,-0.,-1.));
#937 = DIRECTION('',(0.,-1.,0.));
#938 = PCURVE('',#271,#939);
#939 = DEFINITIONAL_REPRESENTATION('',(#940),#944);
#940 = LINE('',#941,#942);
#941 = CARTESIAN_POINT('',(6.28318530718,-0.5));
#942 = VECTOR('',#943,1.);
#943 = DIRECTION('',(-1.,-0.));
#944 = ( GEOMETRIC_REPRESENTATION_CONTEXT(2) 
PARAMETRIC_REPRESENTATION_CONTEXT() REPRESENTATION_CONTEXT('2D SPACE',''
  ) );
#945 = PCURVE('',#887,#946);
#946 = DEFINITIONAL_REPRESENTATION('',(#947),#955);
#947 = ( BOUNDED_CURVE() B_SPLINE_CURVE(2,(#948,#949,#950,#951,#952,#953
,#954),.UNSPECIFIED.,.T.,.F.) B_SPLINE_CURVE_WITH_KNOTS((1,2,2,2,2,1),(
    -2.094395102393,0.,2.094395102393,4.188790204786,6.28318530718,
8.377580409573),.UNSPECIFIED.) CURVE() GEOMETRIC_REPRESENTATION_ITEM() 
RATIONAL_B_SPLINE_CURVE((1.,0.5,1.,0.5,1.,0.5,1.)) REPRESENTATION_ITEM(
  '') );
#948 = CARTESIAN_POINT('',(3.,0.5));
#949 = CARTESIAN_POINT('',(-1.330127018922,0.5));
#950 = CARTESIAN_POINT('',(0.834936490539,4.25));
#951 = CARTESIAN_POINT('',(3.,8.));
#952 = CARTESIAN_POINT('',(5.165063509461,4.25));
#953 = CARTESIAN_POINT('',(7.330127018922,0.5));
#954 = CARTESIAN_POINT('',(3.,0.5));
#955 = ( GEOMETRIC_REPRESENTATION_CONTEXT(2) 
PARAMETRIC_REPRESENTATION_CONTEXT() REPRESENTATION_CONTEXT('2D SPACE',''
  ) );
#956 = ADVANCED_FACE('',(#957),#325,.T.);
#957 = FACE_BOUND('',#958,.T.);
#958 = EDGE_LOOP('',(#959,#960,#961));
#959 = ORIENTED_EDGE('',*,*,#340,.F.);
#960 = ORIENTED_EDGE('',*,*,#311,.T.);
#961 = ORIENTED_EDGE('',*,*,#962,.F.);
#962 = EDGE_CURVE('',#341,#284,#963,.T.);
#963 = SURFACE_CURVE('',#964,(#969,#976),.PCURVE_S1.);
#964 = CIRCLE('',#965,3.);
#965 = AXIS2_PLACEMENT_3D('',#966,#967,#968);
#966 = CARTESIAN_POINT('',(-87.,3.,5.43775794361));
#967 = DIRECTION('',(1.,0.,0.));
#968 = DIRECTION('',(0.,-0.15643446504,0.987688340595));
#969 = PCURVE('',#325,#970);
#970 = DEFINITIONAL_REPRESENTATION('',(#971),#975);
#971 = LINE('',#972,#973);
#972 = CARTESIAN_POINT('',(0.,0.));
#973 = VECTOR('',#974,1.);
#974 = DIRECTION('',(1.,0.));
#975 = ( GEOMETRIC_REPRESENTATION_CONTEXT(2) 
PARAMETRIC_REPRESENTATION_CONTEXT() REPRESENTATION_CONTEXT('2D SPACE',''
  ) );
#976 = PCURVE('',#977,#982);
#977 = CYLINDRICAL_SURFACE('',#978,3.);
#978 = AXIS2_PLACEMENT_3D('',#979,#980,#981);
#979 = CARTESIAN_POINT('',(-90.,3.,5.43775794361));
#980 = DIRECTION('',(1.,0.,0.));
#981 = DIRECTION('',(0.,-0.15643446504,0.987688340595));
#982 = DEFINITIONAL_REPRESENTATION('',(#983),#987);
#983 = LINE('',#984,#985);
#984 = CARTESIAN_POINT('',(0.,3.));
#985 = VECTOR('',#986,1.);
#986 = DIRECTION('',(1.,0.));
#987 = ( GEOMETRIC_REPRESENTATION_CONTEXT(2) 
PARAMETRIC_REPRESENTATION_CONTEXT() REPRESENTATION_CONTEXT('2D SPACE',''
  ) );
#988 = ADVANCED_FACE('',(#989),#299,.F.);
#989 = FACE_BOUND('',#990,.F.);
#990 = EDGE_LOOP('',(#991,#992,#1015,#1043));
#991 = ORIENTED_EDGE('',*,*,#283,.T.);
#992 = ORIENTED_EDGE('',*,*,#993,.T.);
#993 = EDGE_CURVE('',#284,#994,#996,.T.);
#994 = VERTEX_POINT('',#995);
#995 = CARTESIAN_POINT('',(87.,4.440892098501E-16,5.43775794361));
#996 = SURFACE_CURVE('',#997,(#1001,#1008),.PCURVE_S1.);
#997 = LINE('',#998,#999);
#998 = CARTESIAN_POINT('',(-90.,4.440892098501E-16,5.43775794361));
#999 = VECTOR('',#1000,1.);
#1000 = DIRECTION('',(1.,0.,0.));
#1001 = PCURVE('',#299,#1002);
#1002 = DEFINITIONAL_REPRESENTATION('',(#1003),#1007);
#1003 = LINE('',#1004,#1005);
#1004 = CARTESIAN_POINT('',(5.43775794361,0.));
#1005 = VECTOR('',#1006,1.);
#1006 = DIRECTION('',(0.,1.));
#1007 = ( GEOMETRIC_REPRESENTATION_CONTEXT(2) 
PARAMETRIC_REPRESENTATION_CONTEXT() REPRESENTATION_CONTEXT('2D SPACE',''
  ) );
#1008 = PCURVE('',#977,#1009);
#1009 = DEFINITIONAL_REPRESENTATION('',(#1010),#1014);
#1010 = LINE('',#1011,#1012);
#1011 = CARTESIAN_POINT('',(1.413716694115,0.));
#1012 = VECTOR('',#1013,1.);
#1013 = DIRECTION('',(0.,1.));
#1014 = ( GEOMETRIC_REPRESENTATION_CONTEXT(2) 
PARAMETRIC_REPRESENTATION_CONTEXT() REPRESENTATION_CONTEXT('2D SPACE',''
  ) );
#1015 = ORIENTED_EDGE('',*,*,#1016,.F.);
#1016 = EDGE_CURVE('',#1017,#994,#1019,.T.);
#1017 = VERTEX_POINT('',#1018);
#1018 = CARTESIAN_POINT('',(87.,-4.440892098501E-16,0.5));
#1019 = SURFACE_CURVE('',#1020,(#1024,#1031),.PCURVE_S1.);
#1020 = LINE('',#1021,#1022);
#1021 = CARTESIAN_POINT('',(87.,-4.440892098501E-16,0.));
#1022 = VECTOR('',#1023,1.);
#1023 = DIRECTION('',(0.,0.,1.));
#1024 = PCURVE('',#299,#1025);
#1025 = DEFINITIONAL_REPRESENTATION('',(#1026),#1030);
#1026 = LINE('',#1027,#1028);
#1027 = CARTESIAN_POINT('',(0.,177.));
#1028 = VECTOR('',#1029,1.);
#1029 = DIRECTION('',(1.,0.));
#1030 = ( GEOMETRIC_REPRESENTATION_CONTEXT(2) 
PARAMETRIC_REPRESENTATION_CONTEXT() REPRESENTATION_CONTEXT('2D SPACE',''
  ) );
#1031 = PCURVE('',#1032,#1037);
#1032 = CYLINDRICAL_SURFACE('',#1033,3.);
#1033 = AXIS2_PLACEMENT_3D('',#1034,#1035,#1036);
#1034 = CARTESIAN_POINT('',(87.,3.,0.));
#1035 = DIRECTION('',(0.,0.,1.));
#1036 = DIRECTION('',(0.,-1.,0.));
#1037 = DEFINITIONAL_REPRESENTATION('',(#1038),#1042);
#1038 = LINE('',#1039,#1040);
#1039 = CARTESIAN_POINT('',(0.,0.));
#1040 = VECTOR('',#1041,1.);
#1041 = DIRECTION('',(0.,1.));
#1042 = ( GEOMETRIC_REPRESENTATION_CONTEXT(2) 
PARAMETRIC_REPRESENTATION_CONTEXT() REPRESENTATION_CONTEXT('2D SPACE',''
  ) );
#1043 = ORIENTED_EDGE('',*,*,#1044,.T.);
#1044 = EDGE_CURVE('',#1017,#255,#1045,.T.);
#1045 = SURFACE_CURVE('',#1046,(#1050,#1057),.PCURVE_S1.);
#1046 = LINE('',#1047,#1048);
#1047 = CARTESIAN_POINT('',(87.,0.,0.5));
#1048 = VECTOR('',#1049,1.);
#1049 = DIRECTION('',(-1.,-0.,-0.));
#1050 = PCURVE('',#299,#1051);
#1051 = DEFINITIONAL_REPRESENTATION('',(#1052),#1056);
#1052 = LINE('',#1053,#1054);
#1053 = CARTESIAN_POINT('',(0.5,177.));
#1054 = VECTOR('',#1055,1.);
#1055 = DIRECTION('',(0.,-1.));
#1056 = ( GEOMETRIC_REPRESENTATION_CONTEXT(2) 
PARAMETRIC_REPRESENTATION_CONTEXT() REPRESENTATION_CONTEXT('2D SPACE',''
  ) );
#1057 = PCURVE('',#917,#1058);
#1058 = DEFINITIONAL_REPRESENTATION('',(#1059),#1063);
#1059 = LINE('',#1060,#1061);
#1060 = CARTESIAN_POINT('',(0.,-0.353553390593));
#1061 = VECTOR('',#1062,1.);
#1062 = DIRECTION('',(1.,3.02410162867E-35));
#1063 = ( GEOMETRIC_REPRESENTATION_CONTEXT(2) 
PARAMETRIC_REPRESENTATION_CONTEXT() REPRESENTATION_CONTEXT('2D SPACE',''
  ) );
#1064 = ADVANCED_FACE('',(#1065,#1113,#1237,#1361,#1485,#1609,#1733,
    #1857,#1981,#2105,#2229),#378,.T.);
#1065 = FACE_BOUND('',#1066,.T.);
#1066 = EDGE_LOOP('',(#1067,#1068,#1069,#1092));
#1067 = ORIENTED_EDGE('',*,*,#507,.F.);
#1068 = ORIENTED_EDGE('',*,*,#362,.F.);
#1069 = ORIENTED_EDGE('',*,*,#1070,.T.);
#1070 = EDGE_CURVE('',#341,#1071,#1073,.T.);
#1071 = VERTEX_POINT('',#1072);
#1072 = CARTESIAN_POINT('',(87.,2.530696604879,8.400822965395));
#1073 = SURFACE_CURVE('',#1074,(#1078,#1085),.PCURVE_S1.);
#1074 = LINE('',#1075,#1076);
#1075 = CARTESIAN_POINT('',(-90.,2.530696604879,8.400822965395));
#1076 = VECTOR('',#1077,1.);
#1077 = DIRECTION('',(1.,0.,0.));
#1078 = PCURVE('',#378,#1079);
#1079 = DEFINITIONAL_REPRESENTATION('',(#1080),#1084);
#1080 = LINE('',#1081,#1082);
#1081 = CARTESIAN_POINT('',(2.56224205639,0.));
#1082 = VECTOR('',#1083,1.);
#1083 = DIRECTION('',(0.,-1.));
#1084 = ( GEOMETRIC_REPRESENTATION_CONTEXT(2) 
PARAMETRIC_REPRESENTATION_CONTEXT() REPRESENTATION_CONTEXT('2D SPACE',''
  ) );
#1085 = PCURVE('',#977,#1086);
#1086 = DEFINITIONAL_REPRESENTATION('',(#1087),#1091);
#1087 = LINE('',#1088,#1089);
#1088 = CARTESIAN_POINT('',(0.,0.));
#1089 = VECTOR('',#1090,1.);
#1090 = DIRECTION('',(0.,1.));
#1091 = ( GEOMETRIC_REPRESENTATION_CONTEXT(2) 
PARAMETRIC_REPRESENTATION_CONTEXT() REPRESENTATION_CONTEXT('2D SPACE',''
  ) );
#1092 = ORIENTED_EDGE('',*,*,#1093,.T.);
#1093 = EDGE_CURVE('',#1071,#473,#1094,.T.);
#1094 = SURFACE_CURVE('',#1095,(#1099,#1106),.PCURVE_S1.);
#1095 = LINE('',#1096,#1097);
#1096 = CARTESIAN_POINT('',(87.,-1.110223024625E-16,8.));
#1097 = VECTOR('',#1098,1.);
#1098 = DIRECTION('',(0.,0.987688340595,0.15643446504));
#1099 = PCURVE('',#378,#1100);
#1100 = DEFINITIONAL_REPRESENTATION('',(#1101),#1105);
#1101 = LINE('',#1102,#1103);
#1102 = CARTESIAN_POINT('',(-1.069719742223E-16,-177.));
#1103 = VECTOR('',#1104,1.);
#1104 = DIRECTION('',(1.,0.));
#1105 = ( GEOMETRIC_REPRESENTATION_CONTEXT(2) 
PARAMETRIC_REPRESENTATION_CONTEXT() REPRESENTATION_CONTEXT('2D SPACE',''
  ) );
#1106 = PCURVE('',#489,#1107);
#1107 = DEFINITIONAL_REPRESENTATION('',(#1108),#1112);
#1108 = LINE('',#1109,#1110);
#1109 = CARTESIAN_POINT('',(0.,0.));
#1110 = VECTOR('',#1111,1.);
#1111 = DIRECTION('',(0.,1.));
#1112 = ( GEOMETRIC_REPRESENTATION_CONTEXT(2) 
PARAMETRIC_REPRESENTATION_CONTEXT() REPRESENTATION_CONTEXT('2D SPACE',''
  ) );
#1113 = FACE_BOUND('',#1114,.T.);
#1114 = EDGE_LOOP('',(#1115,#1145,#1178,#1206));
#1115 = ORIENTED_EDGE('',*,*,#1116,.F.);
#1116 = EDGE_CURVE('',#1117,#1119,#1121,.T.);
#1117 = VERTEX_POINT('',#1118);
#1118 = CARTESIAN_POINT('',(82.75,11.135445904712,9.763681367382));
#1119 = VERTEX_POINT('',#1120);
#1120 = CARTESIAN_POINT('',(-82.75,11.135445904712,9.763681367382));
#1121 = SURFACE_CURVE('',#1122,(#1126,#1133),.PCURVE_S1.);
#1122 = LINE('',#1123,#1124);
#1123 = CARTESIAN_POINT('',(-86.375,11.135445904712,9.763681367382));
#1124 = VECTOR('',#1125,1.);
#1125 = DIRECTION('',(-1.,0.,0.));
#1126 = PCURVE('',#378,#1127);
#1127 = DEFINITIONAL_REPRESENTATION('',(#1128),#1132);
#1128 = LINE('',#1129,#1130);
#1129 = CARTESIAN_POINT('',(11.27425063862,-3.625));
#1130 = VECTOR('',#1131,1.);
#1131 = DIRECTION('',(0.,1.));
#1132 = ( GEOMETRIC_REPRESENTATION_CONTEXT(2) 
PARAMETRIC_REPRESENTATION_CONTEXT() REPRESENTATION_CONTEXT('2D SPACE',''
  ) );
#1133 = PCURVE('',#1134,#1139);
#1134 = PLANE('',#1135);
#1135 = AXIS2_PLACEMENT_3D('',#1136,#1137,#1138);
#1136 = CARTESIAN_POINT('',(-82.75,11.291880369752,8.775993026787));
#1137 = DIRECTION('',(0.,0.987688340595,0.15643446504));
#1138 = DIRECTION('',(1.,0.,-0.));
#1139 = DEFINITIONAL_REPRESENTATION('',(#1140),#1144);
#1140 = LINE('',#1141,#1142);
#1141 = CARTESIAN_POINT('',(-3.625,-1.));
#1142 = VECTOR('',#1143,1.);
#1143 = DIRECTION('',(-1.,0.));
#1144 = ( GEOMETRIC_REPRESENTATION_CONTEXT(2) 
PARAMETRIC_REPRESENTATION_CONTEXT() REPRESENTATION_CONTEXT('2D SPACE',''
  ) );
#1145 = ORIENTED_EDGE('',*,*,#1146,.T.);
#1146 = EDGE_CURVE('',#1117,#1147,#1149,.T.);
#1147 = VERTEX_POINT('',#1148);
#1148 = CARTESIAN_POINT('',(82.75,8.666225053224,9.372595204781));
#1149 = SURFACE_CURVE('',#1150,(#1155,#1166),.PCURVE_S1.);
#1150 = CIRCLE('',#1151,1.25);
#1151 = AXIS2_PLACEMENT_3D('',#1152,#1153,#1154);
#1152 = CARTESIAN_POINT('',(82.75,9.900835478968,9.568138286082));
#1153 = DIRECTION('',(-0.,0.15643446504,-0.987688340595));
#1154 = DIRECTION('',(-1.,-0.,0.));
#1155 = PCURVE('',#378,#1156);
#1156 = DEFINITIONAL_REPRESENTATION('',(#1157),#1165);
#1157 = ( BOUNDED_CURVE() B_SPLINE_CURVE(2,(#1158,#1159,#1160,#1161,
#1162,#1163,#1164),.UNSPECIFIED.,.T.,.F.) B_SPLINE_CURVE_WITH_KNOTS((1,2
    ,2,2,2,1),(-2.094395102393,0.,2.094395102393,4.188790204786,
6.28318530718,8.377580409573),.UNSPECIFIED.) CURVE() 
GEOMETRIC_REPRESENTATION_ITEM() RATIONAL_B_SPLINE_CURVE((1.,0.5,1.,0.5,
1.,0.5,1.)) REPRESENTATION_ITEM('') );
#1158 = CARTESIAN_POINT('',(10.02425063862,-171.5));
#1159 = CARTESIAN_POINT('',(12.189314148081,-171.5));
#1160 = CARTESIAN_POINT('',(11.10678239335,-173.375));
#1161 = CARTESIAN_POINT('',(10.02425063862,-175.25));
#1162 = CARTESIAN_POINT('',(8.941718883889,-173.375));
#1163 = CARTESIAN_POINT('',(7.859187129159,-171.5));
#1164 = CARTESIAN_POINT('',(10.02425063862,-171.5));
#1165 = ( GEOMETRIC_REPRESENTATION_CONTEXT(2) 
PARAMETRIC_REPRESENTATION_CONTEXT() REPRESENTATION_CONTEXT('2D SPACE',''
  ) );
#1166 = PCURVE('',#1167,#1172);
#1167 = CYLINDRICAL_SURFACE('',#1168,1.25);
#1168 = AXIS2_PLACEMENT_3D('',#1169,#1170,#1171);
#1169 = CARTESIAN_POINT('',(82.75,10.057269944008,8.580449945487));
#1170 = DIRECTION('',(-0.,0.15643446504,-0.987688340595));
#1171 = DIRECTION('',(-1.,-0.,0.));
#1172 = DEFINITIONAL_REPRESENTATION('',(#1173),#1177);
#1173 = LINE('',#1174,#1175);
#1174 = CARTESIAN_POINT('',(0.,-1.));
#1175 = VECTOR('',#1176,1.);
#1176 = DIRECTION('',(1.,0.));
#1177 = ( GEOMETRIC_REPRESENTATION_CONTEXT(2) 
PARAMETRIC_REPRESENTATION_CONTEXT() REPRESENTATION_CONTEXT('2D SPACE',''
  ) );
#1178 = ORIENTED_EDGE('',*,*,#1179,.T.);
#1179 = EDGE_CURVE('',#1147,#1180,#1182,.T.);
#1180 = VERTEX_POINT('',#1181);
#1181 = CARTESIAN_POINT('',(-82.75,8.666225053224,9.372595204781));
#1182 = SURFACE_CURVE('',#1183,(#1187,#1194),.PCURVE_S1.);
#1183 = LINE('',#1184,#1185);
#1184 = CARTESIAN_POINT('',(-24.3125,8.666225053224,9.372595204781));
#1185 = VECTOR('',#1186,1.);
#1186 = DIRECTION('',(-1.,0.,0.));
#1187 = PCURVE('',#378,#1188);
#1188 = DEFINITIONAL_REPRESENTATION('',(#1189),#1193);
#1189 = LINE('',#1190,#1191);
#1190 = CARTESIAN_POINT('',(8.77425063862,-65.6875));
#1191 = VECTOR('',#1192,1.);
#1192 = DIRECTION('',(0.,1.));
#1193 = ( GEOMETRIC_REPRESENTATION_CONTEXT(2) 
PARAMETRIC_REPRESENTATION_CONTEXT() REPRESENTATION_CONTEXT('2D SPACE',''
  ) );
#1194 = PCURVE('',#1195,#1200);
#1195 = PLANE('',#1196);
#1196 = AXIS2_PLACEMENT_3D('',#1197,#1198,#1199);
#1197 = CARTESIAN_POINT('',(41.375,8.822659518264,8.384906864186));
#1198 = DIRECTION('',(0.,0.987688340595,0.15643446504));
#1199 = DIRECTION('',(1.,0.,-0.));
#1200 = DEFINITIONAL_REPRESENTATION('',(#1201),#1205);
#1201 = LINE('',#1202,#1203);
#1202 = CARTESIAN_POINT('',(-65.6875,-1.));
#1203 = VECTOR('',#1204,1.);
#1204 = DIRECTION('',(-1.,0.));
#1205 = ( GEOMETRIC_REPRESENTATION_CONTEXT(2) 
PARAMETRIC_REPRESENTATION_CONTEXT() REPRESENTATION_CONTEXT('2D SPACE',''
  ) );
#1206 = ORIENTED_EDGE('',*,*,#1207,.T.);
#1207 = EDGE_CURVE('',#1180,#1119,#1208,.T.);
#1208 = SURFACE_CURVE('',#1209,(#1214,#1225),.PCURVE_S1.);
#1209 = CIRCLE('',#1210,1.25);
#1210 = AXIS2_PLACEMENT_3D('',#1211,#1212,#1213);
#1211 = CARTESIAN_POINT('',(-82.75,9.900835478968,9.568138286082));
#1212 = DIRECTION('',(0.,0.15643446504,-0.987688340595));
#1213 = DIRECTION('',(1.,0.,0.));
#1214 = PCURVE('',#378,#1215);
#1215 = DEFINITIONAL_REPRESENTATION('',(#1216),#1224);
#1216 = ( BOUNDED_CURVE() B_SPLINE_CURVE(2,(#1217,#1218,#1219,#1220,
#1221,#1222,#1223),.UNSPECIFIED.,.T.,.F.) B_SPLINE_CURVE_WITH_KNOTS((1,2
    ,2,2,2,1),(-2.094395102393,0.,2.094395102393,4.188790204786,
6.28318530718,8.377580409573),.UNSPECIFIED.) CURVE() 
GEOMETRIC_REPRESENTATION_ITEM() RATIONAL_B_SPLINE_CURVE((1.,0.5,1.,0.5,
1.,0.5,1.)) REPRESENTATION_ITEM('') );
#1217 = CARTESIAN_POINT('',(10.02425063862,-8.5));
#1218 = CARTESIAN_POINT('',(7.859187129159,-8.5));
#1219 = CARTESIAN_POINT('',(8.941718883889,-6.625));
#1220 = CARTESIAN_POINT('',(10.02425063862,-4.75));
#1221 = CARTESIAN_POINT('',(11.10678239335,-6.625));
#1222 = CARTESIAN_POINT('',(12.189314148081,-8.5));
#1223 = CARTESIAN_POINT('',(10.02425063862,-8.5));
#1224 = ( GEOMETRIC_REPRESENTATION_CONTEXT(2) 
PARAMETRIC_REPRESENTATION_CONTEXT() REPRESENTATION_CONTEXT('2D SPACE',''
  ) );
#1225 = PCURVE('',#1226,#1231);
#1226 = CYLINDRICAL_SURFACE('',#1227,1.25);
#1227 = AXIS2_PLACEMENT_3D('',#1228,#1229,#1230);
#1228 = CARTESIAN_POINT('',(-82.75,10.057269944008,8.580449945487));
#1229 = DIRECTION('',(0.,0.15643446504,-0.987688340595));
#1230 = DIRECTION('',(1.,0.,0.));
#1231 = DEFINITIONAL_REPRESENTATION('',(#1232),#1236);
#1232 = LINE('',#1233,#1234);
#1233 = CARTESIAN_POINT('',(0.,-1.));
#1234 = VECTOR('',#1235,1.);
#1235 = DIRECTION('',(1.,0.));
#1236 = ( GEOMETRIC_REPRESENTATION_CONTEXT(2) 
PARAMETRIC_REPRESENTATION_CONTEXT() REPRESENTATION_CONTEXT('2D SPACE',''
  ) );
#1237 = FACE_BOUND('',#1238,.T.);
#1238 = EDGE_LOOP('',(#1239,#1269,#1302,#1330));
#1239 = ORIENTED_EDGE('',*,*,#1240,.F.);
#1240 = EDGE_CURVE('',#1241,#1243,#1245,.T.);
#1241 = VERTEX_POINT('',#1242);
#1242 = CARTESIAN_POINT('',(82.75,18.543108459176,10.936939855184));
#1243 = VERTEX_POINT('',#1244);
#1244 = CARTESIAN_POINT('',(-82.75,18.543108459176,10.936939855184));
#1245 = SURFACE_CURVE('',#1246,(#1250,#1257),.PCURVE_S1.);
#1246 = LINE('',#1247,#1248);
#1247 = CARTESIAN_POINT('',(-86.375,18.543108459176,10.936939855184));
#1248 = VECTOR('',#1249,1.);
#1249 = DIRECTION('',(-1.,0.,0.));
#1250 = PCURVE('',#378,#1251);
#1251 = DEFINITIONAL_REPRESENTATION('',(#1252),#1256);
#1252 = LINE('',#1253,#1254);
#1253 = CARTESIAN_POINT('',(18.77425063862,-3.625));
#1254 = VECTOR('',#1255,1.);
#1255 = DIRECTION('',(0.,1.));
#1256 = ( GEOMETRIC_REPRESENTATION_CONTEXT(2) 
PARAMETRIC_REPRESENTATION_CONTEXT() REPRESENTATION_CONTEXT('2D SPACE',''
  ) );
#1257 = PCURVE('',#1258,#1263);
#1258 = PLANE('',#1259);
#1259 = AXIS2_PLACEMENT_3D('',#1260,#1261,#1262);
#1260 = CARTESIAN_POINT('',(-82.75,18.699542924216,9.949251514589));
#1261 = DIRECTION('',(0.,0.987688340595,0.15643446504));
#1262 = DIRECTION('',(1.,0.,-0.));
#1263 = DEFINITIONAL_REPRESENTATION('',(#1264),#1268);
#1264 = LINE('',#1265,#1266);
#1265 = CARTESIAN_POINT('',(-3.625,-1.));
#1266 = VECTOR('',#1267,1.);
#1267 = DIRECTION('',(-1.,0.));
#1268 = ( GEOMETRIC_REPRESENTATION_CONTEXT(2) 
PARAMETRIC_REPRESENTATION_CONTEXT() REPRESENTATION_CONTEXT('2D SPACE',''
  ) );
#1269 = ORIENTED_EDGE('',*,*,#1270,.T.);
#1270 = EDGE_CURVE('',#1241,#1271,#1273,.T.);
#1271 = VERTEX_POINT('',#1272);
#1272 = CARTESIAN_POINT('',(82.75,16.073887607688,10.545853692583));
#1273 = SURFACE_CURVE('',#1274,(#1279,#1290),.PCURVE_S1.);
#1274 = CIRCLE('',#1275,1.25);
#1275 = AXIS2_PLACEMENT_3D('',#1276,#1277,#1278);
#1276 = CARTESIAN_POINT('',(82.75,17.308498033432,10.741396773883));
#1277 = DIRECTION('',(-0.,0.15643446504,-0.987688340595));
#1278 = DIRECTION('',(-1.,-0.,0.));
#1279 = PCURVE('',#378,#1280);
#1280 = DEFINITIONAL_REPRESENTATION('',(#1281),#1289);
#1281 = ( BOUNDED_CURVE() B_SPLINE_CURVE(2,(#1282,#1283,#1284,#1285,
#1286,#1287,#1288),.UNSPECIFIED.,.T.,.F.) B_SPLINE_CURVE_WITH_KNOTS((1,2
    ,2,2,2,1),(-2.094395102393,0.,2.094395102393,4.188790204786,
6.28318530718,8.377580409573),.UNSPECIFIED.) CURVE() 
GEOMETRIC_REPRESENTATION_ITEM() RATIONAL_B_SPLINE_CURVE((1.,0.5,1.,0.5,
1.,0.5,1.)) REPRESENTATION_ITEM('') );
#1282 = CARTESIAN_POINT('',(17.52425063862,-171.5));
#1283 = CARTESIAN_POINT('',(19.689314148081,-171.5));
#1284 = CARTESIAN_POINT('',(18.606782393351,-173.375));
#1285 = CARTESIAN_POINT('',(17.52425063862,-175.25));
#1286 = CARTESIAN_POINT('',(16.44171888389,-173.375));
#1287 = CARTESIAN_POINT('',(15.359187129159,-171.5));
#1288 = CARTESIAN_POINT('',(17.52425063862,-171.5));
#1289 = ( GEOMETRIC_REPRESENTATION_CONTEXT(2) 
PARAMETRIC_REPRESENTATION_CONTEXT() REPRESENTATION_CONTEXT('2D SPACE',''
  ) );
#1290 = PCURVE('',#1291,#1296);
#1291 = CYLINDRICAL_SURFACE('',#1292,1.25);
#1292 = AXIS2_PLACEMENT_3D('',#1293,#1294,#1295);
#1293 = CARTESIAN_POINT('',(82.75,17.464932498472,9.753708433288));
#1294 = DIRECTION('',(-0.,0.15643446504,-0.987688340595));
#1295 = DIRECTION('',(-1.,-0.,0.));
#1296 = DEFINITIONAL_REPRESENTATION('',(#1297),#1301);
#1297 = LINE('',#1298,#1299);
#1298 = CARTESIAN_POINT('',(0.,-1.));
#1299 = VECTOR('',#1300,1.);
#1300 = DIRECTION('',(1.,0.));
#1301 = ( GEOMETRIC_REPRESENTATION_CONTEXT(2) 
PARAMETRIC_REPRESENTATION_CONTEXT() REPRESENTATION_CONTEXT('2D SPACE',''
  ) );
#1302 = ORIENTED_EDGE('',*,*,#1303,.T.);
#1303 = EDGE_CURVE('',#1271,#1304,#1306,.T.);
#1304 = VERTEX_POINT('',#1305);
#1305 = CARTESIAN_POINT('',(-82.75,16.073887607688,10.545853692583));
#1306 = SURFACE_CURVE('',#1307,(#1311,#1318),.PCURVE_S1.);
#1307 = LINE('',#1308,#1309);
#1308 = CARTESIAN_POINT('',(-24.3125,16.073887607688,10.545853692583));
#1309 = VECTOR('',#1310,1.);
#1310 = DIRECTION('',(-1.,0.,0.));
#1311 = PCURVE('',#378,#1312);
#1312 = DEFINITIONAL_REPRESENTATION('',(#1313),#1317);
#1313 = LINE('',#1314,#1315);
#1314 = CARTESIAN_POINT('',(16.27425063862,-65.6875));
#1315 = VECTOR('',#1316,1.);
#1316 = DIRECTION('',(0.,1.));
#1317 = ( GEOMETRIC_REPRESENTATION_CONTEXT(2) 
PARAMETRIC_REPRESENTATION_CONTEXT() REPRESENTATION_CONTEXT('2D SPACE',''
  ) );
#1318 = PCURVE('',#1319,#1324);
#1319 = PLANE('',#1320);
#1320 = AXIS2_PLACEMENT_3D('',#1321,#1322,#1323);
#1321 = CARTESIAN_POINT('',(41.375,16.230322072728,9.558165351988));
#1322 = DIRECTION('',(0.,0.987688340595,0.15643446504));
#1323 = DIRECTION('',(1.,0.,-0.));
#1324 = DEFINITIONAL_REPRESENTATION('',(#1325),#1329);
#1325 = LINE('',#1326,#1327);
#1326 = CARTESIAN_POINT('',(-65.6875,-1.));
#1327 = VECTOR('',#1328,1.);
#1328 = DIRECTION('',(-1.,0.));
#1329 = ( GEOMETRIC_REPRESENTATION_CONTEXT(2) 
PARAMETRIC_REPRESENTATION_CONTEXT() REPRESENTATION_CONTEXT('2D SPACE',''
  ) );
#1330 = ORIENTED_EDGE('',*,*,#1331,.T.);
#1331 = EDGE_CURVE('',#1304,#1243,#1332,.T.);
#1332 = SURFACE_CURVE('',#1333,(#1338,#1349),.PCURVE_S1.);
#1333 = CIRCLE('',#1334,1.25);
#1334 = AXIS2_PLACEMENT_3D('',#1335,#1336,#1337);
#1335 = CARTESIAN_POINT('',(-82.75,17.308498033432,10.741396773883));
#1336 = DIRECTION('',(0.,0.15643446504,-0.987688340595));
#1337 = DIRECTION('',(1.,0.,0.));
#1338 = PCURVE('',#378,#1339);
#1339 = DEFINITIONAL_REPRESENTATION('',(#1340),#1348);
#1340 = ( BOUNDED_CURVE() B_SPLINE_CURVE(2,(#1341,#1342,#1343,#1344,
#1345,#1346,#1347),.UNSPECIFIED.,.T.,.F.) B_SPLINE_CURVE_WITH_KNOTS((1,2
    ,2,2,2,1),(-2.094395102393,0.,2.094395102393,4.188790204786,
6.28318530718,8.377580409573),.UNSPECIFIED.) CURVE() 
GEOMETRIC_REPRESENTATION_ITEM() RATIONAL_B_SPLINE_CURVE((1.,0.5,1.,0.5,
1.,0.5,1.)) REPRESENTATION_ITEM('') );
#1341 = CARTESIAN_POINT('',(17.52425063862,-8.5));
#1342 = CARTESIAN_POINT('',(15.359187129159,-8.5));
#1343 = CARTESIAN_POINT('',(16.44171888389,-6.625));
#1344 = CARTESIAN_POINT('',(17.52425063862,-4.75));
#1345 = CARTESIAN_POINT('',(18.606782393351,-6.625));
#1346 = CARTESIAN_POINT('',(19.689314148081,-8.5));
#1347 = CARTESIAN_POINT('',(17.52425063862,-8.5));
#1348 = ( GEOMETRIC_REPRESENTATION_CONTEXT(2) 
PARAMETRIC_REPRESENTATION_CONTEXT() REPRESENTATION_CONTEXT('2D SPACE',''
  ) );
#1349 = PCURVE('',#1350,#1355);
#1350 = CYLINDRICAL_SURFACE('',#1351,1.25);
#1351 = AXIS2_PLACEMENT_3D('',#1352,#1353,#1354);
#1352 = CARTESIAN_POINT('',(-82.75,17.464932498472,9.753708433288));
#1353 = DIRECTION('',(0.,0.15643446504,-0.987688340595));
#1354 = DIRECTION('',(1.,0.,0.));
#1355 = DEFINITIONAL_REPRESENTATION('',(#1356),#1360);
#1356 = LINE('',#1357,#1358);
#1357 = CARTESIAN_POINT('',(0.,-1.));
#1358 = VECTOR('',#1359,1.);
#1359 = DIRECTION('',(1.,0.));
#1360 = ( GEOMETRIC_REPRESENTATION_CONTEXT(2) 
PARAMETRIC_REPRESENTATION_CONTEXT() REPRESENTATION_CONTEXT('2D SPACE',''
  ) );
#1361 = FACE_BOUND('',#1362,.T.);
#1362 = EDGE_LOOP('',(#1363,#1393,#1426,#1454));
#1363 = ORIENTED_EDGE('',*,*,#1364,.F.);
#1364 = EDGE_CURVE('',#1365,#1367,#1369,.T.);
#1365 = VERTEX_POINT('',#1366);
#1366 = CARTESIAN_POINT('',(82.75,25.950771013639,12.110198342985));
#1367 = VERTEX_POINT('',#1368);
#1368 = CARTESIAN_POINT('',(-82.75,25.950771013639,12.110198342985));
#1369 = SURFACE_CURVE('',#1370,(#1374,#1381),.PCURVE_S1.);
#1370 = LINE('',#1371,#1372);
#1371 = CARTESIAN_POINT('',(-86.375,25.950771013639,12.110198342985));
#1372 = VECTOR('',#1373,1.);
#1373 = DIRECTION('',(-1.,0.,0.));
#1374 = PCURVE('',#378,#1375);
#1375 = DEFINITIONAL_REPRESENTATION('',(#1376),#1380);
#1376 = LINE('',#1377,#1378);
#1377 = CARTESIAN_POINT('',(26.27425063862,-3.625));
#1378 = VECTOR('',#1379,1.);
#1379 = DIRECTION('',(0.,1.));
#1380 = ( GEOMETRIC_REPRESENTATION_CONTEXT(2) 
PARAMETRIC_REPRESENTATION_CONTEXT() REPRESENTATION_CONTEXT('2D SPACE',''
  ) );
#1381 = PCURVE('',#1382,#1387);
#1382 = PLANE('',#1383);
#1383 = AXIS2_PLACEMENT_3D('',#1384,#1385,#1386);
#1384 = CARTESIAN_POINT('',(-82.75,26.107205478679,11.12251000239));
#1385 = DIRECTION('',(0.,0.987688340595,0.15643446504));
#1386 = DIRECTION('',(1.,0.,-0.));
#1387 = DEFINITIONAL_REPRESENTATION('',(#1388),#1392);
#1388 = LINE('',#1389,#1390);
#1389 = CARTESIAN_POINT('',(-3.625,-1.));
#1390 = VECTOR('',#1391,1.);
#1391 = DIRECTION('',(-1.,0.));
#1392 = ( GEOMETRIC_REPRESENTATION_CONTEXT(2) 
PARAMETRIC_REPRESENTATION_CONTEXT() REPRESENTATION_CONTEXT('2D SPACE',''
  ) );
#1393 = ORIENTED_EDGE('',*,*,#1394,.T.);
#1394 = EDGE_CURVE('',#1365,#1395,#1397,.T.);
#1395 = VERTEX_POINT('',#1396);
#1396 = CARTESIAN_POINT('',(82.75,23.481550162151,11.719112180385));
#1397 = SURFACE_CURVE('',#1398,(#1403,#1414),.PCURVE_S1.);
#1398 = CIRCLE('',#1399,1.25);
#1399 = AXIS2_PLACEMENT_3D('',#1400,#1401,#1402);
#1400 = CARTESIAN_POINT('',(82.75,24.716160587895,11.914655261685));
#1401 = DIRECTION('',(-0.,0.15643446504,-0.987688340595));
#1402 = DIRECTION('',(-1.,-0.,0.));
#1403 = PCURVE('',#378,#1404);
#1404 = DEFINITIONAL_REPRESENTATION('',(#1405),#1413);
#1405 = ( BOUNDED_CURVE() B_SPLINE_CURVE(2,(#1406,#1407,#1408,#1409,
#1410,#1411,#1412),.UNSPECIFIED.,.T.,.F.) B_SPLINE_CURVE_WITH_KNOTS((1,2
    ,2,2,2,1),(-2.094395102393,0.,2.094395102393,4.188790204786,
6.28318530718,8.377580409573),.UNSPECIFIED.) CURVE() 
GEOMETRIC_REPRESENTATION_ITEM() RATIONAL_B_SPLINE_CURVE((1.,0.5,1.,0.5,
1.,0.5,1.)) REPRESENTATION_ITEM('') );
#1406 = CARTESIAN_POINT('',(25.02425063862,-171.5));
#1407 = CARTESIAN_POINT('',(27.189314148081,-171.5));
#1408 = CARTESIAN_POINT('',(26.10678239335,-173.375));
#1409 = CARTESIAN_POINT('',(25.02425063862,-175.25));
#1410 = CARTESIAN_POINT('',(23.941718883889,-173.375));
#1411 = CARTESIAN_POINT('',(22.859187129158,-171.5));
#1412 = CARTESIAN_POINT('',(25.02425063862,-171.5));
#1413 = ( GEOMETRIC_REPRESENTATION_CONTEXT(2) 
PARAMETRIC_REPRESENTATION_CONTEXT() REPRESENTATION_CONTEXT('2D SPACE',''
  ) );
#1414 = PCURVE('',#1415,#1420);
#1415 = CYLINDRICAL_SURFACE('',#1416,1.25);
#1416 = AXIS2_PLACEMENT_3D('',#1417,#1418,#1419);
#1417 = CARTESIAN_POINT('',(82.75,24.872595052935,10.92696692109));
#1418 = DIRECTION('',(-0.,0.15643446504,-0.987688340595));
#1419 = DIRECTION('',(-1.,-0.,0.));
#1420 = DEFINITIONAL_REPRESENTATION('',(#1421),#1425);
#1421 = LINE('',#1422,#1423);
#1422 = CARTESIAN_POINT('',(0.,-1.));
#1423 = VECTOR('',#1424,1.);
#1424 = DIRECTION('',(1.,0.));
#1425 = ( GEOMETRIC_REPRESENTATION_CONTEXT(2) 
PARAMETRIC_REPRESENTATION_CONTEXT() REPRESENTATION_CONTEXT('2D SPACE',''
  ) );
#1426 = ORIENTED_EDGE('',*,*,#1427,.T.);
#1427 = EDGE_CURVE('',#1395,#1428,#1430,.T.);
#1428 = VERTEX_POINT('',#1429);
#1429 = CARTESIAN_POINT('',(-82.75,23.481550162151,11.719112180385));
#1430 = SURFACE_CURVE('',#1431,(#1435,#1442),.PCURVE_S1.);
#1431 = LINE('',#1432,#1433);
#1432 = CARTESIAN_POINT('',(-24.3125,23.481550162151,11.719112180385));
#1433 = VECTOR('',#1434,1.);
#1434 = DIRECTION('',(-1.,0.,0.));
#1435 = PCURVE('',#378,#1436);
#1436 = DEFINITIONAL_REPRESENTATION('',(#1437),#1441);
#1437 = LINE('',#1438,#1439);
#1438 = CARTESIAN_POINT('',(23.77425063862,-65.6875));
#1439 = VECTOR('',#1440,1.);
#1440 = DIRECTION('',(0.,1.));
#1441 = ( GEOMETRIC_REPRESENTATION_CONTEXT(2) 
PARAMETRIC_REPRESENTATION_CONTEXT() REPRESENTATION_CONTEXT('2D SPACE',''
  ) );
#1442 = PCURVE('',#1443,#1448);
#1443 = PLANE('',#1444);
#1444 = AXIS2_PLACEMENT_3D('',#1445,#1446,#1447);
#1445 = CARTESIAN_POINT('',(41.375,23.637984627191,10.73142383979));
#1446 = DIRECTION('',(0.,0.987688340595,0.15643446504));
#1447 = DIRECTION('',(1.,0.,-0.));
#1448 = DEFINITIONAL_REPRESENTATION('',(#1449),#1453);
#1449 = LINE('',#1450,#1451);
#1450 = CARTESIAN_POINT('',(-65.6875,-1.));
#1451 = VECTOR('',#1452,1.);
#1452 = DIRECTION('',(-1.,0.));
#1453 = ( GEOMETRIC_REPRESENTATION_CONTEXT(2) 
PARAMETRIC_REPRESENTATION_CONTEXT() REPRESENTATION_CONTEXT('2D SPACE',''
  ) );
#1454 = ORIENTED_EDGE('',*,*,#1455,.T.);
#1455 = EDGE_CURVE('',#1428,#1367,#1456,.T.);
#1456 = SURFACE_CURVE('',#1457,(#1462,#1473),.PCURVE_S1.);
#1457 = CIRCLE('',#1458,1.25);
#1458 = AXIS2_PLACEMENT_3D('',#1459,#1460,#1461);
#1459 = CARTESIAN_POINT('',(-82.75,24.716160587895,11.914655261685));
#1460 = DIRECTION('',(0.,0.15643446504,-0.987688340595));
#1461 = DIRECTION('',(1.,0.,0.));
#1462 = PCURVE('',#378,#1463);
#1463 = DEFINITIONAL_REPRESENTATION('',(#1464),#1472);
#1464 = ( BOUNDED_CURVE() B_SPLINE_CURVE(2,(#1465,#1466,#1467,#1468,
#1469,#1470,#1471),.UNSPECIFIED.,.T.,.F.) B_SPLINE_CURVE_WITH_KNOTS((1,2
    ,2,2,2,1),(-2.094395102393,0.,2.094395102393,4.188790204786,
6.28318530718,8.377580409573),.UNSPECIFIED.) CURVE() 
GEOMETRIC_REPRESENTATION_ITEM() RATIONAL_B_SPLINE_CURVE((1.,0.5,1.,0.5,
1.,0.5,1.)) REPRESENTATION_ITEM('') );
#1465 = CARTESIAN_POINT('',(25.02425063862,-8.5));
#1466 = CARTESIAN_POINT('',(22.859187129158,-8.5));
#1467 = CARTESIAN_POINT('',(23.941718883889,-6.625));
#1468 = CARTESIAN_POINT('',(25.02425063862,-4.75));
#1469 = CARTESIAN_POINT('',(26.10678239335,-6.625));
#1470 = CARTESIAN_POINT('',(27.189314148081,-8.5));
#1471 = CARTESIAN_POINT('',(25.02425063862,-8.5));
#1472 = ( GEOMETRIC_REPRESENTATION_CONTEXT(2) 
PARAMETRIC_REPRESENTATION_CONTEXT() REPRESENTATION_CONTEXT('2D SPACE',''
  ) );
#1473 = PCURVE('',#1474,#1479);
#1474 = CYLINDRICAL_SURFACE('',#1475,1.25);
#1475 = AXIS2_PLACEMENT_3D('',#1476,#1477,#1478);
#1476 = CARTESIAN_POINT('',(-82.75,24.872595052935,10.92696692109));
#1477 = DIRECTION('',(0.,0.15643446504,-0.987688340595));
#1478 = DIRECTION('',(1.,0.,0.));
#1479 = DEFINITIONAL_REPRESENTATION('',(#1480),#1484);
#1480 = LINE('',#1481,#1482);
#1481 = CARTESIAN_POINT('',(0.,-1.));
#1482 = VECTOR('',#1483,1.);
#1483 = DIRECTION('',(1.,0.));
#1484 = ( GEOMETRIC_REPRESENTATION_CONTEXT(2) 
PARAMETRIC_REPRESENTATION_CONTEXT() REPRESENTATION_CONTEXT('2D SPACE',''
  ) );
#1485 = FACE_BOUND('',#1486,.T.);
#1486 = EDGE_LOOP('',(#1487,#1517,#1550,#1578));
#1487 = ORIENTED_EDGE('',*,*,#1488,.F.);
#1488 = EDGE_CURVE('',#1489,#1491,#1493,.T.);
#1489 = VERTEX_POINT('',#1490);
#1490 = CARTESIAN_POINT('',(82.75,33.358433568103,13.283456830787));
#1491 = VERTEX_POINT('',#1492);
#1492 = CARTESIAN_POINT('',(-82.75,33.358433568103,13.283456830787));
#1493 = SURFACE_CURVE('',#1494,(#1498,#1505),.PCURVE_S1.);
#1494 = LINE('',#1495,#1496);
#1495 = CARTESIAN_POINT('',(-86.375,33.358433568103,13.283456830787));
#1496 = VECTOR('',#1497,1.);
#1497 = DIRECTION('',(-1.,0.,0.));
#1498 = PCURVE('',#378,#1499);
#1499 = DEFINITIONAL_REPRESENTATION('',(#1500),#1504);
#1500 = LINE('',#1501,#1502);
#1501 = CARTESIAN_POINT('',(33.77425063862,-3.625));
#1502 = VECTOR('',#1503,1.);
#1503 = DIRECTION('',(0.,1.));
#1504 = ( GEOMETRIC_REPRESENTATION_CONTEXT(2) 
PARAMETRIC_REPRESENTATION_CONTEXT() REPRESENTATION_CONTEXT('2D SPACE',''
  ) );
#1505 = PCURVE('',#1506,#1511);
#1506 = PLANE('',#1507);
#1507 = AXIS2_PLACEMENT_3D('',#1508,#1509,#1510);
#1508 = CARTESIAN_POINT('',(-82.75,33.514868033143,12.295768490192));
#1509 = DIRECTION('',(0.,0.987688340595,0.15643446504));
#1510 = DIRECTION('',(1.,0.,-0.));
#1511 = DEFINITIONAL_REPRESENTATION('',(#1512),#1516);
#1512 = LINE('',#1513,#1514);
#1513 = CARTESIAN_POINT('',(-3.625,-1.));
#1514 = VECTOR('',#1515,1.);
#1515 = DIRECTION('',(-1.,0.));
#1516 = ( GEOMETRIC_REPRESENTATION_CONTEXT(2) 
PARAMETRIC_REPRESENTATION_CONTEXT() REPRESENTATION_CONTEXT('2D SPACE',''
  ) );
#1517 = ORIENTED_EDGE('',*,*,#1518,.T.);
#1518 = EDGE_CURVE('',#1489,#1519,#1521,.T.);
#1519 = VERTEX_POINT('',#1520);
#1520 = CARTESIAN_POINT('',(82.75,30.889212716615,12.892370668187));
#1521 = SURFACE_CURVE('',#1522,(#1527,#1538),.PCURVE_S1.);
#1522 = CIRCLE('',#1523,1.25);
#1523 = AXIS2_PLACEMENT_3D('',#1524,#1525,#1526);
#1524 = CARTESIAN_POINT('',(82.75,32.123823142359,13.087913749487));
#1525 = DIRECTION('',(-0.,0.15643446504,-0.987688340595));
#1526 = DIRECTION('',(-1.,-0.,0.));
#1527 = PCURVE('',#378,#1528);
#1528 = DEFINITIONAL_REPRESENTATION('',(#1529),#1537);
#1529 = ( BOUNDED_CURVE() B_SPLINE_CURVE(2,(#1530,#1531,#1532,#1533,
#1534,#1535,#1536),.UNSPECIFIED.,.T.,.F.) B_SPLINE_CURVE_WITH_KNOTS((1,2
    ,2,2,2,1),(-2.094395102393,0.,2.094395102393,4.188790204786,
6.28318530718,8.377580409573),.UNSPECIFIED.) CURVE() 
GEOMETRIC_REPRESENTATION_ITEM() RATIONAL_B_SPLINE_CURVE((1.,0.5,1.,0.5,
1.,0.5,1.)) REPRESENTATION_ITEM('') );
#1530 = CARTESIAN_POINT('',(32.52425063862,-171.5));
#1531 = CARTESIAN_POINT('',(34.689314148081,-171.5));
#1532 = CARTESIAN_POINT('',(33.606782393351,-173.375));
#1533 = CARTESIAN_POINT('',(32.52425063862,-175.25));
#1534 = CARTESIAN_POINT('',(31.44171888389,-173.375));
#1535 = CARTESIAN_POINT('',(30.359187129159,-171.5));
#1536 = CARTESIAN_POINT('',(32.52425063862,-171.5));
#1537 = ( GEOMETRIC_REPRESENTATION_CONTEXT(2) 
PARAMETRIC_REPRESENTATION_CONTEXT() REPRESENTATION_CONTEXT('2D SPACE',''
  ) );
#1538 = PCURVE('',#1539,#1544);
#1539 = CYLINDRICAL_SURFACE('',#1540,1.25);
#1540 = AXIS2_PLACEMENT_3D('',#1541,#1542,#1543);
#1541 = CARTESIAN_POINT('',(82.75,32.280257607399,12.100225408892));
#1542 = DIRECTION('',(-0.,0.15643446504,-0.987688340595));
#1543 = DIRECTION('',(-1.,-0.,0.));
#1544 = DEFINITIONAL_REPRESENTATION('',(#1545),#1549);
#1545 = LINE('',#1546,#1547);
#1546 = CARTESIAN_POINT('',(0.,-1.));
#1547 = VECTOR('',#1548,1.);
#1548 = DIRECTION('',(1.,0.));
#1549 = ( GEOMETRIC_REPRESENTATION_CONTEXT(2) 
PARAMETRIC_REPRESENTATION_CONTEXT() REPRESENTATION_CONTEXT('2D SPACE',''
  ) );
#1550 = ORIENTED_EDGE('',*,*,#1551,.T.);
#1551 = EDGE_CURVE('',#1519,#1552,#1554,.T.);
#1552 = VERTEX_POINT('',#1553);
#1553 = CARTESIAN_POINT('',(-82.75,30.889212716615,12.892370668187));
#1554 = SURFACE_CURVE('',#1555,(#1559,#1566),.PCURVE_S1.);
#1555 = LINE('',#1556,#1557);
#1556 = CARTESIAN_POINT('',(-24.3125,30.889212716615,12.892370668187));
#1557 = VECTOR('',#1558,1.);
#1558 = DIRECTION('',(-1.,0.,0.));
#1559 = PCURVE('',#378,#1560);
#1560 = DEFINITIONAL_REPRESENTATION('',(#1561),#1565);
#1561 = LINE('',#1562,#1563);
#1562 = CARTESIAN_POINT('',(31.27425063862,-65.6875));
#1563 = VECTOR('',#1564,1.);
#1564 = DIRECTION('',(0.,1.));
#1565 = ( GEOMETRIC_REPRESENTATION_CONTEXT(2) 
PARAMETRIC_REPRESENTATION_CONTEXT() REPRESENTATION_CONTEXT('2D SPACE',''
  ) );
#1566 = PCURVE('',#1567,#1572);
#1567 = PLANE('',#1568);
#1568 = AXIS2_PLACEMENT_3D('',#1569,#1570,#1571);
#1569 = CARTESIAN_POINT('',(41.375,31.045647181655,11.904682327591));
#1570 = DIRECTION('',(0.,0.987688340595,0.15643446504));
#1571 = DIRECTION('',(1.,0.,-0.));
#1572 = DEFINITIONAL_REPRESENTATION('',(#1573),#1577);
#1573 = LINE('',#1574,#1575);
#1574 = CARTESIAN_POINT('',(-65.6875,-1.000000000001));
#1575 = VECTOR('',#1576,1.);
#1576 = DIRECTION('',(-1.,0.));
#1577 = ( GEOMETRIC_REPRESENTATION_CONTEXT(2) 
PARAMETRIC_REPRESENTATION_CONTEXT() REPRESENTATION_CONTEXT('2D SPACE',''
  ) );
#1578 = ORIENTED_EDGE('',*,*,#1579,.T.);
#1579 = EDGE_CURVE('',#1552,#1491,#1580,.T.);
#1580 = SURFACE_CURVE('',#1581,(#1586,#1597),.PCURVE_S1.);
#1581 = CIRCLE('',#1582,1.25);
#1582 = AXIS2_PLACEMENT_3D('',#1583,#1584,#1585);
#1583 = CARTESIAN_POINT('',(-82.75,32.123823142359,13.087913749487));
#1584 = DIRECTION('',(0.,0.15643446504,-0.987688340595));
#1585 = DIRECTION('',(1.,0.,0.));
#1586 = PCURVE('',#378,#1587);
#1587 = DEFINITIONAL_REPRESENTATION('',(#1588),#1596);
#1588 = ( BOUNDED_CURVE() B_SPLINE_CURVE(2,(#1589,#1590,#1591,#1592,
#1593,#1594,#1595),.UNSPECIFIED.,.T.,.F.) B_SPLINE_CURVE_WITH_KNOTS((1,2
    ,2,2,2,1),(-2.094395102393,0.,2.094395102393,4.188790204786,
6.28318530718,8.377580409573),.UNSPECIFIED.) CURVE() 
GEOMETRIC_REPRESENTATION_ITEM() RATIONAL_B_SPLINE_CURVE((1.,0.5,1.,0.5,
1.,0.5,1.)) REPRESENTATION_ITEM('') );
#1589 = CARTESIAN_POINT('',(32.52425063862,-8.5));
#1590 = CARTESIAN_POINT('',(30.359187129159,-8.5));
#1591 = CARTESIAN_POINT('',(31.44171888389,-6.625));
#1592 = CARTESIAN_POINT('',(32.52425063862,-4.75));
#1593 = CARTESIAN_POINT('',(33.606782393351,-6.625));
#1594 = CARTESIAN_POINT('',(34.689314148081,-8.5));
#1595 = CARTESIAN_POINT('',(32.52425063862,-8.5));
#1596 = ( GEOMETRIC_REPRESENTATION_CONTEXT(2) 
PARAMETRIC_REPRESENTATION_CONTEXT() REPRESENTATION_CONTEXT('2D SPACE',''
  ) );
#1597 = PCURVE('',#1598,#1603);
#1598 = CYLINDRICAL_SURFACE('',#1599,1.25);
#1599 = AXIS2_PLACEMENT_3D('',#1600,#1601,#1602);
#1600 = CARTESIAN_POINT('',(-82.75,32.280257607399,12.100225408892));
#1601 = DIRECTION('',(0.,0.15643446504,-0.987688340595));
#1602 = DIRECTION('',(1.,0.,0.));
#1603 = DEFINITIONAL_REPRESENTATION('',(#1604),#1608);
#1604 = LINE('',#1605,#1606);
#1605 = CARTESIAN_POINT('',(0.,-1.));
#1606 = VECTOR('',#1607,1.);
#1607 = DIRECTION('',(1.,0.));
#1608 = ( GEOMETRIC_REPRESENTATION_CONTEXT(2) 
PARAMETRIC_REPRESENTATION_CONTEXT() REPRESENTATION_CONTEXT('2D SPACE',''
  ) );
#1609 = FACE_BOUND('',#1610,.T.);
#1610 = EDGE_LOOP('',(#1611,#1641,#1674,#1702));
#1611 = ORIENTED_EDGE('',*,*,#1612,.F.);
#1612 = EDGE_CURVE('',#1613,#1615,#1617,.T.);
#1613 = VERTEX_POINT('',#1614);
#1614 = CARTESIAN_POINT('',(82.75,40.766096122566,14.456715318589));
#1615 = VERTEX_POINT('',#1616);
#1616 = CARTESIAN_POINT('',(-82.75,40.766096122566,14.456715318589));
#1617 = SURFACE_CURVE('',#1618,(#1622,#1629),.PCURVE_S1.);
#1618 = LINE('',#1619,#1620);
#1619 = CARTESIAN_POINT('',(-86.375,40.766096122566,14.456715318589));
#1620 = VECTOR('',#1621,1.);
#1621 = DIRECTION('',(-1.,0.,0.));
#1622 = PCURVE('',#378,#1623);
#1623 = DEFINITIONAL_REPRESENTATION('',(#1624),#1628);
#1624 = LINE('',#1625,#1626);
#1625 = CARTESIAN_POINT('',(41.27425063862,-3.625));
#1626 = VECTOR('',#1627,1.);
#1627 = DIRECTION('',(0.,1.));
#1628 = ( GEOMETRIC_REPRESENTATION_CONTEXT(2) 
PARAMETRIC_REPRESENTATION_CONTEXT() REPRESENTATION_CONTEXT('2D SPACE',''
  ) );
#1629 = PCURVE('',#1630,#1635);
#1630 = PLANE('',#1631);
#1631 = AXIS2_PLACEMENT_3D('',#1632,#1633,#1634);
#1632 = CARTESIAN_POINT('',(-82.75,40.922530587606,13.469026977994));
#1633 = DIRECTION('',(0.,0.987688340595,0.15643446504));
#1634 = DIRECTION('',(1.,0.,-0.));
#1635 = DEFINITIONAL_REPRESENTATION('',(#1636),#1640);
#1636 = LINE('',#1637,#1638);
#1637 = CARTESIAN_POINT('',(-3.625,-1.));
#1638 = VECTOR('',#1639,1.);
#1639 = DIRECTION('',(-1.,0.));
#1640 = ( GEOMETRIC_REPRESENTATION_CONTEXT(2) 
PARAMETRIC_REPRESENTATION_CONTEXT() REPRESENTATION_CONTEXT('2D SPACE',''
  ) );
#1641 = ORIENTED_EDGE('',*,*,#1642,.T.);
#1642 = EDGE_CURVE('',#1613,#1643,#1645,.T.);
#1643 = VERTEX_POINT('',#1644);
#1644 = CARTESIAN_POINT('',(82.75,38.296875271078,14.065629155988));
#1645 = SURFACE_CURVE('',#1646,(#1651,#1662),.PCURVE_S1.);
#1646 = CIRCLE('',#1647,1.25);
#1647 = AXIS2_PLACEMENT_3D('',#1648,#1649,#1650);
#1648 = CARTESIAN_POINT('',(82.75,39.531485696822,14.261172237289));
#1649 = DIRECTION('',(-0.,0.15643446504,-0.987688340595));
#1650 = DIRECTION('',(-1.,-0.,0.));
#1651 = PCURVE('',#378,#1652);
#1652 = DEFINITIONAL_REPRESENTATION('',(#1653),#1661);
#1653 = ( BOUNDED_CURVE() B_SPLINE_CURVE(2,(#1654,#1655,#1656,#1657,
#1658,#1659,#1660),.UNSPECIFIED.,.T.,.F.) B_SPLINE_CURVE_WITH_KNOTS((1,2
    ,2,2,2,1),(-2.094395102393,0.,2.094395102393,4.188790204786,
6.28318530718,8.377580409573),.UNSPECIFIED.) CURVE() 
GEOMETRIC_REPRESENTATION_ITEM() RATIONAL_B_SPLINE_CURVE((1.,0.5,1.,0.5,
1.,0.5,1.)) REPRESENTATION_ITEM('') );
#1654 = CARTESIAN_POINT('',(40.02425063862,-171.5));
#1655 = CARTESIAN_POINT('',(42.189314148081,-171.5));
#1656 = CARTESIAN_POINT('',(41.10678239335,-173.375));
#1657 = CARTESIAN_POINT('',(40.02425063862,-175.25));
#1658 = CARTESIAN_POINT('',(38.941718883889,-173.375));
#1659 = CARTESIAN_POINT('',(37.859187129158,-171.5));
#1660 = CARTESIAN_POINT('',(40.02425063862,-171.5));
#1661 = ( GEOMETRIC_REPRESENTATION_CONTEXT(2) 
PARAMETRIC_REPRESENTATION_CONTEXT() REPRESENTATION_CONTEXT('2D SPACE',''
  ) );
#1662 = PCURVE('',#1663,#1668);
#1663 = CYLINDRICAL_SURFACE('',#1664,1.25);
#1664 = AXIS2_PLACEMENT_3D('',#1665,#1666,#1667);
#1665 = CARTESIAN_POINT('',(82.75,39.687920161862,13.273483896693));
#1666 = DIRECTION('',(-0.,0.15643446504,-0.987688340595));
#1667 = DIRECTION('',(-1.,-0.,0.));
#1668 = DEFINITIONAL_REPRESENTATION('',(#1669),#1673);
#1669 = LINE('',#1670,#1671);
#1670 = CARTESIAN_POINT('',(0.,-1.));
#1671 = VECTOR('',#1672,1.);
#1672 = DIRECTION('',(1.,0.));
#1673 = ( GEOMETRIC_REPRESENTATION_CONTEXT(2) 
PARAMETRIC_REPRESENTATION_CONTEXT() REPRESENTATION_CONTEXT('2D SPACE',''
  ) );
#1674 = ORIENTED_EDGE('',*,*,#1675,.T.);
#1675 = EDGE_CURVE('',#1643,#1676,#1678,.T.);
#1676 = VERTEX_POINT('',#1677);
#1677 = CARTESIAN_POINT('',(-82.75,38.296875271078,14.065629155988));
#1678 = SURFACE_CURVE('',#1679,(#1683,#1690),.PCURVE_S1.);
#1679 = LINE('',#1680,#1681);
#1680 = CARTESIAN_POINT('',(-24.3125,38.296875271078,14.065629155988));
#1681 = VECTOR('',#1682,1.);
#1682 = DIRECTION('',(-1.,0.,0.));
#1683 = PCURVE('',#378,#1684);
#1684 = DEFINITIONAL_REPRESENTATION('',(#1685),#1689);
#1685 = LINE('',#1686,#1687);
#1686 = CARTESIAN_POINT('',(38.774250638619,-65.6875));
#1687 = VECTOR('',#1688,1.);
#1688 = DIRECTION('',(0.,1.));
#1689 = ( GEOMETRIC_REPRESENTATION_CONTEXT(2) 
PARAMETRIC_REPRESENTATION_CONTEXT() REPRESENTATION_CONTEXT('2D SPACE',''
  ) );
#1690 = PCURVE('',#1691,#1696);
#1691 = PLANE('',#1692);
#1692 = AXIS2_PLACEMENT_3D('',#1693,#1694,#1695);
#1693 = CARTESIAN_POINT('',(41.375,38.453309736119,13.077940815393));
#1694 = DIRECTION('',(0.,0.987688340595,0.15643446504));
#1695 = DIRECTION('',(1.,0.,-0.));
#1696 = DEFINITIONAL_REPRESENTATION('',(#1697),#1701);
#1697 = LINE('',#1698,#1699);
#1698 = CARTESIAN_POINT('',(-65.6875,-1.));
#1699 = VECTOR('',#1700,1.);
#1700 = DIRECTION('',(-1.,0.));
#1701 = ( GEOMETRIC_REPRESENTATION_CONTEXT(2) 
PARAMETRIC_REPRESENTATION_CONTEXT() REPRESENTATION_CONTEXT('2D SPACE',''
  ) );
#1702 = ORIENTED_EDGE('',*,*,#1703,.T.);
#1703 = EDGE_CURVE('',#1676,#1615,#1704,.T.);
#1704 = SURFACE_CURVE('',#1705,(#1710,#1721),.PCURVE_S1.);
#1705 = CIRCLE('',#1706,1.25);
#1706 = AXIS2_PLACEMENT_3D('',#1707,#1708,#1709);
#1707 = CARTESIAN_POINT('',(-82.75,39.531485696822,14.261172237289));
#1708 = DIRECTION('',(0.,0.15643446504,-0.987688340595));
#1709 = DIRECTION('',(1.,0.,0.));
#1710 = PCURVE('',#378,#1711);
#1711 = DEFINITIONAL_REPRESENTATION('',(#1712),#1720);
#1712 = ( BOUNDED_CURVE() B_SPLINE_CURVE(2,(#1713,#1714,#1715,#1716,
#1717,#1718,#1719),.UNSPECIFIED.,.T.,.F.) B_SPLINE_CURVE_WITH_KNOTS((1,2
    ,2,2,2,1),(-2.094395102393,0.,2.094395102393,4.188790204786,
6.28318530718,8.377580409573),.UNSPECIFIED.) CURVE() 
GEOMETRIC_REPRESENTATION_ITEM() RATIONAL_B_SPLINE_CURVE((1.,0.5,1.,0.5,
1.,0.5,1.)) REPRESENTATION_ITEM('') );
#1713 = CARTESIAN_POINT('',(40.02425063862,-8.5));
#1714 = CARTESIAN_POINT('',(37.859187129158,-8.5));
#1715 = CARTESIAN_POINT('',(38.941718883889,-6.625));
#1716 = CARTESIAN_POINT('',(40.02425063862,-4.75));
#1717 = CARTESIAN_POINT('',(41.10678239335,-6.625));
#1718 = CARTESIAN_POINT('',(42.189314148081,-8.5));
#1719 = CARTESIAN_POINT('',(40.02425063862,-8.5));
#1720 = ( GEOMETRIC_REPRESENTATION_CONTEXT(2) 
PARAMETRIC_REPRESENTATION_CONTEXT() REPRESENTATION_CONTEXT('2D SPACE',''
  ) );
#1721 = PCURVE('',#1722,#1727);
#1722 = CYLINDRICAL_SURFACE('',#1723,1.25);
#1723 = AXIS2_PLACEMENT_3D('',#1724,#1725,#1726);
#1724 = CARTESIAN_POINT('',(-82.75,39.687920161862,13.273483896693));
#1725 = DIRECTION('',(0.,0.15643446504,-0.987688340595));
#1726 = DIRECTION('',(1.,0.,0.));
#1727 = DEFINITIONAL_REPRESENTATION('',(#1728),#1732);
#1728 = LINE('',#1729,#1730);
#1729 = CARTESIAN_POINT('',(0.,-1.));
#1730 = VECTOR('',#1731,1.);
#1731 = DIRECTION('',(1.,0.));
#1732 = ( GEOMETRIC_REPRESENTATION_CONTEXT(2) 
PARAMETRIC_REPRESENTATION_CONTEXT() REPRESENTATION_CONTEXT('2D SPACE',''
  ) );
#1733 = FACE_BOUND('',#1734,.T.);
#1734 = EDGE_LOOP('',(#1735,#1765,#1798,#1826));
#1735 = ORIENTED_EDGE('',*,*,#1736,.F.);
#1736 = EDGE_CURVE('',#1737,#1739,#1741,.T.);
#1737 = VERTEX_POINT('',#1738);
#1738 = CARTESIAN_POINT('',(82.75,48.17375867703,15.629973806391));
#1739 = VERTEX_POINT('',#1740);
#1740 = CARTESIAN_POINT('',(-82.75,48.17375867703,15.629973806391));
#1741 = SURFACE_CURVE('',#1742,(#1746,#1753),.PCURVE_S1.);
#1742 = LINE('',#1743,#1744);
#1743 = CARTESIAN_POINT('',(-86.375,48.17375867703,15.629973806391));
#1744 = VECTOR('',#1745,1.);
#1745 = DIRECTION('',(-1.,0.,0.));
#1746 = PCURVE('',#378,#1747);
#1747 = DEFINITIONAL_REPRESENTATION('',(#1748),#1752);
#1748 = LINE('',#1749,#1750);
#1749 = CARTESIAN_POINT('',(48.77425063862,-3.625));
#1750 = VECTOR('',#1751,1.);
#1751 = DIRECTION('',(0.,1.));
#1752 = ( GEOMETRIC_REPRESENTATION_CONTEXT(2) 
PARAMETRIC_REPRESENTATION_CONTEXT() REPRESENTATION_CONTEXT('2D SPACE',''
  ) );
#1753 = PCURVE('',#1754,#1759);
#1754 = PLANE('',#1755);
#1755 = AXIS2_PLACEMENT_3D('',#1756,#1757,#1758);
#1756 = CARTESIAN_POINT('',(-82.75,48.33019314207,14.642285465795));
#1757 = DIRECTION('',(0.,0.987688340595,0.15643446504));
#1758 = DIRECTION('',(1.,0.,-0.));
#1759 = DEFINITIONAL_REPRESENTATION('',(#1760),#1764);
#1760 = LINE('',#1761,#1762);
#1761 = CARTESIAN_POINT('',(-3.625,-1.000000000001));
#1762 = VECTOR('',#1763,1.);
#1763 = DIRECTION('',(-1.,0.));
#1764 = ( GEOMETRIC_REPRESENTATION_CONTEXT(2) 
PARAMETRIC_REPRESENTATION_CONTEXT() REPRESENTATION_CONTEXT('2D SPACE',''
  ) );
#1765 = ORIENTED_EDGE('',*,*,#1766,.T.);
#1766 = EDGE_CURVE('',#1737,#1767,#1769,.T.);
#1767 = VERTEX_POINT('',#1768);
#1768 = CARTESIAN_POINT('',(82.75,45.704537825542,15.23888764379));
#1769 = SURFACE_CURVE('',#1770,(#1775,#1786),.PCURVE_S1.);
#1770 = CIRCLE('',#1771,1.25);
#1771 = AXIS2_PLACEMENT_3D('',#1772,#1773,#1774);
#1772 = CARTESIAN_POINT('',(82.75,46.939148251286,15.43443072509));
#1773 = DIRECTION('',(-0.,0.15643446504,-0.987688340595));
#1774 = DIRECTION('',(-1.,-0.,0.));
#1775 = PCURVE('',#378,#1776);
#1776 = DEFINITIONAL_REPRESENTATION('',(#1777),#1785);
#1777 = ( BOUNDED_CURVE() B_SPLINE_CURVE(2,(#1778,#1779,#1780,#1781,
#1782,#1783,#1784),.UNSPECIFIED.,.T.,.F.) B_SPLINE_CURVE_WITH_KNOTS((1,2
    ,2,2,2,1),(-2.094395102393,0.,2.094395102393,4.188790204786,
6.28318530718,8.377580409573),.UNSPECIFIED.) CURVE() 
GEOMETRIC_REPRESENTATION_ITEM() RATIONAL_B_SPLINE_CURVE((1.,0.5,1.,0.5,
1.,0.5,1.)) REPRESENTATION_ITEM('') );
#1778 = CARTESIAN_POINT('',(47.52425063862,-171.5));
#1779 = CARTESIAN_POINT('',(49.689314148081,-171.5));
#1780 = CARTESIAN_POINT('',(48.60678239335,-173.375));
#1781 = CARTESIAN_POINT('',(47.52425063862,-175.25));
#1782 = CARTESIAN_POINT('',(46.441718883889,-173.375));
#1783 = CARTESIAN_POINT('',(45.359187129159,-171.5));
#1784 = CARTESIAN_POINT('',(47.52425063862,-171.5));
#1785 = ( GEOMETRIC_REPRESENTATION_CONTEXT(2) 
PARAMETRIC_REPRESENTATION_CONTEXT() REPRESENTATION_CONTEXT('2D SPACE',''
  ) );
#1786 = PCURVE('',#1787,#1792);
#1787 = CYLINDRICAL_SURFACE('',#1788,1.25);
#1788 = AXIS2_PLACEMENT_3D('',#1789,#1790,#1791);
#1789 = CARTESIAN_POINT('',(82.75,47.095582716326,14.446742384495));
#1790 = DIRECTION('',(-0.,0.15643446504,-0.987688340595));
#1791 = DIRECTION('',(-1.,-0.,0.));
#1792 = DEFINITIONAL_REPRESENTATION('',(#1793),#1797);
#1793 = LINE('',#1794,#1795);
#1794 = CARTESIAN_POINT('',(0.,-1.));
#1795 = VECTOR('',#1796,1.);
#1796 = DIRECTION('',(1.,0.));
#1797 = ( GEOMETRIC_REPRESENTATION_CONTEXT(2) 
PARAMETRIC_REPRESENTATION_CONTEXT() REPRESENTATION_CONTEXT('2D SPACE',''
  ) );
#1798 = ORIENTED_EDGE('',*,*,#1799,.T.);
#1799 = EDGE_CURVE('',#1767,#1800,#1802,.T.);
#1800 = VERTEX_POINT('',#1801);
#1801 = CARTESIAN_POINT('',(-82.75,45.704537825542,15.23888764379));
#1802 = SURFACE_CURVE('',#1803,(#1807,#1814),.PCURVE_S1.);
#1803 = LINE('',#1804,#1805);
#1804 = CARTESIAN_POINT('',(-24.3125,45.704537825542,15.23888764379));
#1805 = VECTOR('',#1806,1.);
#1806 = DIRECTION('',(-1.,0.,0.));
#1807 = PCURVE('',#378,#1808);
#1808 = DEFINITIONAL_REPRESENTATION('',(#1809),#1813);
#1809 = LINE('',#1810,#1811);
#1810 = CARTESIAN_POINT('',(46.27425063862,-65.6875));
#1811 = VECTOR('',#1812,1.);
#1812 = DIRECTION('',(0.,1.));
#1813 = ( GEOMETRIC_REPRESENTATION_CONTEXT(2) 
PARAMETRIC_REPRESENTATION_CONTEXT() REPRESENTATION_CONTEXT('2D SPACE',''
  ) );
#1814 = PCURVE('',#1815,#1820);
#1815 = PLANE('',#1816);
#1816 = AXIS2_PLACEMENT_3D('',#1817,#1818,#1819);
#1817 = CARTESIAN_POINT('',(41.375,45.860972290582,14.251199303195));
#1818 = DIRECTION('',(0.,0.987688340595,0.15643446504));
#1819 = DIRECTION('',(1.,0.,-0.));
#1820 = DEFINITIONAL_REPRESENTATION('',(#1821),#1825);
#1821 = LINE('',#1822,#1823);
#1822 = CARTESIAN_POINT('',(-65.6875,-1.));
#1823 = VECTOR('',#1824,1.);
#1824 = DIRECTION('',(-1.,0.));
#1825 = ( GEOMETRIC_REPRESENTATION_CONTEXT(2) 
PARAMETRIC_REPRESENTATION_CONTEXT() REPRESENTATION_CONTEXT('2D SPACE',''
  ) );
#1826 = ORIENTED_EDGE('',*,*,#1827,.T.);
#1827 = EDGE_CURVE('',#1800,#1739,#1828,.T.);
#1828 = SURFACE_CURVE('',#1829,(#1834,#1845),.PCURVE_S1.);
#1829 = CIRCLE('',#1830,1.25);
#1830 = AXIS2_PLACEMENT_3D('',#1831,#1832,#1833);
#1831 = CARTESIAN_POINT('',(-82.75,46.939148251286,15.43443072509));
#1832 = DIRECTION('',(0.,0.15643446504,-0.987688340595));
#1833 = DIRECTION('',(1.,0.,0.));
#1834 = PCURVE('',#378,#1835);
#1835 = DEFINITIONAL_REPRESENTATION('',(#1836),#1844);
#1836 = ( BOUNDED_CURVE() B_SPLINE_CURVE(2,(#1837,#1838,#1839,#1840,
#1841,#1842,#1843),.UNSPECIFIED.,.T.,.F.) B_SPLINE_CURVE_WITH_KNOTS((1,2
    ,2,2,2,1),(-2.094395102393,0.,2.094395102393,4.188790204786,
6.28318530718,8.377580409573),.UNSPECIFIED.) CURVE() 
GEOMETRIC_REPRESENTATION_ITEM() RATIONAL_B_SPLINE_CURVE((1.,0.5,1.,0.5,
1.,0.5,1.)) REPRESENTATION_ITEM('') );
#1837 = CARTESIAN_POINT('',(47.52425063862,-8.5));
#1838 = CARTESIAN_POINT('',(45.359187129159,-8.5));
#1839 = CARTESIAN_POINT('',(46.441718883889,-6.625));
#1840 = CARTESIAN_POINT('',(47.52425063862,-4.75));
#1841 = CARTESIAN_POINT('',(48.60678239335,-6.625));
#1842 = CARTESIAN_POINT('',(49.689314148081,-8.5));
#1843 = CARTESIAN_POINT('',(47.52425063862,-8.5));
#1844 = ( GEOMETRIC_REPRESENTATION_CONTEXT(2) 
PARAMETRIC_REPRESENTATION_CONTEXT() REPRESENTATION_CONTEXT('2D SPACE',''
  ) );
#1845 = PCURVE('',#1846,#1851);
#1846 = CYLINDRICAL_SURFACE('',#1847,1.25);
#1847 = AXIS2_PLACEMENT_3D('',#1848,#1849,#1850);
#1848 = CARTESIAN_POINT('',(-82.75,47.095582716326,14.446742384495));
#1849 = DIRECTION('',(0.,0.15643446504,-0.987688340595));
#1850 = DIRECTION('',(1.,0.,0.));
#1851 = DEFINITIONAL_REPRESENTATION('',(#1852),#1856);
#1852 = LINE('',#1853,#1854);
#1853 = CARTESIAN_POINT('',(0.,-1.));
#1854 = VECTOR('',#1855,1.);
#1855 = DIRECTION('',(1.,0.));
#1856 = ( GEOMETRIC_REPRESENTATION_CONTEXT(2) 
PARAMETRIC_REPRESENTATION_CONTEXT() REPRESENTATION_CONTEXT('2D SPACE',''
  ) );
#1857 = FACE_BOUND('',#1858,.T.);
#1858 = EDGE_LOOP('',(#1859,#1889,#1922,#1950));
#1859 = ORIENTED_EDGE('',*,*,#1860,.F.);
#1860 = EDGE_CURVE('',#1861,#1863,#1865,.T.);
#1861 = VERTEX_POINT('',#1862);
#1862 = CARTESIAN_POINT('',(82.75,55.581421231493,16.803232294192));
#1863 = VERTEX_POINT('',#1864);
#1864 = CARTESIAN_POINT('',(-82.75,55.581421231493,16.803232294192));
#1865 = SURFACE_CURVE('',#1866,(#1870,#1877),.PCURVE_S1.);
#1866 = LINE('',#1867,#1868);
#1867 = CARTESIAN_POINT('',(-86.375,55.581421231493,16.803232294192));
#1868 = VECTOR('',#1869,1.);
#1869 = DIRECTION('',(-1.,0.,0.));
#1870 = PCURVE('',#378,#1871);
#1871 = DEFINITIONAL_REPRESENTATION('',(#1872),#1876);
#1872 = LINE('',#1873,#1874);
#1873 = CARTESIAN_POINT('',(56.274250638619,-3.625));
#1874 = VECTOR('',#1875,1.);
#1875 = DIRECTION('',(0.,1.));
#1876 = ( GEOMETRIC_REPRESENTATION_CONTEXT(2) 
PARAMETRIC_REPRESENTATION_CONTEXT() REPRESENTATION_CONTEXT('2D SPACE',''
  ) );
#1877 = PCURVE('',#1878,#1883);
#1878 = PLANE('',#1879);
#1879 = AXIS2_PLACEMENT_3D('',#1880,#1881,#1882);
#1880 = CARTESIAN_POINT('',(-82.75,55.737855696533,15.815543953597));
#1881 = DIRECTION('',(0.,0.987688340595,0.15643446504));
#1882 = DIRECTION('',(1.,0.,-0.));
#1883 = DEFINITIONAL_REPRESENTATION('',(#1884),#1888);
#1884 = LINE('',#1885,#1886);
#1885 = CARTESIAN_POINT('',(-3.625,-1.));
#1886 = VECTOR('',#1887,1.);
#1887 = DIRECTION('',(-1.,0.));
#1888 = ( GEOMETRIC_REPRESENTATION_CONTEXT(2) 
PARAMETRIC_REPRESENTATION_CONTEXT() REPRESENTATION_CONTEXT('2D SPACE',''
  ) );
#1889 = ORIENTED_EDGE('',*,*,#1890,.T.);
#1890 = EDGE_CURVE('',#1861,#1891,#1893,.T.);
#1891 = VERTEX_POINT('',#1892);
#1892 = CARTESIAN_POINT('',(82.75,53.112200380005,16.412146131592));
#1893 = SURFACE_CURVE('',#1894,(#1899,#1910),.PCURVE_S1.);
#1894 = CIRCLE('',#1895,1.25);
#1895 = AXIS2_PLACEMENT_3D('',#1896,#1897,#1898);
#1896 = CARTESIAN_POINT('',(82.75,54.346810805749,16.607689212892));
#1897 = DIRECTION('',(-0.,0.15643446504,-0.987688340595));
#1898 = DIRECTION('',(-1.,-0.,0.));
#1899 = PCURVE('',#378,#1900);
#1900 = DEFINITIONAL_REPRESENTATION('',(#1901),#1909);
#1901 = ( BOUNDED_CURVE() B_SPLINE_CURVE(2,(#1902,#1903,#1904,#1905,
#1906,#1907,#1908),.UNSPECIFIED.,.T.,.F.) B_SPLINE_CURVE_WITH_KNOTS((1,2
    ,2,2,2,1),(-2.094395102393,0.,2.094395102393,4.188790204786,
6.28318530718,8.377580409573),.UNSPECIFIED.) CURVE() 
GEOMETRIC_REPRESENTATION_ITEM() RATIONAL_B_SPLINE_CURVE((1.,0.5,1.,0.5,
1.,0.5,1.)) REPRESENTATION_ITEM('') );
#1902 = CARTESIAN_POINT('',(55.024250638619,-171.5));
#1903 = CARTESIAN_POINT('',(57.189314148081,-171.5));
#1904 = CARTESIAN_POINT('',(56.10678239335,-173.375));
#1905 = CARTESIAN_POINT('',(55.024250638619,-175.25));
#1906 = CARTESIAN_POINT('',(53.941718883889,-173.375));
#1907 = CARTESIAN_POINT('',(52.859187129158,-171.5));
#1908 = CARTESIAN_POINT('',(55.024250638619,-171.5));
#1909 = ( GEOMETRIC_REPRESENTATION_CONTEXT(2) 
PARAMETRIC_REPRESENTATION_CONTEXT() REPRESENTATION_CONTEXT('2D SPACE',''
  ) );
#1910 = PCURVE('',#1911,#1916);
#1911 = CYLINDRICAL_SURFACE('',#1912,1.25);
#1912 = AXIS2_PLACEMENT_3D('',#1913,#1914,#1915);
#1913 = CARTESIAN_POINT('',(82.75,54.503245270789,15.620000872297));
#1914 = DIRECTION('',(-0.,0.15643446504,-0.987688340595));
#1915 = DIRECTION('',(-1.,-0.,0.));
#1916 = DEFINITIONAL_REPRESENTATION('',(#1917),#1921);
#1917 = LINE('',#1918,#1919);
#1918 = CARTESIAN_POINT('',(0.,-1.));
#1919 = VECTOR('',#1920,1.);
#1920 = DIRECTION('',(1.,0.));
#1921 = ( GEOMETRIC_REPRESENTATION_CONTEXT(2) 
PARAMETRIC_REPRESENTATION_CONTEXT() REPRESENTATION_CONTEXT('2D SPACE',''
  ) );
#1922 = ORIENTED_EDGE('',*,*,#1923,.T.);
#1923 = EDGE_CURVE('',#1891,#1924,#1926,.T.);
#1924 = VERTEX_POINT('',#1925);
#1925 = CARTESIAN_POINT('',(-82.75,53.112200380005,16.412146131592));
#1926 = SURFACE_CURVE('',#1927,(#1931,#1938),.PCURVE_S1.);
#1927 = LINE('',#1928,#1929);
#1928 = CARTESIAN_POINT('',(-24.3125,53.112200380005,16.412146131592));
#1929 = VECTOR('',#1930,1.);
#1930 = DIRECTION('',(-1.,0.,0.));
#1931 = PCURVE('',#378,#1932);
#1932 = DEFINITIONAL_REPRESENTATION('',(#1933),#1937);
#1933 = LINE('',#1934,#1935);
#1934 = CARTESIAN_POINT('',(53.774250638619,-65.6875));
#1935 = VECTOR('',#1936,1.);
#1936 = DIRECTION('',(0.,1.));
#1937 = ( GEOMETRIC_REPRESENTATION_CONTEXT(2) 
PARAMETRIC_REPRESENTATION_CONTEXT() REPRESENTATION_CONTEXT('2D SPACE',''
  ) );
#1938 = PCURVE('',#1939,#1944);
#1939 = PLANE('',#1940);
#1940 = AXIS2_PLACEMENT_3D('',#1941,#1942,#1943);
#1941 = CARTESIAN_POINT('',(41.375,53.268634845046,15.424457790997));
#1942 = DIRECTION('',(0.,0.987688340595,0.15643446504));
#1943 = DIRECTION('',(1.,0.,-0.));
#1944 = DEFINITIONAL_REPRESENTATION('',(#1945),#1949);
#1945 = LINE('',#1946,#1947);
#1946 = CARTESIAN_POINT('',(-65.6875,-1.));
#1947 = VECTOR('',#1948,1.);
#1948 = DIRECTION('',(-1.,0.));
#1949 = ( GEOMETRIC_REPRESENTATION_CONTEXT(2) 
PARAMETRIC_REPRESENTATION_CONTEXT() REPRESENTATION_CONTEXT('2D SPACE',''
  ) );
#1950 = ORIENTED_EDGE('',*,*,#1951,.T.);
#1951 = EDGE_CURVE('',#1924,#1863,#1952,.T.);
#1952 = SURFACE_CURVE('',#1953,(#1958,#1969),.PCURVE_S1.);
#1953 = CIRCLE('',#1954,1.25);
#1954 = AXIS2_PLACEMENT_3D('',#1955,#1956,#1957);
#1955 = CARTESIAN_POINT('',(-82.75,54.346810805749,16.607689212892));
#1956 = DIRECTION('',(0.,0.15643446504,-0.987688340595));
#1957 = DIRECTION('',(1.,0.,0.));
#1958 = PCURVE('',#378,#1959);
#1959 = DEFINITIONAL_REPRESENTATION('',(#1960),#1968);
#1960 = ( BOUNDED_CURVE() B_SPLINE_CURVE(2,(#1961,#1962,#1963,#1964,
#1965,#1966,#1967),.UNSPECIFIED.,.T.,.F.) B_SPLINE_CURVE_WITH_KNOTS((1,2
    ,2,2,2,1),(-2.094395102393,0.,2.094395102393,4.188790204786,
6.28318530718,8.377580409573),.UNSPECIFIED.) CURVE() 
GEOMETRIC_REPRESENTATION_ITEM() RATIONAL_B_SPLINE_CURVE((1.,0.5,1.,0.5,
1.,0.5,1.)) REPRESENTATION_ITEM('') );
#1961 = CARTESIAN_POINT('',(55.024250638619,-8.5));
#1962 = CARTESIAN_POINT('',(52.859187129158,-8.5));
#1963 = CARTESIAN_POINT('',(53.941718883889,-6.625));
#1964 = CARTESIAN_POINT('',(55.024250638619,-4.75));
#1965 = CARTESIAN_POINT('',(56.10678239335,-6.625));
#1966 = CARTESIAN_POINT('',(57.189314148081,-8.5));
#1967 = CARTESIAN_POINT('',(55.024250638619,-8.5));
#1968 = ( GEOMETRIC_REPRESENTATION_CONTEXT(2) 
PARAMETRIC_REPRESENTATION_CONTEXT() REPRESENTATION_CONTEXT('2D SPACE',''
  ) );
#1969 = PCURVE('',#1970,#1975);
#1970 = CYLINDRICAL_SURFACE('',#1971,1.25);
#1971 = AXIS2_PLACEMENT_3D('',#1972,#1973,#1974);
#1972 = CARTESIAN_POINT('',(-82.75,54.503245270789,15.620000872297));
#1973 = DIRECTION('',(0.,0.15643446504,-0.987688340595));
#1974 = DIRECTION('',(1.,0.,0.));
#1975 = DEFINITIONAL_REPRESENTATION('',(#1976),#1980);
#1976 = LINE('',#1977,#1978);
#1977 = CARTESIAN_POINT('',(0.,-1.));
#1978 = VECTOR('',#1979,1.);
#1979 = DIRECTION('',(1.,0.));
#1980 = ( GEOMETRIC_REPRESENTATION_CONTEXT(2) 
PARAMETRIC_REPRESENTATION_CONTEXT() REPRESENTATION_CONTEXT('2D SPACE',''
  ) );
#1981 = FACE_BOUND('',#1982,.T.);
#1982 = EDGE_LOOP('',(#1983,#2013,#2046,#2074));
#1983 = ORIENTED_EDGE('',*,*,#1984,.F.);
#1984 = EDGE_CURVE('',#1985,#1987,#1989,.T.);
#1985 = VERTEX_POINT('',#1986);
#1986 = CARTESIAN_POINT('',(82.75,62.989083785957,17.976490781994));
#1987 = VERTEX_POINT('',#1988);
#1988 = CARTESIAN_POINT('',(-82.75,62.989083785957,17.976490781994));
#1989 = SURFACE_CURVE('',#1990,(#1994,#2001),.PCURVE_S1.);
#1990 = LINE('',#1991,#1992);
#1991 = CARTESIAN_POINT('',(-86.375,62.989083785957,17.976490781994));
#1992 = VECTOR('',#1993,1.);
#1993 = DIRECTION('',(-1.,0.,0.));
#1994 = PCURVE('',#378,#1995);
#1995 = DEFINITIONAL_REPRESENTATION('',(#1996),#2000);
#1996 = LINE('',#1997,#1998);
#1997 = CARTESIAN_POINT('',(63.77425063862,-3.625));
#1998 = VECTOR('',#1999,1.);
#1999 = DIRECTION('',(0.,1.));
#2000 = ( GEOMETRIC_REPRESENTATION_CONTEXT(2) 
PARAMETRIC_REPRESENTATION_CONTEXT() REPRESENTATION_CONTEXT('2D SPACE',''
  ) );
#2001 = PCURVE('',#2002,#2007);
#2002 = PLANE('',#2003);
#2003 = AXIS2_PLACEMENT_3D('',#2004,#2005,#2006);
#2004 = CARTESIAN_POINT('',(-82.75,63.145518250997,16.988802441399));
#2005 = DIRECTION('',(0.,0.987688340595,0.15643446504));
#2006 = DIRECTION('',(1.,0.,-0.));
#2007 = DEFINITIONAL_REPRESENTATION('',(#2008),#2012);
#2008 = LINE('',#2009,#2010);
#2009 = CARTESIAN_POINT('',(-3.625,-1.));
#2010 = VECTOR('',#2011,1.);
#2011 = DIRECTION('',(-1.,0.));
#2012 = ( GEOMETRIC_REPRESENTATION_CONTEXT(2) 
PARAMETRIC_REPRESENTATION_CONTEXT() REPRESENTATION_CONTEXT('2D SPACE',''
  ) );
#2013 = ORIENTED_EDGE('',*,*,#2014,.T.);
#2014 = EDGE_CURVE('',#1985,#2015,#2017,.T.);
#2015 = VERTEX_POINT('',#2016);
#2016 = CARTESIAN_POINT('',(82.75,60.519862934469,17.585404619394));
#2017 = SURFACE_CURVE('',#2018,(#2023,#2034),.PCURVE_S1.);
#2018 = CIRCLE('',#2019,1.25);
#2019 = AXIS2_PLACEMENT_3D('',#2020,#2021,#2022);
#2020 = CARTESIAN_POINT('',(82.75,61.754473360213,17.780947700694));
#2021 = DIRECTION('',(-0.,0.15643446504,-0.987688340595));
#2022 = DIRECTION('',(-1.,-0.,0.));
#2023 = PCURVE('',#378,#2024);
#2024 = DEFINITIONAL_REPRESENTATION('',(#2025),#2033);
#2025 = ( BOUNDED_CURVE() B_SPLINE_CURVE(2,(#2026,#2027,#2028,#2029,
#2030,#2031,#2032),.UNSPECIFIED.,.T.,.F.) B_SPLINE_CURVE_WITH_KNOTS((1,2
    ,2,2,2,1),(-2.094395102393,0.,2.094395102393,4.188790204786,
6.28318530718,8.377580409573),.UNSPECIFIED.) CURVE() 
GEOMETRIC_REPRESENTATION_ITEM() RATIONAL_B_SPLINE_CURVE((1.,0.5,1.,0.5,
1.,0.5,1.)) REPRESENTATION_ITEM('') );
#2026 = CARTESIAN_POINT('',(62.52425063862,-171.5));
#2027 = CARTESIAN_POINT('',(64.689314148081,-171.5));
#2028 = CARTESIAN_POINT('',(63.606782393351,-173.375));
#2029 = CARTESIAN_POINT('',(62.52425063862,-175.25));
#2030 = CARTESIAN_POINT('',(61.441718883889,-173.375));
#2031 = CARTESIAN_POINT('',(60.359187129159,-171.5));
#2032 = CARTESIAN_POINT('',(62.52425063862,-171.5));
#2033 = ( GEOMETRIC_REPRESENTATION_CONTEXT(2) 
PARAMETRIC_REPRESENTATION_CONTEXT() REPRESENTATION_CONTEXT('2D SPACE',''
  ) );
#2034 = PCURVE('',#2035,#2040);
#2035 = CYLINDRICAL_SURFACE('',#2036,1.25);
#2036 = AXIS2_PLACEMENT_3D('',#2037,#2038,#2039);
#2037 = CARTESIAN_POINT('',(82.75,61.910907825253,16.793259360099));
#2038 = DIRECTION('',(-0.,0.15643446504,-0.987688340595));
#2039 = DIRECTION('',(-1.,-0.,0.));
#2040 = DEFINITIONAL_REPRESENTATION('',(#2041),#2045);
#2041 = LINE('',#2042,#2043);
#2042 = CARTESIAN_POINT('',(0.,-1.));
#2043 = VECTOR('',#2044,1.);
#2044 = DIRECTION('',(1.,0.));
#2045 = ( GEOMETRIC_REPRESENTATION_CONTEXT(2) 
PARAMETRIC_REPRESENTATION_CONTEXT() REPRESENTATION_CONTEXT('2D SPACE',''
  ) );
#2046 = ORIENTED_EDGE('',*,*,#2047,.T.);
#2047 = EDGE_CURVE('',#2015,#2048,#2050,.T.);
#2048 = VERTEX_POINT('',#2049);
#2049 = CARTESIAN_POINT('',(-82.75,60.519862934469,17.585404619394));
#2050 = SURFACE_CURVE('',#2051,(#2055,#2062),.PCURVE_S1.);
#2051 = LINE('',#2052,#2053);
#2052 = CARTESIAN_POINT('',(-24.3125,60.519862934469,17.585404619394));
#2053 = VECTOR('',#2054,1.);
#2054 = DIRECTION('',(-1.,0.,0.));
#2055 = PCURVE('',#378,#2056);
#2056 = DEFINITIONAL_REPRESENTATION('',(#2057),#2061);
#2057 = LINE('',#2058,#2059);
#2058 = CARTESIAN_POINT('',(61.27425063862,-65.6875));
#2059 = VECTOR('',#2060,1.);
#2060 = DIRECTION('',(0.,1.));
#2061 = ( GEOMETRIC_REPRESENTATION_CONTEXT(2) 
PARAMETRIC_REPRESENTATION_CONTEXT() REPRESENTATION_CONTEXT('2D SPACE',''
  ) );
#2062 = PCURVE('',#2063,#2068);
#2063 = PLANE('',#2064);
#2064 = AXIS2_PLACEMENT_3D('',#2065,#2066,#2067);
#2065 = CARTESIAN_POINT('',(41.375,60.676297399509,16.597716278798));
#2066 = DIRECTION('',(0.,0.987688340595,0.15643446504));
#2067 = DIRECTION('',(1.,0.,-0.));
#2068 = DEFINITIONAL_REPRESENTATION('',(#2069),#2073);
#2069 = LINE('',#2070,#2071);
#2070 = CARTESIAN_POINT('',(-65.6875,-1.000000000001));
#2071 = VECTOR('',#2072,1.);
#2072 = DIRECTION('',(-1.,0.));
#2073 = ( GEOMETRIC_REPRESENTATION_CONTEXT(2) 
PARAMETRIC_REPRESENTATION_CONTEXT() REPRESENTATION_CONTEXT('2D SPACE',''
  ) );
#2074 = ORIENTED_EDGE('',*,*,#2075,.T.);
#2075 = EDGE_CURVE('',#2048,#1987,#2076,.T.);
#2076 = SURFACE_CURVE('',#2077,(#2082,#2093),.PCURVE_S1.);
#2077 = CIRCLE('',#2078,1.25);
#2078 = AXIS2_PLACEMENT_3D('',#2079,#2080,#2081);
#2079 = CARTESIAN_POINT('',(-82.75,61.754473360213,17.780947700694));
#2080 = DIRECTION('',(0.,0.15643446504,-0.987688340595));
#2081 = DIRECTION('',(1.,0.,0.));
#2082 = PCURVE('',#378,#2083);
#2083 = DEFINITIONAL_REPRESENTATION('',(#2084),#2092);
#2084 = ( BOUNDED_CURVE() B_SPLINE_CURVE(2,(#2085,#2086,#2087,#2088,
#2089,#2090,#2091),.UNSPECIFIED.,.T.,.F.) B_SPLINE_CURVE_WITH_KNOTS((1,2
    ,2,2,2,1),(-2.094395102393,0.,2.094395102393,4.188790204786,
6.28318530718,8.377580409573),.UNSPECIFIED.) CURVE() 
GEOMETRIC_REPRESENTATION_ITEM() RATIONAL_B_SPLINE_CURVE((1.,0.5,1.,0.5,
1.,0.5,1.)) REPRESENTATION_ITEM('') );
#2085 = CARTESIAN_POINT('',(62.52425063862,-8.5));
#2086 = CARTESIAN_POINT('',(60.359187129159,-8.5));
#2087 = CARTESIAN_POINT('',(61.441718883889,-6.625));
#2088 = CARTESIAN_POINT('',(62.52425063862,-4.75));
#2089 = CARTESIAN_POINT('',(63.606782393351,-6.625));
#2090 = CARTESIAN_POINT('',(64.689314148081,-8.5));
#2091 = CARTESIAN_POINT('',(62.52425063862,-8.5));
#2092 = ( GEOMETRIC_REPRESENTATION_CONTEXT(2) 
PARAMETRIC_REPRESENTATION_CONTEXT() REPRESENTATION_CONTEXT('2D SPACE',''
  ) );
#2093 = PCURVE('',#2094,#2099);
#2094 = CYLINDRICAL_SURFACE('',#2095,1.25);
#2095 = AXIS2_PLACEMENT_3D('',#2096,#2097,#2098);
#2096 = CARTESIAN_POINT('',(-82.75,61.910907825253,16.793259360099));
#2097 = DIRECTION('',(0.,0.15643446504,-0.987688340595));
#2098 = DIRECTION('',(1.,0.,0.));
#2099 = DEFINITIONAL_REPRESENTATION('',(#2100),#2104);
#2100 = LINE('',#2101,#2102);
#2101 = CARTESIAN_POINT('',(0.,-1.));
#2102 = VECTOR('',#2103,1.);
#2103 = DIRECTION('',(1.,0.));
#2104 = ( GEOMETRIC_REPRESENTATION_CONTEXT(2) 
PARAMETRIC_REPRESENTATION_CONTEXT() REPRESENTATION_CONTEXT('2D SPACE',''
  ) );
#2105 = FACE_BOUND('',#2106,.T.);
#2106 = EDGE_LOOP('',(#2107,#2137,#2170,#2198));
#2107 = ORIENTED_EDGE('',*,*,#2108,.F.);
#2108 = EDGE_CURVE('',#2109,#2111,#2113,.T.);
#2109 = VERTEX_POINT('',#2110);
#2110 = CARTESIAN_POINT('',(82.75,70.39674634042,19.149749269796));
#2111 = VERTEX_POINT('',#2112);
#2112 = CARTESIAN_POINT('',(-82.75,70.39674634042,19.149749269796));
#2113 = SURFACE_CURVE('',#2114,(#2118,#2125),.PCURVE_S1.);
#2114 = LINE('',#2115,#2116);
#2115 = CARTESIAN_POINT('',(-86.375,70.39674634042,19.149749269796));
#2116 = VECTOR('',#2117,1.);
#2117 = DIRECTION('',(-1.,0.,0.));
#2118 = PCURVE('',#378,#2119);
#2119 = DEFINITIONAL_REPRESENTATION('',(#2120),#2124);
#2120 = LINE('',#2121,#2122);
#2121 = CARTESIAN_POINT('',(71.27425063862,-3.625));
#2122 = VECTOR('',#2123,1.);
#2123 = DIRECTION('',(0.,1.));
#2124 = ( GEOMETRIC_REPRESENTATION_CONTEXT(2) 
PARAMETRIC_REPRESENTATION_CONTEXT() REPRESENTATION_CONTEXT('2D SPACE',''
  ) );
#2125 = PCURVE('',#2126,#2131);
#2126 = PLANE('',#2127);
#2127 = AXIS2_PLACEMENT_3D('',#2128,#2129,#2130);
#2128 = CARTESIAN_POINT('',(-82.75,70.55318080546,18.162060929201));
#2129 = DIRECTION('',(0.,0.987688340595,0.15643446504));
#2130 = DIRECTION('',(1.,0.,-0.));
#2131 = DEFINITIONAL_REPRESENTATION('',(#2132),#2136);
#2132 = LINE('',#2133,#2134);
#2133 = CARTESIAN_POINT('',(-3.625,-1.));
#2134 = VECTOR('',#2135,1.);
#2135 = DIRECTION('',(-1.,0.));
#2136 = ( GEOMETRIC_REPRESENTATION_CONTEXT(2) 
PARAMETRIC_REPRESENTATION_CONTEXT() REPRESENTATION_CONTEXT('2D SPACE',''
  ) );
#2137 = ORIENTED_EDGE('',*,*,#2138,.T.);
#2138 = EDGE_CURVE('',#2109,#2139,#2141,.T.);
#2139 = VERTEX_POINT('',#2140);
#2140 = CARTESIAN_POINT('',(82.75,67.927525488932,18.758663107195));
#2141 = SURFACE_CURVE('',#2142,(#2147,#2158),.PCURVE_S1.);
#2142 = CIRCLE('',#2143,1.25);
#2143 = AXIS2_PLACEMENT_3D('',#2144,#2145,#2146);
#2144 = CARTESIAN_POINT('',(82.75,69.162135914676,18.954206188496));
#2145 = DIRECTION('',(-0.,0.15643446504,-0.987688340595));
#2146 = DIRECTION('',(-1.,-0.,0.));
#2147 = PCURVE('',#378,#2148);
#2148 = DEFINITIONAL_REPRESENTATION('',(#2149),#2157);
#2149 = ( BOUNDED_CURVE() B_SPLINE_CURVE(2,(#2150,#2151,#2152,#2153,
#2154,#2155,#2156),.UNSPECIFIED.,.T.,.F.) B_SPLINE_CURVE_WITH_KNOTS((1,2
    ,2,2,2,1),(-2.094395102393,0.,2.094395102393,4.188790204786,
6.28318530718,8.377580409573),.UNSPECIFIED.) CURVE() 
GEOMETRIC_REPRESENTATION_ITEM() RATIONAL_B_SPLINE_CURVE((1.,0.5,1.,0.5,
1.,0.5,1.)) REPRESENTATION_ITEM('') );
#2150 = CARTESIAN_POINT('',(70.024250638619,-171.5));
#2151 = CARTESIAN_POINT('',(72.189314148081,-171.5));
#2152 = CARTESIAN_POINT('',(71.10678239335,-173.375));
#2153 = CARTESIAN_POINT('',(70.024250638619,-175.25));
#2154 = CARTESIAN_POINT('',(68.941718883889,-173.375));
#2155 = CARTESIAN_POINT('',(67.859187129158,-171.5));
#2156 = CARTESIAN_POINT('',(70.024250638619,-171.5));
#2157 = ( GEOMETRIC_REPRESENTATION_CONTEXT(2) 
PARAMETRIC_REPRESENTATION_CONTEXT() REPRESENTATION_CONTEXT('2D SPACE',''
  ) );
#2158 = PCURVE('',#2159,#2164);
#2159 = CYLINDRICAL_SURFACE('',#2160,1.25);
#2160 = AXIS2_PLACEMENT_3D('',#2161,#2162,#2163);
#2161 = CARTESIAN_POINT('',(82.75,69.318570379717,17.9665178479));
#2162 = DIRECTION('',(-0.,0.15643446504,-0.987688340595));
#2163 = DIRECTION('',(-1.,-0.,0.));
#2164 = DEFINITIONAL_REPRESENTATION('',(#2165),#2169);
#2165 = LINE('',#2166,#2167);
#2166 = CARTESIAN_POINT('',(0.,-1.));
#2167 = VECTOR('',#2168,1.);
#2168 = DIRECTION('',(1.,0.));
#2169 = ( GEOMETRIC_REPRESENTATION_CONTEXT(2) 
PARAMETRIC_REPRESENTATION_CONTEXT() REPRESENTATION_CONTEXT('2D SPACE',''
  ) );
#2170 = ORIENTED_EDGE('',*,*,#2171,.T.);
#2171 = EDGE_CURVE('',#2139,#2172,#2174,.T.);
#2172 = VERTEX_POINT('',#2173);
#2173 = CARTESIAN_POINT('',(-82.75,67.927525488932,18.758663107195));
#2174 = SURFACE_CURVE('',#2175,(#2179,#2186),.PCURVE_S1.);
#2175 = LINE('',#2176,#2177);
#2176 = CARTESIAN_POINT('',(-24.3125,67.927525488932,18.758663107195));
#2177 = VECTOR('',#2178,1.);
#2178 = DIRECTION('',(-1.,0.,0.));
#2179 = PCURVE('',#378,#2180);
#2180 = DEFINITIONAL_REPRESENTATION('',(#2181),#2185);
#2181 = LINE('',#2182,#2183);
#2182 = CARTESIAN_POINT('',(68.774250638619,-65.6875));
#2183 = VECTOR('',#2184,1.);
#2184 = DIRECTION('',(0.,1.));
#2185 = ( GEOMETRIC_REPRESENTATION_CONTEXT(2) 
PARAMETRIC_REPRESENTATION_CONTEXT() REPRESENTATION_CONTEXT('2D SPACE',''
  ) );
#2186 = PCURVE('',#2187,#2192);
#2187 = PLANE('',#2188);
#2188 = AXIS2_PLACEMENT_3D('',#2189,#2190,#2191);
#2189 = CARTESIAN_POINT('',(41.375,68.083959953973,17.7709747666));
#2190 = DIRECTION('',(0.,0.987688340595,0.15643446504));
#2191 = DIRECTION('',(1.,0.,-0.));
#2192 = DEFINITIONAL_REPRESENTATION('',(#2193),#2197);
#2193 = LINE('',#2194,#2195);
#2194 = CARTESIAN_POINT('',(-65.6875,-1.));
#2195 = VECTOR('',#2196,1.);
#2196 = DIRECTION('',(-1.,0.));
#2197 = ( GEOMETRIC_REPRESENTATION_CONTEXT(2) 
PARAMETRIC_REPRESENTATION_CONTEXT() REPRESENTATION_CONTEXT('2D SPACE',''
  ) );
#2198 = ORIENTED_EDGE('',*,*,#2199,.T.);
#2199 = EDGE_CURVE('',#2172,#2111,#2200,.T.);
#2200 = SURFACE_CURVE('',#2201,(#2206,#2217),.PCURVE_S1.);
#2201 = CIRCLE('',#2202,1.25);
#2202 = AXIS2_PLACEMENT_3D('',#2203,#2204,#2205);
#2203 = CARTESIAN_POINT('',(-82.75,69.162135914676,18.954206188496));
#2204 = DIRECTION('',(0.,0.15643446504,-0.987688340595));
#2205 = DIRECTION('',(1.,0.,0.));
#2206 = PCURVE('',#378,#2207);
#2207 = DEFINITIONAL_REPRESENTATION('',(#2208),#2216);
#2208 = ( BOUNDED_CURVE() B_SPLINE_CURVE(2,(#2209,#2210,#2211,#2212,
#2213,#2214,#2215),.UNSPECIFIED.,.T.,.F.) B_SPLINE_CURVE_WITH_KNOTS((1,2
    ,2,2,2,1),(-2.094395102393,0.,2.094395102393,4.188790204786,
6.28318530718,8.377580409573),.UNSPECIFIED.) CURVE() 
GEOMETRIC_REPRESENTATION_ITEM() RATIONAL_B_SPLINE_CURVE((1.,0.5,1.,0.5,
1.,0.5,1.)) REPRESENTATION_ITEM('') );
#2209 = CARTESIAN_POINT('',(70.024250638619,-8.5));
#2210 = CARTESIAN_POINT('',(67.859187129158,-8.5));
#2211 = CARTESIAN_POINT('',(68.941718883889,-6.625));
#2212 = CARTESIAN_POINT('',(70.024250638619,-4.75));
#2213 = CARTESIAN_POINT('',(71.10678239335,-6.625));
#2214 = CARTESIAN_POINT('',(72.189314148081,-8.5));
#2215 = CARTESIAN_POINT('',(70.024250638619,-8.5));
#2216 = ( GEOMETRIC_REPRESENTATION_CONTEXT(2) 
PARAMETRIC_REPRESENTATION_CONTEXT() REPRESENTATION_CONTEXT('2D SPACE',''
  ) );
#2217 = PCURVE('',#2218,#2223);
#2218 = CYLINDRICAL_SURFACE('',#2219,1.25);
#2219 = AXIS2_PLACEMENT_3D('',#2220,#2221,#2222);
#2220 = CARTESIAN_POINT('',(-82.75,69.318570379717,17.9665178479));
#2221 = DIRECTION('',(0.,0.15643446504,-0.987688340595));
#2222 = DIRECTION('',(1.,0.,0.));
#2223 = DEFINITIONAL_REPRESENTATION('',(#2224),#2228);
#2224 = LINE('',#2225,#2226);
#2225 = CARTESIAN_POINT('',(0.,-1.));
#2226 = VECTOR('',#2227,1.);
#2227 = DIRECTION('',(1.,0.));
#2228 = ( GEOMETRIC_REPRESENTATION_CONTEXT(2) 
PARAMETRIC_REPRESENTATION_CONTEXT() REPRESENTATION_CONTEXT('2D SPACE',''
  ) );
#2229 = FACE_BOUND('',#2230,.T.);
#2230 = EDGE_LOOP('',(#2231,#2261,#2294,#2322));
#2231 = ORIENTED_EDGE('',*,*,#2232,.F.);
#2232 = EDGE_CURVE('',#2233,#2235,#2237,.T.);
#2233 = VERTEX_POINT('',#2234);
#2234 = CARTESIAN_POINT('',(82.75,77.804408894884,20.323007757598));
#2235 = VERTEX_POINT('',#2236);
#2236 = CARTESIAN_POINT('',(-82.75,77.804408894884,20.323007757598));
#2237 = SURFACE_CURVE('',#2238,(#2242,#2249),.PCURVE_S1.);
#2238 = LINE('',#2239,#2240);
#2239 = CARTESIAN_POINT('',(-86.375,77.804408894884,20.323007757598));
#2240 = VECTOR('',#2241,1.);
#2241 = DIRECTION('',(-1.,0.,0.));
#2242 = PCURVE('',#378,#2243);
#2243 = DEFINITIONAL_REPRESENTATION('',(#2244),#2248);
#2244 = LINE('',#2245,#2246);
#2245 = CARTESIAN_POINT('',(78.77425063862,-3.625));
#2246 = VECTOR('',#2247,1.);
#2247 = DIRECTION('',(0.,1.));
#2248 = ( GEOMETRIC_REPRESENTATION_CONTEXT(2) 
PARAMETRIC_REPRESENTATION_CONTEXT() REPRESENTATION_CONTEXT('2D SPACE',''
  ) );
#2249 = PCURVE('',#2250,#2255);
#2250 = PLANE('',#2251);
#2251 = AXIS2_PLACEMENT_3D('',#2252,#2253,#2254);
#2252 = CARTESIAN_POINT('',(-82.75,77.960843359924,19.335319417002));
#2253 = DIRECTION('',(0.,0.987688340595,0.15643446504));
#2254 = DIRECTION('',(1.,0.,-0.));
#2255 = DEFINITIONAL_REPRESENTATION('',(#2256),#2260);
#2256 = LINE('',#2257,#2258);
#2257 = CARTESIAN_POINT('',(-3.625,-1.000000000001));
#2258 = VECTOR('',#2259,1.);
#2259 = DIRECTION('',(-1.,0.));
#2260 = ( GEOMETRIC_REPRESENTATION_CONTEXT(2) 
PARAMETRIC_REPRESENTATION_CONTEXT() REPRESENTATION_CONTEXT('2D SPACE',''
  ) );
#2261 = ORIENTED_EDGE('',*,*,#2262,.T.);
#2262 = EDGE_CURVE('',#2233,#2263,#2265,.T.);
#2263 = VERTEX_POINT('',#2264);
#2264 = CARTESIAN_POINT('',(82.75,75.335188043396,19.931921594997));
#2265 = SURFACE_CURVE('',#2266,(#2271,#2282),.PCURVE_S1.);
#2266 = CIRCLE('',#2267,1.25);
#2267 = AXIS2_PLACEMENT_3D('',#2268,#2269,#2270);
#2268 = CARTESIAN_POINT('',(82.75,76.56979846914,20.127464676297));
#2269 = DIRECTION('',(-0.,0.15643446504,-0.987688340595));
#2270 = DIRECTION('',(-1.,-0.,0.));
#2271 = PCURVE('',#378,#2272);
#2272 = DEFINITIONAL_REPRESENTATION('',(#2273),#2281);
#2273 = ( BOUNDED_CURVE() B_SPLINE_CURVE(2,(#2274,#2275,#2276,#2277,
#2278,#2279,#2280),.UNSPECIFIED.,.T.,.F.) B_SPLINE_CURVE_WITH_KNOTS((1,2
    ,2,2,2,1),(-2.094395102393,0.,2.094395102393,4.188790204786,
6.28318530718,8.377580409573),.UNSPECIFIED.) CURVE() 
GEOMETRIC_REPRESENTATION_ITEM() RATIONAL_B_SPLINE_CURVE((1.,0.5,1.,0.5,
1.,0.5,1.)) REPRESENTATION_ITEM('') );
#2274 = CARTESIAN_POINT('',(77.52425063862,-171.5));
#2275 = CARTESIAN_POINT('',(79.689314148081,-171.5));
#2276 = CARTESIAN_POINT('',(78.60678239335,-173.375));
#2277 = CARTESIAN_POINT('',(77.52425063862,-175.25));
#2278 = CARTESIAN_POINT('',(76.441718883889,-173.375));
#2279 = CARTESIAN_POINT('',(75.359187129159,-171.5));
#2280 = CARTESIAN_POINT('',(77.52425063862,-171.5));
#2281 = ( GEOMETRIC_REPRESENTATION_CONTEXT(2) 
PARAMETRIC_REPRESENTATION_CONTEXT() REPRESENTATION_CONTEXT('2D SPACE',''
  ) );
#2282 = PCURVE('',#2283,#2288);
#2283 = CYLINDRICAL_SURFACE('',#2284,1.25);
#2284 = AXIS2_PLACEMENT_3D('',#2285,#2286,#2287);
#2285 = CARTESIAN_POINT('',(82.75,76.72623293418,19.139776335702));
#2286 = DIRECTION('',(-0.,0.15643446504,-0.987688340595));
#2287 = DIRECTION('',(-1.,-0.,0.));
#2288 = DEFINITIONAL_REPRESENTATION('',(#2289),#2293);
#2289 = LINE('',#2290,#2291);
#2290 = CARTESIAN_POINT('',(0.,-1.));
#2291 = VECTOR('',#2292,1.);
#2292 = DIRECTION('',(1.,0.));
#2293 = ( GEOMETRIC_REPRESENTATION_CONTEXT(2) 
PARAMETRIC_REPRESENTATION_CONTEXT() REPRESENTATION_CONTEXT('2D SPACE',''
  ) );
#2294 = ORIENTED_EDGE('',*,*,#2295,.T.);
#2295 = EDGE_CURVE('',#2263,#2296,#2298,.T.);
#2296 = VERTEX_POINT('',#2297);
#2297 = CARTESIAN_POINT('',(-82.75,75.335188043396,19.931921594997));
#2298 = SURFACE_CURVE('',#2299,(#2303,#2310),.PCURVE_S1.);
#2299 = LINE('',#2300,#2301);
#2300 = CARTESIAN_POINT('',(-24.3125,75.335188043396,19.931921594997));
#2301 = VECTOR('',#2302,1.);
#2302 = DIRECTION('',(-1.,0.,0.));
#2303 = PCURVE('',#378,#2304);
#2304 = DEFINITIONAL_REPRESENTATION('',(#2305),#2309);
#2305 = LINE('',#2306,#2307);
#2306 = CARTESIAN_POINT('',(76.27425063862,-65.6875));
#2307 = VECTOR('',#2308,1.);
#2308 = DIRECTION('',(0.,1.));
#2309 = ( GEOMETRIC_REPRESENTATION_CONTEXT(2) 
PARAMETRIC_REPRESENTATION_CONTEXT() REPRESENTATION_CONTEXT('2D SPACE',''
  ) );
#2310 = PCURVE('',#2311,#2316);
#2311 = PLANE('',#2312);
#2312 = AXIS2_PLACEMENT_3D('',#2313,#2314,#2315);
#2313 = CARTESIAN_POINT('',(41.375,75.491622508436,18.944233254402));
#2314 = DIRECTION('',(0.,0.987688340595,0.15643446504));
#2315 = DIRECTION('',(1.,0.,-0.));
#2316 = DEFINITIONAL_REPRESENTATION('',(#2317),#2321);
#2317 = LINE('',#2318,#2319);
#2318 = CARTESIAN_POINT('',(-65.6875,-1.));
#2319 = VECTOR('',#2320,1.);
#2320 = DIRECTION('',(-1.,0.));
#2321 = ( GEOMETRIC_REPRESENTATION_CONTEXT(2) 
PARAMETRIC_REPRESENTATION_CONTEXT() REPRESENTATION_CONTEXT('2D SPACE',''
  ) );
#2322 = ORIENTED_EDGE('',*,*,#2323,.T.);
#2323 = EDGE_CURVE('',#2296,#2235,#2324,.T.);
#2324 = SURFACE_CURVE('',#2325,(#2330,#2341),.PCURVE_S1.);
#2325 = CIRCLE('',#2326,1.25);
#2326 = AXIS2_PLACEMENT_3D('',#2327,#2328,#2329);
#2327 = CARTESIAN_POINT('',(-82.75,76.56979846914,20.127464676297));
#2328 = DIRECTION('',(0.,0.15643446504,-0.987688340595));
#2329 = DIRECTION('',(1.,0.,0.));
#2330 = PCURVE('',#378,#2331);
#2331 = DEFINITIONAL_REPRESENTATION('',(#2332),#2340);
#2332 = ( BOUNDED_CURVE() B_SPLINE_CURVE(2,(#2333,#2334,#2335,#2336,
#2337,#2338,#2339),.UNSPECIFIED.,.T.,.F.) B_SPLINE_CURVE_WITH_KNOTS((1,2
    ,2,2,2,1),(-2.094395102393,0.,2.094395102393,4.188790204786,
6.28318530718,8.377580409573),.UNSPECIFIED.) CURVE() 
GEOMETRIC_REPRESENTATION_ITEM() RATIONAL_B_SPLINE_CURVE((1.,0.5,1.,0.5,
1.,0.5,1.)) REPRESENTATION_ITEM('') );
#2333 = CARTESIAN_POINT('',(77.52425063862,-8.5));
#2334 = CARTESIAN_POINT('',(75.359187129159,-8.5));
#2335 = CARTESIAN_POINT('',(76.441718883889,-6.625));
#2336 = CARTESIAN_POINT('',(77.52425063862,-4.75));
#2337 = CARTESIAN_POINT('',(78.60678239335,-6.625));
#2338 = CARTESIAN_POINT('',(79.689314148081,-8.5));
#2339 = CARTESIAN_POINT('',(77.52425063862,-8.5));
#2340 = ( GEOMETRIC_REPRESENTATION_CONTEXT(2) 
PARAMETRIC_REPRESENTATION_CONTEXT() REPRESENTATION_CONTEXT('2D SPACE',''
  ) );
#2341 = PCURVE('',#2342,#2347);
#2342 = CYLINDRICAL_SURFACE('',#2343,1.25);
#2343 = AXIS2_PLACEMENT_3D('',#2344,#2345,#2346);
#2344 = CARTESIAN_POINT('',(-82.75,76.72623293418,19.139776335702));
#2345 = DIRECTION('',(0.,0.15643446504,-0.987688340595));
#2346 = DIRECTION('',(1.,0.,0.));
#2347 = DEFINITIONAL_REPRESENTATION('',(#2348),#2352);
#2348 = LINE('',#2349,#2350);
#2349 = CARTESIAN_POINT('',(0.,-1.));
#2350 = VECTOR('',#2351,1.);
#2351 = DIRECTION('',(1.,0.));
#2352 = ( GEOMETRIC_REPRESENTATION_CONTEXT(2) 
PARAMETRIC_REPRESENTATION_CONTEXT() REPRESENTATION_CONTEXT('2D SPACE',''
  ) );
#2353 = ADVANCED_FACE('',(#2354),#489,.T.);
#2354 = FACE_BOUND('',#2355,.T.);
#2355 = EDGE_LOOP('',(#2356,#2383,#2404,#2405));
#2356 = ORIENTED_EDGE('',*,*,#2357,.F.);
#2357 = EDGE_CURVE('',#2358,#1071,#2360,.T.);
#2358 = VERTEX_POINT('',#2359);
#2359 = CARTESIAN_POINT('',(90.,3.,5.43775794361));
#2360 = SURFACE_CURVE('',#2361,(#2366,#2372),.PCURVE_S1.);
#2361 = CIRCLE('',#2362,3.);
#2362 = AXIS2_PLACEMENT_3D('',#2363,#2364,#2365);
#2363 = CARTESIAN_POINT('',(87.,3.,5.43775794361));
#2364 = DIRECTION('',(0.,-0.987688340595,-0.15643446504));
#2365 = DIRECTION('',(0.,-0.15643446504,0.987688340595));
#2366 = PCURVE('',#489,#2367);
#2367 = DEFINITIONAL_REPRESENTATION('',(#2368),#2371);
#2368 = B_SPLINE_CURVE_WITH_KNOTS('',1,(#2369,#2370),.UNSPECIFIED.,.F.,
  .F.,(2,2),(4.712388980385,6.28318530718),.PIECEWISE_BEZIER_KNOTS.);
#2369 = CARTESIAN_POINT('',(1.570796326795,2.56224205639));
#2370 = CARTESIAN_POINT('',(0.,2.56224205639));
#2371 = ( GEOMETRIC_REPRESENTATION_CONTEXT(2) 
PARAMETRIC_REPRESENTATION_CONTEXT() REPRESENTATION_CONTEXT('2D SPACE',''
  ) );
#2372 = PCURVE('',#2373,#2378);
#2373 = SPHERICAL_SURFACE('',#2374,3.);
#2374 = AXIS2_PLACEMENT_3D('',#2375,#2376,#2377);
#2375 = CARTESIAN_POINT('',(87.,3.,5.43775794361));
#2376 = DIRECTION('',(-1.,-0.,0.));
#2377 = DIRECTION('',(0.,-1.,0.));
#2378 = DEFINITIONAL_REPRESENTATION('',(#2379),#2382);
#2379 = B_SPLINE_CURVE_WITH_KNOTS('',1,(#2380,#2381),.UNSPECIFIED.,.F.,
  .F.,(2,2),(4.712388980385,6.28318530718),.PIECEWISE_BEZIER_KNOTS.);
#2380 = CARTESIAN_POINT('',(1.413716694115,-1.570796326795));
#2381 = CARTESIAN_POINT('',(1.413716694115,0.));
#2382 = ( GEOMETRIC_REPRESENTATION_CONTEXT(2) 
PARAMETRIC_REPRESENTATION_CONTEXT() REPRESENTATION_CONTEXT('2D SPACE',''
  ) );
#2383 = ORIENTED_EDGE('',*,*,#2384,.T.);
#2384 = EDGE_CURVE('',#2358,#445,#2385,.T.);
#2385 = SURFACE_CURVE('',#2386,(#2390,#2397),.PCURVE_S1.);
#2386 = LINE('',#2387,#2388);
#2387 = CARTESIAN_POINT('',(90.,0.469303395121,5.036934978215));
#2388 = VECTOR('',#2389,1.);
#2389 = DIRECTION('',(0.,0.987688340595,0.15643446504));
#2390 = PCURVE('',#489,#2391);
#2391 = DEFINITIONAL_REPRESENTATION('',(#2392),#2396);
#2392 = LINE('',#2393,#2394);
#2393 = CARTESIAN_POINT('',(1.570796326795,0.));
#2394 = VECTOR('',#2395,1.);
#2395 = DIRECTION('',(0.,1.));
#2396 = ( GEOMETRIC_REPRESENTATION_CONTEXT(2) 
PARAMETRIC_REPRESENTATION_CONTEXT() REPRESENTATION_CONTEXT('2D SPACE',''
  ) );
#2397 = PCURVE('',#460,#2398);
#2398 = DEFINITIONAL_REPRESENTATION('',(#2399),#2403);
#2399 = LINE('',#2400,#2401);
#2400 = CARTESIAN_POINT('',(5.036934978215,-0.469303395121));
#2401 = VECTOR('',#2402,1.);
#2402 = DIRECTION('',(0.15643446504,-0.987688340595));
#2403 = ( GEOMETRIC_REPRESENTATION_CONTEXT(2) 
PARAMETRIC_REPRESENTATION_CONTEXT() REPRESENTATION_CONTEXT('2D SPACE',''
  ) );
#2404 = ORIENTED_EDGE('',*,*,#472,.T.);
#2405 = ORIENTED_EDGE('',*,*,#1093,.F.);
#2406 = ADVANCED_FACE('',(#2407),#460,.T.);
#2407 = FACE_BOUND('',#2408,.T.);
#2408 = EDGE_LOOP('',(#2409,#2432,#2460,#2488,#2516,#2537,#2538,#2539));
#2409 = ORIENTED_EDGE('',*,*,#2410,.F.);
#2410 = EDGE_CURVE('',#2411,#2358,#2413,.T.);
#2411 = VERTEX_POINT('',#2412);
#2412 = CARTESIAN_POINT('',(90.,3.,0.5));
#2413 = SURFACE_CURVE('',#2414,(#2418,#2425),.PCURVE_S1.);
#2414 = LINE('',#2415,#2416);
#2415 = CARTESIAN_POINT('',(90.,3.,0.));
#2416 = VECTOR('',#2417,1.);
#2417 = DIRECTION('',(0.,0.,1.));
#2418 = PCURVE('',#460,#2419);
#2419 = DEFINITIONAL_REPRESENTATION('',(#2420),#2424);
#2420 = LINE('',#2421,#2422);
#2421 = CARTESIAN_POINT('',(0.,-3.));
#2422 = VECTOR('',#2423,1.);
#2423 = DIRECTION('',(1.,0.));
#2424 = ( GEOMETRIC_REPRESENTATION_CONTEXT(2) 
PARAMETRIC_REPRESENTATION_CONTEXT() REPRESENTATION_CONTEXT('2D SPACE',''
  ) );
#2425 = PCURVE('',#1032,#2426);
#2426 = DEFINITIONAL_REPRESENTATION('',(#2427),#2431);
#2427 = LINE('',#2428,#2429);
#2428 = CARTESIAN_POINT('',(1.570796326795,0.));
#2429 = VECTOR('',#2430,1.);
#2430 = DIRECTION('',(0.,1.));
#2431 = ( GEOMETRIC_REPRESENTATION_CONTEXT(2) 
PARAMETRIC_REPRESENTATION_CONTEXT() REPRESENTATION_CONTEXT('2D SPACE',''
  ) );
#2432 = ORIENTED_EDGE('',*,*,#2433,.F.);
#2433 = EDGE_CURVE('',#2434,#2411,#2436,.T.);
#2434 = VERTEX_POINT('',#2435);
#2435 = CARTESIAN_POINT('',(90.,124.9535442531,0.5));
#2436 = SURFACE_CURVE('',#2437,(#2441,#2448),.PCURVE_S1.);
#2437 = LINE('',#2438,#2439);
#2438 = CARTESIAN_POINT('',(90.,124.9535442531,0.5));
#2439 = VECTOR('',#2440,1.);
#2440 = DIRECTION('',(-0.,-1.,-0.));
#2441 = PCURVE('',#460,#2442);
#2442 = DEFINITIONAL_REPRESENTATION('',(#2443),#2447);
#2443 = LINE('',#2444,#2445);
#2444 = CARTESIAN_POINT('',(0.5,-124.9535442531));
#2445 = VECTOR('',#2446,1.);
#2446 = DIRECTION('',(0.,1.));
#2447 = ( GEOMETRIC_REPRESENTATION_CONTEXT(2) 
PARAMETRIC_REPRESENTATION_CONTEXT() REPRESENTATION_CONTEXT('2D SPACE',''
  ) );
#2448 = PCURVE('',#2449,#2454);
#2449 = PLANE('',#2450);
#2450 = AXIS2_PLACEMENT_3D('',#2451,#2452,#2453);
#2451 = CARTESIAN_POINT('',(89.75,124.9535442531,0.25));
#2452 = DIRECTION('',(-0.707106781187,1.889513820522E-18,0.707106781187)
  );
#2453 = DIRECTION('',(1.336088035637E-18,1.,-1.336088035637E-18));
#2454 = DEFINITIONAL_REPRESENTATION('',(#2455),#2459);
#2455 = LINE('',#2456,#2457);
#2456 = CARTESIAN_POINT('',(0.,-0.353553390593));
#2457 = VECTOR('',#2458,1.);
#2458 = DIRECTION('',(-1.,3.02410162867E-35));
#2459 = ( GEOMETRIC_REPRESENTATION_CONTEXT(2) 
PARAMETRIC_REPRESENTATION_CONTEXT() REPRESENTATION_CONTEXT('2D SPACE',''
  ) );
#2460 = ORIENTED_EDGE('',*,*,#2461,.T.);
#2461 = EDGE_CURVE('',#2434,#2462,#2464,.T.);
#2462 = VERTEX_POINT('',#2463);
#2463 = CARTESIAN_POINT('',(90.,124.9535442531,24.753301795731));
#2464 = SURFACE_CURVE('',#2465,(#2469,#2476),.PCURVE_S1.);
#2465 = LINE('',#2466,#2467);
#2466 = CARTESIAN_POINT('',(90.,124.9535442531,0.));
#2467 = VECTOR('',#2468,1.);
#2468 = DIRECTION('',(0.,0.,1.));
#2469 = PCURVE('',#460,#2470);
#2470 = DEFINITIONAL_REPRESENTATION('',(#2471),#2475);
#2471 = LINE('',#2472,#2473);
#2472 = CARTESIAN_POINT('',(0.,-124.9535442531));
#2473 = VECTOR('',#2474,1.);
#2474 = DIRECTION('',(1.,0.));
#2475 = ( GEOMETRIC_REPRESENTATION_CONTEXT(2) 
PARAMETRIC_REPRESENTATION_CONTEXT() REPRESENTATION_CONTEXT('2D SPACE',''
  ) );
#2476 = PCURVE('',#2477,#2482);
#2477 = CYLINDRICAL_SURFACE('',#2478,3.);
#2478 = AXIS2_PLACEMENT_3D('',#2479,#2480,#2481);
#2479 = CARTESIAN_POINT('',(87.,124.9535442531,0.));
#2480 = DIRECTION('',(0.,0.,1.));
#2481 = DIRECTION('',(0.,1.,0.));
#2482 = DEFINITIONAL_REPRESENTATION('',(#2483),#2487);
#2483 = LINE('',#2484,#2485);
#2484 = CARTESIAN_POINT('',(4.712388980385,0.));
#2485 = VECTOR('',#2486,1.);
#2486 = DIRECTION('',(-0.,1.));
#2487 = ( GEOMETRIC_REPRESENTATION_CONTEXT(2) 
PARAMETRIC_REPRESENTATION_CONTEXT() REPRESENTATION_CONTEXT('2D SPACE',''
  ) );
#2488 = ORIENTED_EDGE('',*,*,#2489,.F.);
#2489 = EDGE_CURVE('',#2490,#2462,#2492,.T.);
#2490 = VERTEX_POINT('',#2491);
#2491 = CARTESIAN_POINT('',(90.,95.174366987561,20.036743471203));
#2492 = SURFACE_CURVE('',#2493,(#2497,#2504),.PCURVE_S1.);
#2493 = LINE('',#2494,#2495);
#2494 = CARTESIAN_POINT('',(90.,0.469303395121,5.036934978215));
#2495 = VECTOR('',#2496,1.);
#2496 = DIRECTION('',(0.,0.987688340595,0.15643446504));
#2497 = PCURVE('',#460,#2498);
#2498 = DEFINITIONAL_REPRESENTATION('',(#2499),#2503);
#2499 = LINE('',#2500,#2501);
#2500 = CARTESIAN_POINT('',(5.036934978215,-0.469303395121));
#2501 = VECTOR('',#2502,1.);
#2502 = DIRECTION('',(0.15643446504,-0.987688340595));
#2503 = ( GEOMETRIC_REPRESENTATION_CONTEXT(2) 
PARAMETRIC_REPRESENTATION_CONTEXT() REPRESENTATION_CONTEXT('2D SPACE',''
  ) );
#2504 = PCURVE('',#2505,#2510);
#2505 = CYLINDRICAL_SURFACE('',#2506,3.);
#2506 = AXIS2_PLACEMENT_3D('',#2507,#2508,#2509);
#2507 = CARTESIAN_POINT('',(87.,0.469303395121,5.036934978215));
#2508 = DIRECTION('',(0.,0.987688340595,0.15643446504));
#2509 = DIRECTION('',(0.,-0.15643446504,0.987688340595));
#2510 = DEFINITIONAL_REPRESENTATION('',(#2511),#2515);
#2511 = LINE('',#2512,#2513);
#2512 = CARTESIAN_POINT('',(1.570796326795,0.));
#2513 = VECTOR('',#2514,1.);
#2514 = DIRECTION('',(0.,1.));
#2515 = ( GEOMETRIC_REPRESENTATION_CONTEXT(2) 
PARAMETRIC_REPRESENTATION_CONTEXT() REPRESENTATION_CONTEXT('2D SPACE',''
  ) );
#2516 = ORIENTED_EDGE('',*,*,#2517,.F.);
#2517 = EDGE_CURVE('',#534,#2490,#2518,.T.);
#2518 = SURFACE_CURVE('',#2519,(#2523,#2530),.PCURVE_S1.);
#2519 = LINE('',#2520,#2521);
#2520 = CARTESIAN_POINT('',(90.,86.994009059136,-2.438605220202));
#2521 = VECTOR('',#2522,1.);
#2522 = DIRECTION('',(-0.,0.342020143326,0.939692620786));
#2523 = PCURVE('',#460,#2524);
#2524 = DEFINITIONAL_REPRESENTATION('',(#2525),#2529);
#2525 = LINE('',#2526,#2527);
#2526 = CARTESIAN_POINT('',(-2.438605220202,-86.99400905913));
#2527 = VECTOR('',#2528,1.);
#2528 = DIRECTION('',(0.939692620786,-0.342020143326));
#2529 = ( GEOMETRIC_REPRESENTATION_CONTEXT(2) 
PARAMETRIC_REPRESENTATION_CONTEXT() REPRESENTATION_CONTEXT('2D SPACE',''
  ) );
#2530 = PCURVE('',#551,#2531);
#2531 = DEFINITIONAL_REPRESENTATION('',(#2532),#2536);
#2532 = LINE('',#2533,#2534);
#2533 = CARTESIAN_POINT('',(27.462164116446,-90.));
#2534 = VECTOR('',#2535,1.);
#2535 = DIRECTION('',(-1.,-1.942045873314E-16));
#2536 = ( GEOMETRIC_REPRESENTATION_CONTEXT(2) 
PARAMETRIC_REPRESENTATION_CONTEXT() REPRESENTATION_CONTEXT('2D SPACE',''
  ) );
#2537 = ORIENTED_EDGE('',*,*,#563,.F.);
#2538 = ORIENTED_EDGE('',*,*,#444,.F.);
#2539 = ORIENTED_EDGE('',*,*,#2384,.F.);
#2540 = ADVANCED_FACE('',(#2541),#551,.F.);
#2541 = FACE_BOUND('',#2542,.F.);
#2542 = EDGE_LOOP('',(#2543,#2544,#2545,#2546,#2569,#2604,#2632,#2667,
    #2695));
#2543 = ORIENTED_EDGE('',*,*,#2517,.F.);
#2544 = ORIENTED_EDGE('',*,*,#533,.T.);
#2545 = ORIENTED_EDGE('',*,*,#661,.T.);
#2546 = ORIENTED_EDGE('',*,*,#2547,.F.);
#2547 = EDGE_CURVE('',#2548,#662,#2550,.T.);
#2548 = VERTEX_POINT('',#2549);
#2549 = CARTESIAN_POINT('',(-57.,93.610166498897,15.739137949098));
#2550 = SURFACE_CURVE('',#2551,(#2555,#2562),.PCURVE_S1.);
#2551 = LINE('',#2552,#2553);
#2552 = CARTESIAN_POINT('',(-45.5,93.610166498897,15.739137949098));
#2553 = VECTOR('',#2554,1.);
#2554 = DIRECTION('',(-1.,1.215659988688E-16,1.925416269332E-17));
#2555 = PCURVE('',#551,#2556);
#2556 = DEFINITIONAL_REPRESENTATION('',(#2557),#2561);
#2557 = LINE('',#2558,#2559);
#2558 = CARTESIAN_POINT('',(8.117813881901,45.5));
#2559 = VECTOR('',#2560,1.);
#2560 = DIRECTION('',(-2.538756022904E-16,1.));
#2561 = ( GEOMETRIC_REPRESENTATION_CONTEXT(2) 
PARAMETRIC_REPRESENTATION_CONTEXT() REPRESENTATION_CONTEXT('2D SPACE',''
  ) );
#2562 = PCURVE('',#706,#2563);
#2563 = DEFINITIONAL_REPRESENTATION('',(#2564),#2568);
#2564 = LINE('',#2565,#2566);
#2565 = CARTESIAN_POINT('',(45.5,1.119836639831));
#2566 = VECTOR('',#2567,1.);
#2567 = DIRECTION('',(-1.,1.230813343362E-16));
#2568 = ( GEOMETRIC_REPRESENTATION_CONTEXT(2) 
PARAMETRIC_REPRESENTATION_CONTEXT() REPRESENTATION_CONTEXT('2D SPACE',''
  ) );
#2569 = ORIENTED_EDGE('',*,*,#2570,.F.);
#2570 = EDGE_CURVE('',#2571,#2548,#2573,.T.);
#2571 = VERTEX_POINT('',#2572);
#2572 = CARTESIAN_POINT('',(-54.,94.783316865395,18.962342090677));
#2573 = SURFACE_CURVE('',#2574,(#2579,#2586),.PCURVE_S1.);
#2574 = ELLIPSE('',#2575,3.43006220362,3.);
#2575 = AXIS2_PLACEMENT_3D('',#2576,#2577,#2578);
#2576 = CARTESIAN_POINT('',(-57.,94.783316865395,18.962342090677));
#2577 = DIRECTION('',(1.076493605915E-16,0.939692620786,-0.342020143326)
  );
#2578 = DIRECTION('',(-1.942045873314E-16,0.342020143326,0.939692620786)
  );
#2579 = PCURVE('',#551,#2580);
#2580 = DEFINITIONAL_REPRESENTATION('',(#2581),#2585);
#2581 = ELLIPSE('',#2582,3.43006220362,3.);
#2582 = AXIS2_PLACEMENT_2D('',#2583,#2584);
#2583 = CARTESIAN_POINT('',(4.687751678281,57.));
#2584 = DIRECTION('',(-1.,1.518257904381E-32));
#2585 = ( GEOMETRIC_REPRESENTATION_CONTEXT(2) 
PARAMETRIC_REPRESENTATION_CONTEXT() REPRESENTATION_CONTEXT('2D SPACE',''
  ) );
#2586 = PCURVE('',#2587,#2592);
#2587 = CYLINDRICAL_SURFACE('',#2588,3.);
#2588 = AXIS2_PLACEMENT_3D('',#2589,#2590,#2591);
#2589 = CARTESIAN_POINT('',(-57.,92.034813511245,18.5270219252));
#2590 = DIRECTION('',(0.,0.987688340595,0.15643446504));
#2591 = DIRECTION('',(-0.,0.15643446504,-0.987688340595));
#2592 = DEFINITIONAL_REPRESENTATION('',(#2593),#2603);
#2593 = B_SPLINE_CURVE_WITH_KNOTS('',8,(#2594,#2595,#2596,#2597,#2598,
    #2599,#2600,#2601,#2602),.UNSPECIFIED.,.F.,.F.,(9,9),(1.570796326795
    ,3.14159265359),.PIECEWISE_BEZIER_KNOTS.);
#2594 = CARTESIAN_POINT('',(4.712388980385,2.782763794189));
#2595 = CARTESIAN_POINT('',(4.908738521234,2.456248810965));
#2596 = CARTESIAN_POINT('',(5.105088062084,2.129733750215));
#2597 = CARTESIAN_POINT('',(5.301437602936,1.822401310119));
#2598 = CARTESIAN_POINT('',(5.497787143781,1.553430343753));
#2599 = CARTESIAN_POINT('',(5.694136684635,1.339645599887));
#2600 = CARTESIAN_POINT('',(5.890486225481,1.19310650066));
#2601 = CARTESIAN_POINT('',(6.086835766331,1.119836639831));
#2602 = CARTESIAN_POINT('',(6.28318530718,1.119836639831));
#2603 = ( GEOMETRIC_REPRESENTATION_CONTEXT(2) 
PARAMETRIC_REPRESENTATION_CONTEXT() REPRESENTATION_CONTEXT('2D SPACE',''
  ) );
#2604 = ORIENTED_EDGE('',*,*,#2605,.T.);
#2605 = EDGE_CURVE('',#2571,#2606,#2608,.T.);
#2606 = VERTEX_POINT('',#2607);
#2607 = CARTESIAN_POINT('',(-54.,95.174366987561,20.036743471203));
#2608 = SURFACE_CURVE('',#2609,(#2613,#2620),.PCURVE_S1.);
#2609 = LINE('',#2610,#2611);
#2610 = CARTESIAN_POINT('',(-54.,94.905551769092,19.298179728454));
#2611 = VECTOR('',#2612,1.);
#2612 = DIRECTION('',(-0.,0.342020143326,0.939692620786));
#2613 = PCURVE('',#551,#2614);
#2614 = DEFINITIONAL_REPRESENTATION('',(#2615),#2619);
#2615 = LINE('',#2616,#2617);
#2616 = CARTESIAN_POINT('',(4.330360728998,54.));
#2617 = VECTOR('',#2618,1.);
#2618 = DIRECTION('',(-1.,-1.942045873314E-16));
#2619 = ( GEOMETRIC_REPRESENTATION_CONTEXT(2) 
PARAMETRIC_REPRESENTATION_CONTEXT() REPRESENTATION_CONTEXT('2D SPACE',''
  ) );
#2620 = PCURVE('',#2621,#2626);
#2621 = PLANE('',#2622);
#2622 = AXIS2_PLACEMENT_3D('',#2623,#2624,#2625);
#2623 = CARTESIAN_POINT('',(-54.,92.504116906365,15.563956903414));
#2624 = DIRECTION('',(1.,0.,0.));
#2625 = DIRECTION('',(0.,-0.15643446504,0.987688340595));
#2626 = DEFINITIONAL_REPRESENTATION('',(#2627),#2631);
#2627 = LINE('',#2628,#2629);
#2628 = CARTESIAN_POINT('',(3.312581167397,-2.95603036459));
#2629 = VECTOR('',#2630,1.);
#2630 = DIRECTION('',(0.874619707139,-0.484809620246));
#2631 = ( GEOMETRIC_REPRESENTATION_CONTEXT(2) 
PARAMETRIC_REPRESENTATION_CONTEXT() REPRESENTATION_CONTEXT('2D SPACE',''
  ) );
#2632 = ORIENTED_EDGE('',*,*,#2633,.T.);
#2633 = EDGE_CURVE('',#2606,#2634,#2636,.T.);
#2634 = VERTEX_POINT('',#2635);
#2635 = CARTESIAN_POINT('',(-51.,96.347517354059,23.259947612781));
#2636 = SURFACE_CURVE('',#2637,(#2642,#2649),.PCURVE_S1.);
#2637 = ELLIPSE('',#2638,3.43006220362,3.);
#2638 = AXIS2_PLACEMENT_3D('',#2639,#2640,#2641);
#2639 = CARTESIAN_POINT('',(-51.,95.174366987561,20.036743471203));
#2640 = DIRECTION('',(1.076493605915E-16,0.939692620786,-0.342020143326)
  );
#2641 = DIRECTION('',(-1.942045873314E-16,0.342020143326,0.939692620786)
  );
#2642 = PCURVE('',#551,#2643);
#2643 = DEFINITIONAL_REPRESENTATION('',(#2644),#2648);
#2644 = ELLIPSE('',#2645,3.43006220362,3.);
#2645 = AXIS2_PLACEMENT_2D('',#2646,#2647);
#2646 = CARTESIAN_POINT('',(3.544397610407,51.));
#2647 = DIRECTION('',(-1.,1.518257904381E-32));
#2648 = ( GEOMETRIC_REPRESENTATION_CONTEXT(2) 
PARAMETRIC_REPRESENTATION_CONTEXT() REPRESENTATION_CONTEXT('2D SPACE',''
  ) );
#2649 = PCURVE('',#2650,#2655);
#2650 = CYLINDRICAL_SURFACE('',#2651,3.);
#2651 = AXIS2_PLACEMENT_3D('',#2652,#2653,#2654);
#2652 = CARTESIAN_POINT('',(-51.,91.878379046204,19.514710265795));
#2653 = DIRECTION('',(-0.,0.987688340595,0.15643446504));
#2654 = DIRECTION('',(0.,-0.15643446504,0.987688340595));
#2655 = DEFINITIONAL_REPRESENTATION('',(#2656),#2666);
#2656 = B_SPLINE_CURVE_WITH_KNOTS('',8,(#2657,#2658,#2659,#2660,#2661,
    #2662,#2663,#2664,#2665),.UNSPECIFIED.,.F.,.F.,(9,9),(4.712388980385
    ,6.28318530718),.PIECEWISE_BEZIER_KNOTS.);
#2657 = CARTESIAN_POINT('',(4.712388980385,3.337072845642));
#2658 = CARTESIAN_POINT('',(4.908738521234,3.663587828866));
#2659 = CARTESIAN_POINT('',(5.105088062084,3.99010288961));
#2660 = CARTESIAN_POINT('',(5.301437602934,4.297435329716));
#2661 = CARTESIAN_POINT('',(5.497787143784,4.566406296044));
#2662 = CARTESIAN_POINT('',(5.694136684634,4.780191039954));
#2663 = CARTESIAN_POINT('',(5.890486225481,4.926730139166));
#2664 = CARTESIAN_POINT('',(6.086835766331,5.));
#2665 = CARTESIAN_POINT('',(6.28318530718,5.));
#2666 = ( GEOMETRIC_REPRESENTATION_CONTEXT(2) 
PARAMETRIC_REPRESENTATION_CONTEXT() REPRESENTATION_CONTEXT('2D SPACE',''
  ) );
#2667 = ORIENTED_EDGE('',*,*,#2668,.F.);
#2668 = EDGE_CURVE('',#2669,#2634,#2671,.T.);
#2669 = VERTEX_POINT('',#2670);
#2670 = CARTESIAN_POINT('',(87.,96.347517354059,23.259947612781));
#2671 = SURFACE_CURVE('',#2672,(#2676,#2683),.PCURVE_S1.);
#2672 = LINE('',#2673,#2674);
#2673 = CARTESIAN_POINT('',(-45.,96.347517354059,23.259947612781));
#2674 = VECTOR('',#2675,1.);
#2675 = DIRECTION('',(-1.,1.215659988688E-16,1.925416269332E-17));
#2676 = PCURVE('',#551,#2677);
#2677 = DEFINITIONAL_REPRESENTATION('',(#2678),#2682);
#2678 = LINE('',#2679,#2680);
#2679 = CARTESIAN_POINT('',(0.114335406788,45.));
#2680 = VECTOR('',#2681,1.);
#2681 = DIRECTION('',(-2.538756022904E-16,1.));
#2682 = ( GEOMETRIC_REPRESENTATION_CONTEXT(2) 
PARAMETRIC_REPRESENTATION_CONTEXT() REPRESENTATION_CONTEXT('2D SPACE',''
  ) );
#2683 = PCURVE('',#2684,#2689);
#2684 = PLANE('',#2685);
#2685 = AXIS2_PLACEMENT_3D('',#2686,#2687,#2688);
#2686 = CARTESIAN_POINT('',(-90.,0.,8.));
#2687 = DIRECTION('',(0.,-0.15643446504,0.987688340595));
#2688 = DIRECTION('',(0.,0.987688340595,0.15643446504));
#2689 = DEFINITIONAL_REPRESENTATION('',(#2690),#2694);
#2690 = LINE('',#2691,#2692);
#2691 = CARTESIAN_POINT('',(97.548501277239,-45.));
#2692 = VECTOR('',#2693,1.);
#2693 = DIRECTION('',(1.230813343362E-16,1.));
#2694 = ( GEOMETRIC_REPRESENTATION_CONTEXT(2) 
PARAMETRIC_REPRESENTATION_CONTEXT() REPRESENTATION_CONTEXT('2D SPACE',''
  ) );
#2695 = ORIENTED_EDGE('',*,*,#2696,.T.);
#2696 = EDGE_CURVE('',#2669,#2490,#2697,.T.);
#2697 = SURFACE_CURVE('',#2698,(#2703,#2710),.PCURVE_S1.);
#2698 = ELLIPSE('',#2699,3.43006220362,3.);
#2699 = AXIS2_PLACEMENT_3D('',#2700,#2701,#2702);
#2700 = CARTESIAN_POINT('',(87.,95.174366987561,20.036743471203));
#2701 = DIRECTION('',(1.076493605915E-16,0.939692620786,-0.342020143326)
  );
#2702 = DIRECTION('',(-1.942045873314E-16,0.342020143326,0.939692620786)
  );
#2703 = PCURVE('',#551,#2704);
#2704 = DEFINITIONAL_REPRESENTATION('',(#2705),#2709);
#2705 = ELLIPSE('',#2706,3.43006220362,3.);
#2706 = AXIS2_PLACEMENT_2D('',#2707,#2708);
#2707 = CARTESIAN_POINT('',(3.544397610407,-87.));
#2708 = DIRECTION('',(-1.,1.518257904381E-32));
#2709 = ( GEOMETRIC_REPRESENTATION_CONTEXT(2) 
PARAMETRIC_REPRESENTATION_CONTEXT() REPRESENTATION_CONTEXT('2D SPACE',''
  ) );
#2710 = PCURVE('',#2505,#2711);
#2711 = DEFINITIONAL_REPRESENTATION('',(#2712),#2722);
#2712 = B_SPLINE_CURVE_WITH_KNOTS('',8,(#2713,#2714,#2715,#2716,#2717,
    #2718,#2719,#2720,#2721),.UNSPECIFIED.,.F.,.F.,(9,9),(
    2.257592935562E-16,1.570796326795),.PIECEWISE_BEZIER_KNOTS.);
#2713 = CARTESIAN_POINT('',(0.,97.548501277239));
#2714 = CARTESIAN_POINT('',(0.196349540849,97.548501277239));
#2715 = CARTESIAN_POINT('',(0.392699081699,97.475231416437));
#2716 = CARTESIAN_POINT('',(0.589048622548,97.328692316916));
#2717 = CARTESIAN_POINT('',(0.785398163396,97.11490757353));
#2718 = CARTESIAN_POINT('',(0.981747704247,96.845936606627));
#2719 = CARTESIAN_POINT('',(1.178097245096,96.538604166896));
#2720 = CARTESIAN_POINT('',(1.374446785946,96.212089106105));
#2721 = CARTESIAN_POINT('',(1.570796326795,95.885574122881));
#2722 = ( GEOMETRIC_REPRESENTATION_CONTEXT(2) 
PARAMETRIC_REPRESENTATION_CONTEXT() REPRESENTATION_CONTEXT('2D SPACE',''
  ) );
#2723 = ADVANCED_FACE('',(#2724),#706,.T.);
#2724 = FACE_BOUND('',#2725,.T.);
#2725 = EDGE_LOOP('',(#2726,#2727,#2728,#2751));
#2726 = ORIENTED_EDGE('',*,*,#690,.T.);
#2727 = ORIENTED_EDGE('',*,*,#2547,.F.);
#2728 = ORIENTED_EDGE('',*,*,#2729,.T.);
#2729 = EDGE_CURVE('',#2548,#2730,#2732,.T.);
#2730 = VERTEX_POINT('',#2731);
#2731 = CARTESIAN_POINT('',(-57.,124.48424085798,20.629110937));
#2732 = SURFACE_CURVE('',#2733,(#2737,#2744),.PCURVE_S1.);
#2733 = LINE('',#2734,#2735);
#2734 = CARTESIAN_POINT('',(-57.,92.504116906365,15.563956903414));
#2735 = VECTOR('',#2736,1.);
#2736 = DIRECTION('',(0.,0.987688340595,0.15643446504));
#2737 = PCURVE('',#706,#2738);
#2738 = DEFINITIONAL_REPRESENTATION('',(#2739),#2743);
#2739 = LINE('',#2740,#2741);
#2740 = CARTESIAN_POINT('',(34.,0.));
#2741 = VECTOR('',#2742,1.);
#2742 = DIRECTION('',(0.,1.));
#2743 = ( GEOMETRIC_REPRESENTATION_CONTEXT(2) 
PARAMETRIC_REPRESENTATION_CONTEXT() REPRESENTATION_CONTEXT('2D SPACE',''
  ) );
#2744 = PCURVE('',#2587,#2745);
#2745 = DEFINITIONAL_REPRESENTATION('',(#2746),#2750);
#2746 = LINE('',#2747,#2748);
#2747 = CARTESIAN_POINT('',(6.28318530718,0.));
#2748 = VECTOR('',#2749,1.);
#2749 = DIRECTION('',(-0.,1.));
#2750 = ( GEOMETRIC_REPRESENTATION_CONTEXT(2) 
PARAMETRIC_REPRESENTATION_CONTEXT() REPRESENTATION_CONTEXT('2D SPACE',''
  ) );
#2751 = ORIENTED_EDGE('',*,*,#2752,.F.);
#2752 = EDGE_CURVE('',#691,#2730,#2753,.T.);
#2753 = SURFACE_CURVE('',#2754,(#2758,#2765),.PCURVE_S1.);
#2754 = LINE('',#2755,#2756);
#2755 = CARTESIAN_POINT('',(-90.,124.48424085798,20.629110937));
#2756 = VECTOR('',#2757,1.);
#2757 = DIRECTION('',(1.,0.,-0.));
#2758 = PCURVE('',#706,#2759);
#2759 = DEFINITIONAL_REPRESENTATION('',(#2760),#2764);
#2760 = LINE('',#2761,#2762);
#2761 = CARTESIAN_POINT('',(1.,32.378760219388));
#2762 = VECTOR('',#2763,1.);
#2763 = DIRECTION('',(1.,0.));
#2764 = ( GEOMETRIC_REPRESENTATION_CONTEXT(2) 
PARAMETRIC_REPRESENTATION_CONTEXT() REPRESENTATION_CONTEXT('2D SPACE',''
  ) );
#2765 = PCURVE('',#2766,#2771);
#2766 = CYLINDRICAL_SURFACE('',#2767,3.);
#2767 = AXIS2_PLACEMENT_3D('',#2768,#2769,#2770);
#2768 = CARTESIAN_POINT('',(-90.,124.9535442531,17.666045915215));
#2769 = DIRECTION('',(1.,0.,-0.));
#2770 = DIRECTION('',(0.,-0.15643446504,0.987688340595));
#2771 = DEFINITIONAL_REPRESENTATION('',(#2772),#2776);
#2772 = LINE('',#2773,#2774);
#2773 = CARTESIAN_POINT('',(6.28318530718,0.));
#2774 = VECTOR('',#2775,1.);
#2775 = DIRECTION('',(-0.,1.));
#2776 = ( GEOMETRIC_REPRESENTATION_CONTEXT(2) 
PARAMETRIC_REPRESENTATION_CONTEXT() REPRESENTATION_CONTEXT('2D SPACE',''
  ) );
#2777 = ADVANCED_FACE('',(#2778),#732,.T.);
#2778 = FACE_BOUND('',#2779,.T.);
#2779 = EDGE_LOOP('',(#2780,#2802,#2803));
#2780 = ORIENTED_EDGE('',*,*,#2781,.T.);
#2781 = EDGE_CURVE('',#691,#748,#2782,.T.);
#2782 = SURFACE_CURVE('',#2783,(#2788,#2795),.PCURVE_S1.);
#2783 = CIRCLE('',#2784,3.);
#2784 = AXIS2_PLACEMENT_3D('',#2785,#2786,#2787);
#2785 = CARTESIAN_POINT('',(-87.,124.9535442531,17.666045915215));
#2786 = DIRECTION('',(-1.,0.,0.));
#2787 = DIRECTION('',(0.,-0.15643446504,0.987688340595));
#2788 = PCURVE('',#732,#2789);
#2789 = DEFINITIONAL_REPRESENTATION('',(#2790),#2794);
#2790 = LINE('',#2791,#2792);
#2791 = CARTESIAN_POINT('',(6.28318530718,0.));
#2792 = VECTOR('',#2793,1.);
#2793 = DIRECTION('',(-1.,0.));
#2794 = ( GEOMETRIC_REPRESENTATION_CONTEXT(2) 
PARAMETRIC_REPRESENTATION_CONTEXT() REPRESENTATION_CONTEXT('2D SPACE',''
  ) );
#2795 = PCURVE('',#2766,#2796);
#2796 = DEFINITIONAL_REPRESENTATION('',(#2797),#2801);
#2797 = LINE('',#2798,#2799);
#2798 = CARTESIAN_POINT('',(6.28318530718,3.));
#2799 = VECTOR('',#2800,1.);
#2800 = DIRECTION('',(-1.,0.));
#2801 = ( GEOMETRIC_REPRESENTATION_CONTEXT(2) 
PARAMETRIC_REPRESENTATION_CONTEXT() REPRESENTATION_CONTEXT('2D SPACE',''
  ) );
#2802 = ORIENTED_EDGE('',*,*,#747,.F.);
#2803 = ORIENTED_EDGE('',*,*,#718,.T.);
#2804 = ADVANCED_FACE('',(#2805),#812,.T.);
#2805 = FACE_BOUND('',#2806,.T.);
#2806 = EDGE_LOOP('',(#2807,#2808,#2809,#2836));
#2807 = ORIENTED_EDGE('',*,*,#851,.F.);
#2808 = ORIENTED_EDGE('',*,*,#797,.T.);
#2809 = ORIENTED_EDGE('',*,*,#2810,.T.);
#2810 = EDGE_CURVE('',#770,#2811,#2813,.T.);
#2811 = VERTEX_POINT('',#2812);
#2812 = CARTESIAN_POINT('',(-87.,127.4535442531,0.));
#2813 = SURFACE_CURVE('',#2814,(#2818,#2824),.PCURVE_S1.);
#2814 = LINE('',#2815,#2816);
#2815 = CARTESIAN_POINT('',(-87.,127.9535442531,0.5));
#2816 = VECTOR('',#2817,1.);
#2817 = DIRECTION('',(4.329780281174E-17,-0.707106781187,-0.707106781187
    ));
#2818 = PCURVE('',#812,#2819);
#2819 = DEFINITIONAL_REPRESENTATION('',(#2820),#2823);
#2820 = B_SPLINE_CURVE_WITH_KNOTS('',1,(#2821,#2822),.UNSPECIFIED.,.F.,
  .F.,(2,2),(0.,0.707106781187),.PIECEWISE_BEZIER_KNOTS.);
#2821 = CARTESIAN_POINT('',(4.712388980385,0.));
#2822 = CARTESIAN_POINT('',(4.712388980385,-0.5));
#2823 = ( GEOMETRIC_REPRESENTATION_CONTEXT(2) 
PARAMETRIC_REPRESENTATION_CONTEXT() REPRESENTATION_CONTEXT('2D SPACE',''
  ) );
#2824 = PCURVE('',#2825,#2830);
#2825 = PLANE('',#2826);
#2826 = AXIS2_PLACEMENT_3D('',#2827,#2828,#2829);
#2827 = CARTESIAN_POINT('',(-87.,127.7035442531,0.25));
#2828 = DIRECTION('',(1.889513820522E-18,-0.707106781187,0.707106781187)
  );
#2829 = DIRECTION('',(-1.,-1.336088035637E-18,1.336088035637E-18));
#2830 = DEFINITIONAL_REPRESENTATION('',(#2831),#2835);
#2831 = LINE('',#2832,#2833);
#2832 = CARTESIAN_POINT('',(0.,-0.353553390593));
#2833 = VECTOR('',#2834,1.);
#2834 = DIRECTION('',(-4.329780281174E-17,1.));
#2835 = ( GEOMETRIC_REPRESENTATION_CONTEXT(2) 
PARAMETRIC_REPRESENTATION_CONTEXT() REPRESENTATION_CONTEXT('2D SPACE',''
  ) );
#2836 = ORIENTED_EDGE('',*,*,#2837,.F.);
#2837 = EDGE_CURVE('',#852,#2811,#2838,.T.);
#2838 = SURFACE_CURVE('',#2839,(#2844,#2851),.PCURVE_S1.);
#2839 = CIRCLE('',#2840,2.5);
#2840 = AXIS2_PLACEMENT_3D('',#2841,#2842,#2843);
#2841 = CARTESIAN_POINT('',(-87.,124.9535442531,0.));
#2842 = DIRECTION('',(0.,0.,-1.));
#2843 = DIRECTION('',(-1.,0.,0.));
#2844 = PCURVE('',#812,#2845);
#2845 = DEFINITIONAL_REPRESENTATION('',(#2846),#2850);
#2846 = LINE('',#2847,#2848);
#2847 = CARTESIAN_POINT('',(6.28318530718,-0.5));
#2848 = VECTOR('',#2849,1.);
#2849 = DIRECTION('',(-1.,-0.));
#2850 = ( GEOMETRIC_REPRESENTATION_CONTEXT(2) 
PARAMETRIC_REPRESENTATION_CONTEXT() REPRESENTATION_CONTEXT('2D SPACE',''
  ) );
#2851 = PCURVE('',#887,#2852);
#2852 = DEFINITIONAL_REPRESENTATION('',(#2853),#2861);
#2853 = ( BOUNDED_CURVE() B_SPLINE_CURVE(2,(#2854,#2855,#2856,#2857,
#2858,#2859,#2860),.UNSPECIFIED.,.T.,.F.) B_SPLINE_CURVE_WITH_KNOTS((1,2
    ,2,2,2,1),(-2.094395102393,0.,2.094395102393,4.188790204786,
6.28318530718,8.377580409573),.UNSPECIFIED.) CURVE() 
GEOMETRIC_REPRESENTATION_ITEM() RATIONAL_B_SPLINE_CURVE((1.,0.5,1.,0.5,
1.,0.5,1.)) REPRESENTATION_ITEM('') );
#2854 = CARTESIAN_POINT('',(0.5,124.9535442531));
#2855 = CARTESIAN_POINT('',(0.5,129.28367127202));
#2856 = CARTESIAN_POINT('',(4.25,127.11860776256));
#2857 = CARTESIAN_POINT('',(8.,124.9535442531));
#2858 = CARTESIAN_POINT('',(4.25,122.78848074363));
#2859 = CARTESIAN_POINT('',(0.5,120.62341723417));
#2860 = CARTESIAN_POINT('',(0.5,124.9535442531));
#2861 = ( GEOMETRIC_REPRESENTATION_CONTEXT(2) 
PARAMETRIC_REPRESENTATION_CONTEXT() REPRESENTATION_CONTEXT('2D SPACE',''
  ) );
#2862 = ADVANCED_FACE('',(#2863),#785,.T.);
#2863 = FACE_BOUND('',#2864,.T.);
#2864 = EDGE_LOOP('',(#2865,#2866,#2889,#2947,#2975,#3003,#3026));
#2865 = ORIENTED_EDGE('',*,*,#769,.T.);
#2866 = ORIENTED_EDGE('',*,*,#2867,.T.);
#2867 = EDGE_CURVE('',#748,#2868,#2870,.T.);
#2868 = VERTEX_POINT('',#2869);
#2869 = CARTESIAN_POINT('',(-57.,127.9535442531,17.666045915215));
#2870 = SURFACE_CURVE('',#2871,(#2875,#2882),.PCURVE_S1.);
#2871 = LINE('',#2872,#2873);
#2872 = CARTESIAN_POINT('',(-90.,127.9535442531,17.666045915215));
#2873 = VECTOR('',#2874,1.);
#2874 = DIRECTION('',(1.,0.,-0.));
#2875 = PCURVE('',#785,#2876);
#2876 = DEFINITIONAL_REPRESENTATION('',(#2877),#2881);
#2877 = LINE('',#2878,#2879);
#2878 = CARTESIAN_POINT('',(17.666045915215,0.));
#2879 = VECTOR('',#2880,1.);
#2880 = DIRECTION('',(0.,1.));
#2881 = ( GEOMETRIC_REPRESENTATION_CONTEXT(2) 
PARAMETRIC_REPRESENTATION_CONTEXT() REPRESENTATION_CONTEXT('2D SPACE',''
  ) );
#2882 = PCURVE('',#2766,#2883);
#2883 = DEFINITIONAL_REPRESENTATION('',(#2884),#2888);
#2884 = LINE('',#2885,#2886);
#2885 = CARTESIAN_POINT('',(4.555309347706,0.));
#2886 = VECTOR('',#2887,1.);
#2887 = DIRECTION('',(-0.,1.));
#2888 = ( GEOMETRIC_REPRESENTATION_CONTEXT(2) 
PARAMETRIC_REPRESENTATION_CONTEXT() REPRESENTATION_CONTEXT('2D SPACE',''
  ) );
#2889 = ORIENTED_EDGE('',*,*,#2890,.F.);
#2890 = EDGE_CURVE('',#2891,#2868,#2893,.T.);
#2891 = VERTEX_POINT('',#2892);
#2892 = CARTESIAN_POINT('',(-51.,127.9535442531,23.740836669943));
#2893 = SURFACE_CURVE('',#2894,(#2903,#2915),.PCURVE_S1.);
#2894 = B_SPLINE_CURVE_WITH_KNOTS('',7,(#2895,#2896,#2897,#2898,#2899,
    #2900,#2901,#2902),.UNSPECIFIED.,.F.,.F.,(8,8),(0.,1.570796326795),
  .PIECEWISE_BEZIER_KNOTS.);
#2895 = CARTESIAN_POINT('',(-51.,127.9535442531,23.740836669943));
#2896 = CARTESIAN_POINT('',(-51.,127.9535442531,22.394439818405));
#2897 = CARTESIAN_POINT('',(-51.34409574515,127.9535442531,
    21.047879305732));
#2898 = CARTESIAN_POINT('',(-52.03213373845,127.9535442531,
    19.805149101596));
#2899 = CARTESIAN_POINT('',(-53.03065190969,127.9535442531,
    18.764838348295));
#2900 = CARTESIAN_POINT('',(-54.27374916565,127.9535442531,
    18.031941327557));
#2901 = CARTESIAN_POINT('',(-55.63682014234,127.9535442531,
    17.666045915215));
#2902 = CARTESIAN_POINT('',(-57.,127.9535442531,17.666045915215));
#2903 = PCURVE('',#785,#2904);
#2904 = DEFINITIONAL_REPRESENTATION('',(#2905),#2914);
#2905 = B_SPLINE_CURVE_WITH_KNOTS('',7,(#2906,#2907,#2908,#2909,#2910,
    #2911,#2912,#2913),.UNSPECIFIED.,.F.,.F.,(8,8),(0.,1.570796326795),
  .PIECEWISE_BEZIER_KNOTS.);
#2906 = CARTESIAN_POINT('',(23.740836669943,39.));
#2907 = CARTESIAN_POINT('',(22.394439818405,39.));
#2908 = CARTESIAN_POINT('',(21.047879305732,38.65590425485));
#2909 = CARTESIAN_POINT('',(19.805149101596,37.96786626155));
#2910 = CARTESIAN_POINT('',(18.764838348295,36.96934809031));
#2911 = CARTESIAN_POINT('',(18.031941327557,35.72625083435));
#2912 = CARTESIAN_POINT('',(17.666045915215,34.36317985766));
#2913 = CARTESIAN_POINT('',(17.666045915215,33.));
#2914 = ( GEOMETRIC_REPRESENTATION_CONTEXT(2) 
PARAMETRIC_REPRESENTATION_CONTEXT() REPRESENTATION_CONTEXT('2D SPACE',''
  ) );
#2915 = PCURVE('',#2916,#2941);
#2916 = ( BOUNDED_SURFACE() B_SPLINE_SURFACE(2,7,(
    (#2917,#2918,#2919,#2920,#2921,#2922,#2923,#2924)
    ,(#2925,#2926,#2927,#2928,#2929,#2930,#2931,#2932)
    ,(#2933,#2934,#2935,#2936,#2937,#2938,#2939,#2940
)),.UNSPECIFIED.,.F.,.F.,.F.) B_SPLINE_SURFACE_WITH_KNOTS((3,3),(8,8),(
    0.,1.570796326795),(0.,1.570796326795),.PIECEWISE_BEZIER_KNOTS.) 
GEOMETRIC_REPRESENTATION_ITEM() RATIONAL_B_SPLINE_SURFACE((
    (1.,1.,1.,1.,1.,1.,1.,1.)
    ,(0.707106781187,0.695141325899,0.682933325382,0.671281483584
      ,0.660863940676,0.653239610473,0.64944804833,0.64944804833)
,(1.,1.,1.,1.,1.,1.,1.,1.))) REPRESENTATION_ITEM('') SURFACE() );
#2917 = CARTESIAN_POINT('',(-51.,127.9535442531,23.740836669943));
#2918 = CARTESIAN_POINT('',(-51.,127.9535442531,22.394439818405));
#2919 = CARTESIAN_POINT('',(-51.34409574515,127.9535442531,
    21.047879305732));
#2920 = CARTESIAN_POINT('',(-52.03213373845,127.9535442531,
    19.805149101596));
#2921 = CARTESIAN_POINT('',(-53.03065190969,127.9535442531,
    18.764838348295));
#2922 = CARTESIAN_POINT('',(-54.27374916565,127.9535442531,
    18.031941327557));
#2923 = CARTESIAN_POINT('',(-55.63682014234,127.9535442531,
    17.666045915215));
#2924 = CARTESIAN_POINT('',(-57.,127.9535442531,17.666045915215));
#2925 = CARTESIAN_POINT('',(-54.,127.9535442531,23.740836669943));
#2926 = CARTESIAN_POINT('',(-54.10327789336,127.9535442531,
    23.056050491636));
#2927 = CARTESIAN_POINT('',(-54.38402122301,127.9535442531,
    22.429528194674));
#2928 = CARTESIAN_POINT('',(-54.80537007298,127.9535442531,
    21.91566947364));
#2929 = CARTESIAN_POINT('',(-55.31358756399,127.9535442531,
    21.54389659516));
#2930 = CARTESIAN_POINT('',(-55.85666123941,127.9535442531,
    21.302241897124));
#2931 = CARTESIAN_POINT('',(-56.42503422706,127.9535442531,
    21.178594613553));
#2932 = CARTESIAN_POINT('',(-57.,127.9535442531,21.178594613553));
#2933 = CARTESIAN_POINT('',(-54.,124.9535442531,23.740836669943));
#2934 = CARTESIAN_POINT('',(-54.,124.85201399821,23.067638244174));
#2935 = CARTESIAN_POINT('',(-54.16382174773,124.75044718331,
    22.394178428429));
#2936 = CARTESIAN_POINT('',(-54.49151068568,124.65564368888,
    21.765995359731));
#2937 = CARTESIAN_POINT('',(-54.97491356867,124.57313939232,
    21.220228376302));
#2938 = CARTESIAN_POINT('',(-55.60359955098,124.51380603496,
    20.825507860593));
#2939 = CARTESIAN_POINT('',(-56.30173037838,124.48424085798,20.629110937
    ));
#2940 = CARTESIAN_POINT('',(-57.,124.48424085798,20.629110937));
#2941 = DEFINITIONAL_REPRESENTATION('',(#2942),#2946);
#2942 = LINE('',#2943,#2944);
#2943 = CARTESIAN_POINT('',(0.,0.));
#2944 = VECTOR('',#2945,1.);
#2945 = DIRECTION('',(0.,1.));
#2946 = ( GEOMETRIC_REPRESENTATION_CONTEXT(2) 
PARAMETRIC_REPRESENTATION_CONTEXT() REPRESENTATION_CONTEXT('2D SPACE',''
  ) );
#2947 = ORIENTED_EDGE('',*,*,#2948,.F.);
#2948 = EDGE_CURVE('',#2949,#2891,#2951,.T.);
#2949 = VERTEX_POINT('',#2950);
#2950 = CARTESIAN_POINT('',(-51.,127.9535442531,24.753301795731));
#2951 = SURFACE_CURVE('',#2952,(#2956,#2963),.PCURVE_S1.);
#2952 = LINE('',#2953,#2954);
#2953 = CARTESIAN_POINT('',(-51.,127.9535442531,28.265850494069));
#2954 = VECTOR('',#2955,1.);
#2955 = DIRECTION('',(0.,0.,-1.));
#2956 = PCURVE('',#785,#2957);
#2957 = DEFINITIONAL_REPRESENTATION('',(#2958),#2962);
#2958 = LINE('',#2959,#2960);
#2959 = CARTESIAN_POINT('',(28.265850494069,39.));
#2960 = VECTOR('',#2961,1.);
#2961 = DIRECTION('',(-1.,0.));
#2962 = ( GEOMETRIC_REPRESENTATION_CONTEXT(2) 
PARAMETRIC_REPRESENTATION_CONTEXT() REPRESENTATION_CONTEXT('2D SPACE',''
  ) );
#2963 = PCURVE('',#2964,#2969);
#2964 = CYLINDRICAL_SURFACE('',#2965,3.);
#2965 = AXIS2_PLACEMENT_3D('',#2966,#2967,#2968);
#2966 = CARTESIAN_POINT('',(-51.,124.9535442531,28.265850494069));
#2967 = DIRECTION('',(0.,0.,-1.));
#2968 = DIRECTION('',(0.,1.,0.));
#2969 = DEFINITIONAL_REPRESENTATION('',(#2970),#2974);
#2970 = LINE('',#2971,#2972);
#2971 = CARTESIAN_POINT('',(6.28318530718,0.));
#2972 = VECTOR('',#2973,1.);
#2973 = DIRECTION('',(-0.,1.));
#2974 = ( GEOMETRIC_REPRESENTATION_CONTEXT(2) 
PARAMETRIC_REPRESENTATION_CONTEXT() REPRESENTATION_CONTEXT('2D SPACE',''
  ) );
#2975 = ORIENTED_EDGE('',*,*,#2976,.T.);
#2976 = EDGE_CURVE('',#2949,#2977,#2979,.T.);
#2977 = VERTEX_POINT('',#2978);
#2978 = CARTESIAN_POINT('',(87.,127.9535442531,24.753301795731));
#2979 = SURFACE_CURVE('',#2980,(#2984,#2991),.PCURVE_S1.);
#2980 = LINE('',#2981,#2982);
#2981 = CARTESIAN_POINT('',(-54.,127.9535442531,24.753301795731));
#2982 = VECTOR('',#2983,1.);
#2983 = DIRECTION('',(1.,0.,0.));
#2984 = PCURVE('',#785,#2985);
#2985 = DEFINITIONAL_REPRESENTATION('',(#2986),#2990);
#2986 = LINE('',#2987,#2988);
#2987 = CARTESIAN_POINT('',(24.753301795731,36.));
#2988 = VECTOR('',#2989,1.);
#2989 = DIRECTION('',(0.,1.));
#2990 = ( GEOMETRIC_REPRESENTATION_CONTEXT(2) 
PARAMETRIC_REPRESENTATION_CONTEXT() REPRESENTATION_CONTEXT('2D SPACE',''
  ) );
#2991 = PCURVE('',#2992,#2997);
#2992 = CYLINDRICAL_SURFACE('',#2993,3.);
#2993 = AXIS2_PLACEMENT_3D('',#2994,#2995,#2996);
#2994 = CARTESIAN_POINT('',(-54.,124.9535442531,24.753301795731));
#2995 = DIRECTION('',(1.,0.,0.));
#2996 = DIRECTION('',(0.,-0.15643446504,0.987688340595));
#2997 = DEFINITIONAL_REPRESENTATION('',(#2998),#3002);
#2998 = LINE('',#2999,#3000);
#2999 = CARTESIAN_POINT('',(4.555309347706,0.));
#3000 = VECTOR('',#3001,1.);
#3001 = DIRECTION('',(-0.,1.));
#3002 = ( GEOMETRIC_REPRESENTATION_CONTEXT(2) 
PARAMETRIC_REPRESENTATION_CONTEXT() REPRESENTATION_CONTEXT('2D SPACE',''
  ) );
#3003 = ORIENTED_EDGE('',*,*,#3004,.F.);
#3004 = EDGE_CURVE('',#3005,#2977,#3007,.T.);
#3005 = VERTEX_POINT('',#3006);
#3006 = CARTESIAN_POINT('',(87.,127.9535442531,0.5));
#3007 = SURFACE_CURVE('',#3008,(#3012,#3019),.PCURVE_S1.);
#3008 = LINE('',#3009,#3010);
#3009 = CARTESIAN_POINT('',(87.,127.9535442531,0.));
#3010 = VECTOR('',#3011,1.);
#3011 = DIRECTION('',(0.,0.,1.));
#3012 = PCURVE('',#785,#3013);
#3013 = DEFINITIONAL_REPRESENTATION('',(#3014),#3018);
#3014 = LINE('',#3015,#3016);
#3015 = CARTESIAN_POINT('',(0.,177.));
#3016 = VECTOR('',#3017,1.);
#3017 = DIRECTION('',(1.,0.));
#3018 = ( GEOMETRIC_REPRESENTATION_CONTEXT(2) 
PARAMETRIC_REPRESENTATION_CONTEXT() REPRESENTATION_CONTEXT('2D SPACE',''
  ) );
#3019 = PCURVE('',#2477,#3020);
#3020 = DEFINITIONAL_REPRESENTATION('',(#3021),#3025);
#3021 = LINE('',#3022,#3023);
#3022 = CARTESIAN_POINT('',(6.28318530718,0.));
#3023 = VECTOR('',#3024,1.);
#3024 = DIRECTION('',(-0.,1.));
#3025 = ( GEOMETRIC_REPRESENTATION_CONTEXT(2) 
PARAMETRIC_REPRESENTATION_CONTEXT() REPRESENTATION_CONTEXT('2D SPACE',''
  ) );
#3026 = ORIENTED_EDGE('',*,*,#3027,.F.);
#3027 = EDGE_CURVE('',#770,#3005,#3028,.T.);
#3028 = SURFACE_CURVE('',#3029,(#3033,#3040),.PCURVE_S1.);
#3029 = LINE('',#3030,#3031);
#3030 = CARTESIAN_POINT('',(-87.,127.9535442531,0.5));
#3031 = VECTOR('',#3032,1.);
#3032 = DIRECTION('',(1.,0.,0.));
#3033 = PCURVE('',#785,#3034);
#3034 = DEFINITIONAL_REPRESENTATION('',(#3035),#3039);
#3035 = LINE('',#3036,#3037);
#3036 = CARTESIAN_POINT('',(0.5,3.));
#3037 = VECTOR('',#3038,1.);
#3038 = DIRECTION('',(0.,1.));
#3039 = ( GEOMETRIC_REPRESENTATION_CONTEXT(2) 
PARAMETRIC_REPRESENTATION_CONTEXT() REPRESENTATION_CONTEXT('2D SPACE',''
  ) );
#3040 = PCURVE('',#2825,#3041);
#3041 = DEFINITIONAL_REPRESENTATION('',(#3042),#3046);
#3042 = LINE('',#3043,#3044);
#3043 = CARTESIAN_POINT('',(0.,-0.353553390593));
#3044 = VECTOR('',#3045,1.);
#3045 = DIRECTION('',(-1.,-3.02410162867E-35));
#3046 = ( GEOMETRIC_REPRESENTATION_CONTEXT(2) 
PARAMETRIC_REPRESENTATION_CONTEXT() REPRESENTATION_CONTEXT('2D SPACE',''
  ) );
#3047 = ADVANCED_FACE('',(#3048),#887,.F.);
#3048 = FACE_BOUND('',#3049,.F.);
#3049 = EDGE_LOOP('',(#3050,#3051,#3052,#3075,#3108,#3131,#3164,#3185));
#3050 = ORIENTED_EDGE('',*,*,#873,.F.);
#3051 = ORIENTED_EDGE('',*,*,#931,.F.);
#3052 = ORIENTED_EDGE('',*,*,#3053,.F.);
#3053 = EDGE_CURVE('',#3054,#903,#3056,.T.);
#3054 = VERTEX_POINT('',#3055);
#3055 = CARTESIAN_POINT('',(87.,0.5,0.));
#3056 = SURFACE_CURVE('',#3057,(#3061,#3068),.PCURVE_S1.);
#3057 = LINE('',#3058,#3059);
#3058 = CARTESIAN_POINT('',(87.,0.5,0.));
#3059 = VECTOR('',#3060,1.);
#3060 = DIRECTION('',(-1.,-0.,-0.));
#3061 = PCURVE('',#887,#3062);
#3062 = DEFINITIONAL_REPRESENTATION('',(#3063),#3067);
#3063 = LINE('',#3064,#3065);
#3064 = CARTESIAN_POINT('',(177.,0.5));
#3065 = VECTOR('',#3066,1.);
#3066 = DIRECTION('',(-1.,0.));
#3067 = ( GEOMETRIC_REPRESENTATION_CONTEXT(2) 
PARAMETRIC_REPRESENTATION_CONTEXT() REPRESENTATION_CONTEXT('2D SPACE',''
  ) );
#3068 = PCURVE('',#917,#3069);
#3069 = DEFINITIONAL_REPRESENTATION('',(#3070),#3074);
#3070 = LINE('',#3071,#3072);
#3071 = CARTESIAN_POINT('',(0.,0.353553390593));
#3072 = VECTOR('',#3073,1.);
#3073 = DIRECTION('',(1.,3.02410162867E-35));
#3074 = ( GEOMETRIC_REPRESENTATION_CONTEXT(2) 
PARAMETRIC_REPRESENTATION_CONTEXT() REPRESENTATION_CONTEXT('2D SPACE',''
  ) );
#3075 = ORIENTED_EDGE('',*,*,#3076,.F.);
#3076 = EDGE_CURVE('',#3077,#3054,#3079,.T.);
#3077 = VERTEX_POINT('',#3078);
#3078 = CARTESIAN_POINT('',(89.5,3.,3.164135620182E-15));
#3079 = SURFACE_CURVE('',#3080,(#3085,#3096),.PCURVE_S1.);
#3080 = CIRCLE('',#3081,2.5);
#3081 = AXIS2_PLACEMENT_3D('',#3082,#3083,#3084);
#3082 = CARTESIAN_POINT('',(87.,3.,0.));
#3083 = DIRECTION('',(0.,0.,-1.));
#3084 = DIRECTION('',(1.,0.,0.));
#3085 = PCURVE('',#887,#3086);
#3086 = DEFINITIONAL_REPRESENTATION('',(#3087),#3095);
#3087 = ( BOUNDED_CURVE() B_SPLINE_CURVE(2,(#3088,#3089,#3090,#3091,
#3092,#3093,#3094),.UNSPECIFIED.,.T.,.F.) B_SPLINE_CURVE_WITH_KNOTS((1,2
    ,2,2,2,1),(-2.094395102393,0.,2.094395102393,4.188790204786,
6.28318530718,8.377580409573),.UNSPECIFIED.) CURVE() 
GEOMETRIC_REPRESENTATION_ITEM() RATIONAL_B_SPLINE_CURVE((1.,0.5,1.,0.5,
1.,0.5,1.)) REPRESENTATION_ITEM('') );
#3088 = CARTESIAN_POINT('',(179.5,3.));
#3089 = CARTESIAN_POINT('',(179.5,-1.330127018922));
#3090 = CARTESIAN_POINT('',(175.75,0.834936490539));
#3091 = CARTESIAN_POINT('',(172.,3.));
#3092 = CARTESIAN_POINT('',(175.75,5.165063509461));
#3093 = CARTESIAN_POINT('',(179.5,7.330127018922));
#3094 = CARTESIAN_POINT('',(179.5,3.));
#3095 = ( GEOMETRIC_REPRESENTATION_CONTEXT(2) 
PARAMETRIC_REPRESENTATION_CONTEXT() REPRESENTATION_CONTEXT('2D SPACE',''
  ) );
#3096 = PCURVE('',#3097,#3102);
#3097 = CONICAL_SURFACE('',#3098,3.,0.785398163397);
#3098 = AXIS2_PLACEMENT_3D('',#3099,#3100,#3101);
#3099 = CARTESIAN_POINT('',(87.,3.,0.5));
#3100 = DIRECTION('',(0.,0.,1.));
#3101 = DIRECTION('',(1.,0.,-0.));
#3102 = DEFINITIONAL_REPRESENTATION('',(#3103),#3107);
#3103 = LINE('',#3104,#3105);
#3104 = CARTESIAN_POINT('',(6.28318530718,-0.5));
#3105 = VECTOR('',#3106,1.);
#3106 = DIRECTION('',(-1.,-0.));
#3107 = ( GEOMETRIC_REPRESENTATION_CONTEXT(2) 
PARAMETRIC_REPRESENTATION_CONTEXT() REPRESENTATION_CONTEXT('2D SPACE',''
  ) );
#3108 = ORIENTED_EDGE('',*,*,#3109,.F.);
#3109 = EDGE_CURVE('',#3110,#3077,#3112,.T.);
#3110 = VERTEX_POINT('',#3111);
#3111 = CARTESIAN_POINT('',(89.5,124.9535442531,0.));
#3112 = SURFACE_CURVE('',#3113,(#3117,#3124),.PCURVE_S1.);
#3113 = LINE('',#3114,#3115);
#3114 = CARTESIAN_POINT('',(89.5,124.9535442531,0.));
#3115 = VECTOR('',#3116,1.);
#3116 = DIRECTION('',(-0.,-1.,-0.));
#3117 = PCURVE('',#887,#3118);
#3118 = DEFINITIONAL_REPRESENTATION('',(#3119),#3123);
#3119 = LINE('',#3120,#3121);
#3120 = CARTESIAN_POINT('',(179.5,124.9535442531));
#3121 = VECTOR('',#3122,1.);
#3122 = DIRECTION('',(0.,-1.));
#3123 = ( GEOMETRIC_REPRESENTATION_CONTEXT(2) 
PARAMETRIC_REPRESENTATION_CONTEXT() REPRESENTATION_CONTEXT('2D SPACE',''
  ) );
#3124 = PCURVE('',#2449,#3125);
#3125 = DEFINITIONAL_REPRESENTATION('',(#3126),#3130);
#3126 = LINE('',#3127,#3128);
#3127 = CARTESIAN_POINT('',(0.,0.353553390593));
#3128 = VECTOR('',#3129,1.);
#3129 = DIRECTION('',(-1.,3.02410162867E-35));
#3130 = ( GEOMETRIC_REPRESENTATION_CONTEXT(2) 
PARAMETRIC_REPRESENTATION_CONTEXT() REPRESENTATION_CONTEXT('2D SPACE',''
  ) );
#3131 = ORIENTED_EDGE('',*,*,#3132,.F.);
#3132 = EDGE_CURVE('',#3133,#3110,#3135,.T.);
#3133 = VERTEX_POINT('',#3134);
#3134 = CARTESIAN_POINT('',(87.,127.4535442531,-2.275957200482E-15));
#3135 = SURFACE_CURVE('',#3136,(#3141,#3152),.PCURVE_S1.);
#3136 = CIRCLE('',#3137,2.5);
#3137 = AXIS2_PLACEMENT_3D('',#3138,#3139,#3140);
#3138 = CARTESIAN_POINT('',(87.,124.9535442531,0.));
#3139 = DIRECTION('',(0.,0.,-1.));
#3140 = DIRECTION('',(0.,1.,0.));
#3141 = PCURVE('',#887,#3142);
#3142 = DEFINITIONAL_REPRESENTATION('',(#3143),#3151);
#3143 = ( BOUNDED_CURVE() B_SPLINE_CURVE(2,(#3144,#3145,#3146,#3147,
#3148,#3149,#3150),.UNSPECIFIED.,.T.,.F.) B_SPLINE_CURVE_WITH_KNOTS((1,2
    ,2,2,2,1),(-2.094395102393,0.,2.094395102393,4.188790204786,
6.28318530718,8.377580409573),.UNSPECIFIED.) CURVE() 
GEOMETRIC_REPRESENTATION_ITEM() RATIONAL_B_SPLINE_CURVE((1.,0.5,1.,0.5,
1.,0.5,1.)) REPRESENTATION_ITEM('') );
#3144 = CARTESIAN_POINT('',(177.,127.4535442531));
#3145 = CARTESIAN_POINT('',(181.33012701892,127.4535442531));
#3146 = CARTESIAN_POINT('',(179.16506350946,123.7035442531));
#3147 = CARTESIAN_POINT('',(177.,119.9535442531));
#3148 = CARTESIAN_POINT('',(174.83493649053,123.7035442531));
#3149 = CARTESIAN_POINT('',(172.66987298107,127.4535442531));
#3150 = CARTESIAN_POINT('',(177.,127.4535442531));
#3151 = ( GEOMETRIC_REPRESENTATION_CONTEXT(2) 
PARAMETRIC_REPRESENTATION_CONTEXT() REPRESENTATION_CONTEXT('2D SPACE',''
  ) );
#3152 = PCURVE('',#3153,#3158);
#3153 = CONICAL_SURFACE('',#3154,3.,0.785398163397);
#3154 = AXIS2_PLACEMENT_3D('',#3155,#3156,#3157);
#3155 = CARTESIAN_POINT('',(87.,124.9535442531,0.5));
#3156 = DIRECTION('',(0.,0.,1.));
#3157 = DIRECTION('',(0.,1.,0.));
#3158 = DEFINITIONAL_REPRESENTATION('',(#3159),#3163);
#3159 = LINE('',#3160,#3161);
#3160 = CARTESIAN_POINT('',(6.28318530718,-0.5));
#3161 = VECTOR('',#3162,1.);
#3162 = DIRECTION('',(-1.,-0.));
#3163 = ( GEOMETRIC_REPRESENTATION_CONTEXT(2) 
PARAMETRIC_REPRESENTATION_CONTEXT() REPRESENTATION_CONTEXT('2D SPACE',''
  ) );
#3164 = ORIENTED_EDGE('',*,*,#3165,.F.);
#3165 = EDGE_CURVE('',#2811,#3133,#3166,.T.);
#3166 = SURFACE_CURVE('',#3167,(#3171,#3178),.PCURVE_S1.);
#3167 = LINE('',#3168,#3169);
#3168 = CARTESIAN_POINT('',(-87.,127.4535442531,0.));
#3169 = VECTOR('',#3170,1.);
#3170 = DIRECTION('',(1.,0.,0.));
#3171 = PCURVE('',#887,#3172);
#3172 = DEFINITIONAL_REPRESENTATION('',(#3173),#3177);
#3173 = LINE('',#3174,#3175);
#3174 = CARTESIAN_POINT('',(3.,127.4535442531));
#3175 = VECTOR('',#3176,1.);
#3176 = DIRECTION('',(1.,0.));
#3177 = ( GEOMETRIC_REPRESENTATION_CONTEXT(2) 
PARAMETRIC_REPRESENTATION_CONTEXT() REPRESENTATION_CONTEXT('2D SPACE',''
  ) );
#3178 = PCURVE('',#2825,#3179);
#3179 = DEFINITIONAL_REPRESENTATION('',(#3180),#3184);
#3180 = LINE('',#3181,#3182);
#3181 = CARTESIAN_POINT('',(0.,0.353553390593));
#3182 = VECTOR('',#3183,1.);
#3183 = DIRECTION('',(-1.,-3.02410162867E-35));
#3184 = ( GEOMETRIC_REPRESENTATION_CONTEXT(2) 
PARAMETRIC_REPRESENTATION_CONTEXT() REPRESENTATION_CONTEXT('2D SPACE',''
  ) );
#3185 = ORIENTED_EDGE('',*,*,#2837,.F.);
#3186 = ADVANCED_FACE('',(#3187),#917,.T.);
#3187 = FACE_BOUND('',#3188,.T.);
#3188 = EDGE_LOOP('',(#3189,#3209,#3210,#3211));
#3189 = ORIENTED_EDGE('',*,*,#3190,.F.);
#3190 = EDGE_CURVE('',#1017,#3054,#3191,.T.);
#3191 = SURFACE_CURVE('',#3192,(#3196,#3203),.PCURVE_S1.);
#3192 = LINE('',#3193,#3194);
#3193 = CARTESIAN_POINT('',(87.,-4.440892098501E-16,0.5));
#3194 = VECTOR('',#3195,1.);
#3195 = DIRECTION('',(-4.329780281174E-17,0.707106781187,-0.707106781187
    ));
#3196 = PCURVE('',#917,#3197);
#3197 = DEFINITIONAL_REPRESENTATION('',(#3198),#3202);
#3198 = LINE('',#3199,#3200);
#3199 = CARTESIAN_POINT('',(7.781648359918E-36,-0.353553390593));
#3200 = VECTOR('',#3201,1.);
#3201 = DIRECTION('',(4.329780281174E-17,1.));
#3202 = ( GEOMETRIC_REPRESENTATION_CONTEXT(2) 
PARAMETRIC_REPRESENTATION_CONTEXT() REPRESENTATION_CONTEXT('2D SPACE',''
  ) );
#3203 = PCURVE('',#3097,#3204);
#3204 = DEFINITIONAL_REPRESENTATION('',(#3205),#3208);
#3205 = B_SPLINE_CURVE_WITH_KNOTS('',1,(#3206,#3207),.UNSPECIFIED.,.F.,
  .F.,(2,2),(0.,0.707106781187),.PIECEWISE_BEZIER_KNOTS.);
#3206 = CARTESIAN_POINT('',(4.712388980385,0.));
#3207 = CARTESIAN_POINT('',(4.712388980385,-0.5));
#3208 = ( GEOMETRIC_REPRESENTATION_CONTEXT(2) 
PARAMETRIC_REPRESENTATION_CONTEXT() REPRESENTATION_CONTEXT('2D SPACE',''
  ) );
#3209 = ORIENTED_EDGE('',*,*,#1044,.T.);
#3210 = ORIENTED_EDGE('',*,*,#902,.T.);
#3211 = ORIENTED_EDGE('',*,*,#3053,.F.);
#3212 = ADVANCED_FACE('',(#3213),#977,.T.);
#3213 = FACE_BOUND('',#3214,.T.);
#3214 = EDGE_LOOP('',(#3215,#3216,#3217,#3218));
#3215 = ORIENTED_EDGE('',*,*,#1070,.F.);
#3216 = ORIENTED_EDGE('',*,*,#962,.T.);
#3217 = ORIENTED_EDGE('',*,*,#993,.T.);
#3218 = ORIENTED_EDGE('',*,*,#3219,.T.);
#3219 = EDGE_CURVE('',#994,#1071,#3220,.T.);
#3220 = SURFACE_CURVE('',#3221,(#3226,#3233),.PCURVE_S1.);
#3221 = CIRCLE('',#3222,3.);
#3222 = AXIS2_PLACEMENT_3D('',#3223,#3224,#3225);
#3223 = CARTESIAN_POINT('',(87.,3.,5.43775794361));
#3224 = DIRECTION('',(-1.,0.,0.));
#3225 = DIRECTION('',(0.,-1.,0.));
#3226 = PCURVE('',#977,#3227);
#3227 = DEFINITIONAL_REPRESENTATION('',(#3228),#3232);
#3228 = LINE('',#3229,#3230);
#3229 = CARTESIAN_POINT('',(1.413716694115,177.));
#3230 = VECTOR('',#3231,1.);
#3231 = DIRECTION('',(-1.,-0.));
#3232 = ( GEOMETRIC_REPRESENTATION_CONTEXT(2) 
PARAMETRIC_REPRESENTATION_CONTEXT() REPRESENTATION_CONTEXT('2D SPACE',''
  ) );
#3233 = PCURVE('',#2373,#3234);
#3234 = DEFINITIONAL_REPRESENTATION('',(#3235),#3239);
#3235 = LINE('',#3236,#3237);
#3236 = CARTESIAN_POINT('',(0.,0.));
#3237 = VECTOR('',#3238,1.);
#3238 = DIRECTION('',(1.,0.));
#3239 = ( GEOMETRIC_REPRESENTATION_CONTEXT(2) 
PARAMETRIC_REPRESENTATION_CONTEXT() REPRESENTATION_CONTEXT('2D SPACE',''
  ) );
#3240 = ADVANCED_FACE('',(#3241),#1032,.T.);
#3241 = FACE_BOUND('',#3242,.T.);
#3242 = EDGE_LOOP('',(#3243,#3244,#3266,#3267));
#3243 = ORIENTED_EDGE('',*,*,#1016,.F.);
#3244 = ORIENTED_EDGE('',*,*,#3245,.F.);
#3245 = EDGE_CURVE('',#2411,#1017,#3246,.T.);
#3246 = SURFACE_CURVE('',#3247,(#3252,#3259),.PCURVE_S1.);
#3247 = CIRCLE('',#3248,3.);
#3248 = AXIS2_PLACEMENT_3D('',#3249,#3250,#3251);
#3249 = CARTESIAN_POINT('',(87.,3.,0.5));
#3250 = DIRECTION('',(0.,0.,-1.));
#3251 = DIRECTION('',(1.,0.,0.));
#3252 = PCURVE('',#1032,#3253);
#3253 = DEFINITIONAL_REPRESENTATION('',(#3254),#3258);
#3254 = LINE('',#3255,#3256);
#3255 = CARTESIAN_POINT('',(1.570796326795,0.5));
#3256 = VECTOR('',#3257,1.);
#3257 = DIRECTION('',(-1.,-0.));
#3258 = ( GEOMETRIC_REPRESENTATION_CONTEXT(2) 
PARAMETRIC_REPRESENTATION_CONTEXT() REPRESENTATION_CONTEXT('2D SPACE',''
  ) );
#3259 = PCURVE('',#3097,#3260);
#3260 = DEFINITIONAL_REPRESENTATION('',(#3261),#3265);
#3261 = LINE('',#3262,#3263);
#3262 = CARTESIAN_POINT('',(6.28318530718,0.));
#3263 = VECTOR('',#3264,1.);
#3264 = DIRECTION('',(-1.,-0.));
#3265 = ( GEOMETRIC_REPRESENTATION_CONTEXT(2) 
PARAMETRIC_REPRESENTATION_CONTEXT() REPRESENTATION_CONTEXT('2D SPACE',''
  ) );
#3266 = ORIENTED_EDGE('',*,*,#2410,.T.);
#3267 = ORIENTED_EDGE('',*,*,#3268,.T.);
#3268 = EDGE_CURVE('',#2358,#994,#3269,.T.);
#3269 = SURFACE_CURVE('',#3270,(#3275,#3281),.PCURVE_S1.);
#3270 = CIRCLE('',#3271,3.);
#3271 = AXIS2_PLACEMENT_3D('',#3272,#3273,#3274);
#3272 = CARTESIAN_POINT('',(87.,3.,5.43775794361));
#3273 = DIRECTION('',(0.,-0.,-1.));
#3274 = DIRECTION('',(0.,-1.,0.));
#3275 = PCURVE('',#1032,#3276);
#3276 = DEFINITIONAL_REPRESENTATION('',(#3277),#3280);
#3277 = B_SPLINE_CURVE_WITH_KNOTS('',1,(#3278,#3279),.UNSPECIFIED.,.F.,
  .F.,(2,2),(4.712388980385,6.28318530718),.PIECEWISE_BEZIER_KNOTS.);
#3278 = CARTESIAN_POINT('',(1.570796326795,5.43775794361));
#3279 = CARTESIAN_POINT('',(0.,5.43775794361));
#3280 = ( GEOMETRIC_REPRESENTATION_CONTEXT(2) 
PARAMETRIC_REPRESENTATION_CONTEXT() REPRESENTATION_CONTEXT('2D SPACE',''
  ) );
#3281 = PCURVE('',#2373,#3282);
#3282 = DEFINITIONAL_REPRESENTATION('',(#3283),#3286);
#3283 = B_SPLINE_CURVE_WITH_KNOTS('',1,(#3284,#3285),.UNSPECIFIED.,.F.,
  .F.,(2,2),(4.712388980385,6.28318530718),.PIECEWISE_BEZIER_KNOTS.);
#3284 = CARTESIAN_POINT('',(0.,-1.570796326795));
#3285 = CARTESIAN_POINT('',(0.,0.));
#3286 = ( GEOMETRIC_REPRESENTATION_CONTEXT(2) 
PARAMETRIC_REPRESENTATION_CONTEXT() REPRESENTATION_CONTEXT('2D SPACE',''
  ) );
#3287 = ADVANCED_FACE('',(#3288),#1134,.F.);
#3288 = FACE_BOUND('',#3289,.F.);
#3289 = EDGE_LOOP('',(#3290,#3320,#3341,#3342));
#3290 = ORIENTED_EDGE('',*,*,#3291,.T.);
#3291 = EDGE_CURVE('',#3292,#3294,#3296,.T.);
#3292 = VERTEX_POINT('',#3293);
#3293 = CARTESIAN_POINT('',(82.75,11.291880369752,8.775993026787));
#3294 = VERTEX_POINT('',#3295);
#3295 = CARTESIAN_POINT('',(-82.75,11.291880369752,8.775993026787));
#3296 = SURFACE_CURVE('',#3297,(#3301,#3308),.PCURVE_S1.);
#3297 = LINE('',#3298,#3299);
#3298 = CARTESIAN_POINT('',(82.75,11.291880369752,8.775993026787));
#3299 = VECTOR('',#3300,1.);
#3300 = DIRECTION('',(-1.,0.,0.));
#3301 = PCURVE('',#1134,#3302);
#3302 = DEFINITIONAL_REPRESENTATION('',(#3303),#3307);
#3303 = LINE('',#3304,#3305);
#3304 = CARTESIAN_POINT('',(165.5,0.));
#3305 = VECTOR('',#3306,1.);
#3306 = DIRECTION('',(-1.,0.));
#3307 = ( GEOMETRIC_REPRESENTATION_CONTEXT(2) 
PARAMETRIC_REPRESENTATION_CONTEXT() REPRESENTATION_CONTEXT('2D SPACE',''
  ) );
#3308 = PCURVE('',#3309,#3314);
#3309 = PLANE('',#3310);
#3310 = AXIS2_PLACEMENT_3D('',#3311,#3312,#3313);
#3311 = CARTESIAN_POINT('',(0.,10.057269944008,8.580449945487));
#3312 = DIRECTION('',(0.,-0.15643446504,0.987688340595));
#3313 = DIRECTION('',(1.,0.,0.));
#3314 = DEFINITIONAL_REPRESENTATION('',(#3315),#3319);
#3315 = LINE('',#3316,#3317);
#3316 = CARTESIAN_POINT('',(82.75,1.25));
#3317 = VECTOR('',#3318,1.);
#3318 = DIRECTION('',(-1.,0.));
#3319 = ( GEOMETRIC_REPRESENTATION_CONTEXT(2) 
PARAMETRIC_REPRESENTATION_CONTEXT() REPRESENTATION_CONTEXT('2D SPACE',''
  ) );
#3320 = ORIENTED_EDGE('',*,*,#3321,.T.);
#3321 = EDGE_CURVE('',#3294,#1119,#3322,.T.);
#3322 = SURFACE_CURVE('',#3323,(#3327,#3334),.PCURVE_S1.);
#3323 = LINE('',#3324,#3325);
#3324 = CARTESIAN_POINT('',(-82.75,11.291880369752,8.775993026787));
#3325 = VECTOR('',#3326,1.);
#3326 = DIRECTION('',(0.,-0.15643446504,0.987688340595));
#3327 = PCURVE('',#1134,#3328);
#3328 = DEFINITIONAL_REPRESENTATION('',(#3329),#3333);
#3329 = LINE('',#3330,#3331);
#3330 = CARTESIAN_POINT('',(0.,0.));
#3331 = VECTOR('',#3332,1.);
#3332 = DIRECTION('',(0.,-1.));
#3333 = ( GEOMETRIC_REPRESENTATION_CONTEXT(2) 
PARAMETRIC_REPRESENTATION_CONTEXT() REPRESENTATION_CONTEXT('2D SPACE',''
  ) );
#3334 = PCURVE('',#1226,#3335);
#3335 = DEFINITIONAL_REPRESENTATION('',(#3336),#3340);
#3336 = LINE('',#3337,#3338);
#3337 = CARTESIAN_POINT('',(4.712388980385,0.));
#3338 = VECTOR('',#3339,1.);
#3339 = DIRECTION('',(0.,-1.));
#3340 = ( GEOMETRIC_REPRESENTATION_CONTEXT(2) 
PARAMETRIC_REPRESENTATION_CONTEXT() REPRESENTATION_CONTEXT('2D SPACE',''
  ) );
#3341 = ORIENTED_EDGE('',*,*,#1116,.F.);
#3342 = ORIENTED_EDGE('',*,*,#3343,.F.);
#3343 = EDGE_CURVE('',#3292,#1117,#3344,.T.);
#3344 = SURFACE_CURVE('',#3345,(#3349,#3356),.PCURVE_S1.);
#3345 = LINE('',#3346,#3347);
#3346 = CARTESIAN_POINT('',(82.75,11.291880369752,8.775993026787));
#3347 = VECTOR('',#3348,1.);
#3348 = DIRECTION('',(0.,-0.15643446504,0.987688340595));
#3349 = PCURVE('',#1134,#3350);
#3350 = DEFINITIONAL_REPRESENTATION('',(#3351),#3355);
#3351 = LINE('',#3352,#3353);
#3352 = CARTESIAN_POINT('',(165.5,0.));
#3353 = VECTOR('',#3354,1.);
#3354 = DIRECTION('',(0.,-1.));
#3355 = ( GEOMETRIC_REPRESENTATION_CONTEXT(2) 
PARAMETRIC_REPRESENTATION_CONTEXT() REPRESENTATION_CONTEXT('2D SPACE',''
  ) );
#3356 = PCURVE('',#1167,#3357);
#3357 = DEFINITIONAL_REPRESENTATION('',(#3358),#3362);
#3358 = LINE('',#3359,#3360);
#3359 = CARTESIAN_POINT('',(1.570796326795,0.));
#3360 = VECTOR('',#3361,1.);
#3361 = DIRECTION('',(0.,-1.));
#3362 = ( GEOMETRIC_REPRESENTATION_CONTEXT(2) 
PARAMETRIC_REPRESENTATION_CONTEXT() REPRESENTATION_CONTEXT('2D SPACE',''
  ) );
#3363 = ADVANCED_FACE('',(#3364),#1167,.F.);
#3364 = FACE_BOUND('',#3365,.F.);
#3365 = EDGE_LOOP('',(#3366,#3394,#3395,#3396));
#3366 = ORIENTED_EDGE('',*,*,#3367,.F.);
#3367 = EDGE_CURVE('',#3292,#3368,#3370,.T.);
#3368 = VERTEX_POINT('',#3369);
#3369 = CARTESIAN_POINT('',(82.75,8.822659518264,8.384906864186));
#3370 = SURFACE_CURVE('',#3371,(#3376,#3383),.PCURVE_S1.);
#3371 = CIRCLE('',#3372,1.25);
#3372 = AXIS2_PLACEMENT_3D('',#3373,#3374,#3375);
#3373 = CARTESIAN_POINT('',(82.75,10.057269944008,8.580449945487));
#3374 = DIRECTION('',(-0.,0.15643446504,-0.987688340595));
#3375 = DIRECTION('',(-1.,-0.,0.));
#3376 = PCURVE('',#1167,#3377);
#3377 = DEFINITIONAL_REPRESENTATION('',(#3378),#3382);
#3378 = LINE('',#3379,#3380);
#3379 = CARTESIAN_POINT('',(0.,0.));
#3380 = VECTOR('',#3381,1.);
#3381 = DIRECTION('',(1.,0.));
#3382 = ( GEOMETRIC_REPRESENTATION_CONTEXT(2) 
PARAMETRIC_REPRESENTATION_CONTEXT() REPRESENTATION_CONTEXT('2D SPACE',''
  ) );
#3383 = PCURVE('',#3309,#3384);
#3384 = DEFINITIONAL_REPRESENTATION('',(#3385),#3393);
#3385 = ( BOUNDED_CURVE() B_SPLINE_CURVE(2,(#3386,#3387,#3388,#3389,
#3390,#3391,#3392),.UNSPECIFIED.,.T.,.F.) B_SPLINE_CURVE_WITH_KNOTS((1,2
    ,2,2,2,1),(-2.094395102393,0.,2.094395102393,4.188790204786,
6.28318530718,8.377580409573),.UNSPECIFIED.) CURVE() 
GEOMETRIC_REPRESENTATION_ITEM() RATIONAL_B_SPLINE_CURVE((1.,0.5,1.,0.5,
1.,0.5,1.)) REPRESENTATION_ITEM('') );
#3386 = CARTESIAN_POINT('',(81.5,0.));
#3387 = CARTESIAN_POINT('',(81.5,2.165063509461));
#3388 = CARTESIAN_POINT('',(83.375,1.082531754731));
#3389 = CARTESIAN_POINT('',(85.25,3.061616997868E-16));
#3390 = CARTESIAN_POINT('',(83.375,-1.082531754731));
#3391 = CARTESIAN_POINT('',(81.5,-2.165063509461));
#3392 = CARTESIAN_POINT('',(81.5,0.));
#3393 = ( GEOMETRIC_REPRESENTATION_CONTEXT(2) 
PARAMETRIC_REPRESENTATION_CONTEXT() REPRESENTATION_CONTEXT('2D SPACE',''
  ) );
#3394 = ORIENTED_EDGE('',*,*,#3343,.T.);
#3395 = ORIENTED_EDGE('',*,*,#1146,.T.);
#3396 = ORIENTED_EDGE('',*,*,#3397,.F.);
#3397 = EDGE_CURVE('',#3368,#1147,#3398,.T.);
#3398 = SURFACE_CURVE('',#3399,(#3403,#3410),.PCURVE_S1.);
#3399 = LINE('',#3400,#3401);
#3400 = CARTESIAN_POINT('',(82.75,8.822659518264,8.384906864186));
#3401 = VECTOR('',#3402,1.);
#3402 = DIRECTION('',(0.,-0.15643446504,0.987688340595));
#3403 = PCURVE('',#1167,#3404);
#3404 = DEFINITIONAL_REPRESENTATION('',(#3405),#3409);
#3405 = LINE('',#3406,#3407);
#3406 = CARTESIAN_POINT('',(4.712388980385,0.));
#3407 = VECTOR('',#3408,1.);
#3408 = DIRECTION('',(0.,-1.));
#3409 = ( GEOMETRIC_REPRESENTATION_CONTEXT(2) 
PARAMETRIC_REPRESENTATION_CONTEXT() REPRESENTATION_CONTEXT('2D SPACE',''
  ) );
#3410 = PCURVE('',#1195,#3411);
#3411 = DEFINITIONAL_REPRESENTATION('',(#3412),#3416);
#3412 = LINE('',#3413,#3414);
#3413 = CARTESIAN_POINT('',(41.375,0.));
#3414 = VECTOR('',#3415,1.);
#3415 = DIRECTION('',(0.,-1.));
#3416 = ( GEOMETRIC_REPRESENTATION_CONTEXT(2) 
PARAMETRIC_REPRESENTATION_CONTEXT() REPRESENTATION_CONTEXT('2D SPACE',''
  ) );
#3417 = ADVANCED_FACE('',(#3418),#1226,.F.);
#3418 = FACE_BOUND('',#3419,.F.);
#3419 = EDGE_LOOP('',(#3420,#3448,#3469,#3470));
#3420 = ORIENTED_EDGE('',*,*,#3421,.F.);
#3421 = EDGE_CURVE('',#3422,#3294,#3424,.T.);
#3422 = VERTEX_POINT('',#3423);
#3423 = CARTESIAN_POINT('',(-82.75,8.822659518264,8.384906864186));
#3424 = SURFACE_CURVE('',#3425,(#3430,#3437),.PCURVE_S1.);
#3425 = CIRCLE('',#3426,1.25);
#3426 = AXIS2_PLACEMENT_3D('',#3427,#3428,#3429);
#3427 = CARTESIAN_POINT('',(-82.75,10.057269944008,8.580449945487));
#3428 = DIRECTION('',(0.,0.15643446504,-0.987688340595));
#3429 = DIRECTION('',(1.,0.,0.));
#3430 = PCURVE('',#1226,#3431);
#3431 = DEFINITIONAL_REPRESENTATION('',(#3432),#3436);
#3432 = LINE('',#3433,#3434);
#3433 = CARTESIAN_POINT('',(0.,0.));
#3434 = VECTOR('',#3435,1.);
#3435 = DIRECTION('',(1.,0.));
#3436 = ( GEOMETRIC_REPRESENTATION_CONTEXT(2) 
PARAMETRIC_REPRESENTATION_CONTEXT() REPRESENTATION_CONTEXT('2D SPACE',''
  ) );
#3437 = PCURVE('',#3309,#3438);
#3438 = DEFINITIONAL_REPRESENTATION('',(#3439),#3447);
#3439 = ( BOUNDED_CURVE() B_SPLINE_CURVE(2,(#3440,#3441,#3442,#3443,
#3444,#3445,#3446),.UNSPECIFIED.,.T.,.F.) B_SPLINE_CURVE_WITH_KNOTS((1,2
    ,2,2,2,1),(-2.094395102393,0.,2.094395102393,4.188790204786,
6.28318530718,8.377580409573),.UNSPECIFIED.) CURVE() 
GEOMETRIC_REPRESENTATION_ITEM() RATIONAL_B_SPLINE_CURVE((1.,0.5,1.,0.5,
1.,0.5,1.)) REPRESENTATION_ITEM('') );
#3440 = CARTESIAN_POINT('',(-81.5,0.));
#3441 = CARTESIAN_POINT('',(-81.5,-2.165063509461));
#3442 = CARTESIAN_POINT('',(-83.375,-1.082531754731));
#3443 = CARTESIAN_POINT('',(-85.25,-3.061616997868E-16));
#3444 = CARTESIAN_POINT('',(-83.375,1.082531754731));
#3445 = CARTESIAN_POINT('',(-81.5,2.165063509461));
#3446 = CARTESIAN_POINT('',(-81.5,0.));
#3447 = ( GEOMETRIC_REPRESENTATION_CONTEXT(2) 
PARAMETRIC_REPRESENTATION_CONTEXT() REPRESENTATION_CONTEXT('2D SPACE',''
  ) );
#3448 = ORIENTED_EDGE('',*,*,#3449,.T.);
#3449 = EDGE_CURVE('',#3422,#1180,#3450,.T.);
#3450 = SURFACE_CURVE('',#3451,(#3455,#3462),.PCURVE_S1.);
#3451 = LINE('',#3452,#3453);
#3452 = CARTESIAN_POINT('',(-82.75,8.822659518264,8.384906864186));
#3453 = VECTOR('',#3454,1.);
#3454 = DIRECTION('',(0.,-0.15643446504,0.987688340595));
#3455 = PCURVE('',#1226,#3456);
#3456 = DEFINITIONAL_REPRESENTATION('',(#3457),#3461);
#3457 = LINE('',#3458,#3459);
#3458 = CARTESIAN_POINT('',(1.570796326795,0.));
#3459 = VECTOR('',#3460,1.);
#3460 = DIRECTION('',(0.,-1.));
#3461 = ( GEOMETRIC_REPRESENTATION_CONTEXT(2) 
PARAMETRIC_REPRESENTATION_CONTEXT() REPRESENTATION_CONTEXT('2D SPACE',''
  ) );
#3462 = PCURVE('',#1195,#3463);
#3463 = DEFINITIONAL_REPRESENTATION('',(#3464),#3468);
#3464 = LINE('',#3465,#3466);
#3465 = CARTESIAN_POINT('',(-124.125,0.));
#3466 = VECTOR('',#3467,1.);
#3467 = DIRECTION('',(0.,-1.));
#3468 = ( GEOMETRIC_REPRESENTATION_CONTEXT(2) 
PARAMETRIC_REPRESENTATION_CONTEXT() REPRESENTATION_CONTEXT('2D SPACE',''
  ) );
#3469 = ORIENTED_EDGE('',*,*,#1207,.T.);
#3470 = ORIENTED_EDGE('',*,*,#3321,.F.);
#3471 = ADVANCED_FACE('',(#3472),#1195,.T.);
#3472 = FACE_BOUND('',#3473,.T.);
#3473 = EDGE_LOOP('',(#3474,#3475,#3496,#3497));
#3474 = ORIENTED_EDGE('',*,*,#3397,.F.);
#3475 = ORIENTED_EDGE('',*,*,#3476,.F.);
#3476 = EDGE_CURVE('',#3422,#3368,#3477,.T.);
#3477 = SURFACE_CURVE('',#3478,(#3482,#3489),.PCURVE_S1.);
#3478 = LINE('',#3479,#3480);
#3479 = CARTESIAN_POINT('',(-82.75,8.822659518264,8.384906864186));
#3480 = VECTOR('',#3481,1.);
#3481 = DIRECTION('',(1.,0.,0.));
#3482 = PCURVE('',#1195,#3483);
#3483 = DEFINITIONAL_REPRESENTATION('',(#3484),#3488);
#3484 = LINE('',#3485,#3486);
#3485 = CARTESIAN_POINT('',(-124.125,0.));
#3486 = VECTOR('',#3487,1.);
#3487 = DIRECTION('',(1.,0.));
#3488 = ( GEOMETRIC_REPRESENTATION_CONTEXT(2) 
PARAMETRIC_REPRESENTATION_CONTEXT() REPRESENTATION_CONTEXT('2D SPACE',''
  ) );
#3489 = PCURVE('',#3309,#3490);
#3490 = DEFINITIONAL_REPRESENTATION('',(#3491),#3495);
#3491 = LINE('',#3492,#3493);
#3492 = CARTESIAN_POINT('',(-82.75,-1.25));
#3493 = VECTOR('',#3494,1.);
#3494 = DIRECTION('',(1.,0.));
#3495 = ( GEOMETRIC_REPRESENTATION_CONTEXT(2) 
PARAMETRIC_REPRESENTATION_CONTEXT() REPRESENTATION_CONTEXT('2D SPACE',''
  ) );
#3496 = ORIENTED_EDGE('',*,*,#3449,.T.);
#3497 = ORIENTED_EDGE('',*,*,#1179,.F.);
#3498 = ADVANCED_FACE('',(#3499),#1258,.F.);
#3499 = FACE_BOUND('',#3500,.F.);
#3500 = EDGE_LOOP('',(#3501,#3531,#3552,#3553));
#3501 = ORIENTED_EDGE('',*,*,#3502,.T.);
#3502 = EDGE_CURVE('',#3503,#3505,#3507,.T.);
#3503 = VERTEX_POINT('',#3504);
#3504 = CARTESIAN_POINT('',(82.75,18.699542924216,9.949251514589));
#3505 = VERTEX_POINT('',#3506);
#3506 = CARTESIAN_POINT('',(-82.75,18.699542924216,9.949251514589));
#3507 = SURFACE_CURVE('',#3508,(#3512,#3519),.PCURVE_S1.);
#3508 = LINE('',#3509,#3510);
#3509 = CARTESIAN_POINT('',(82.75,18.699542924216,9.949251514589));
#3510 = VECTOR('',#3511,1.);
#3511 = DIRECTION('',(-1.,0.,0.));
#3512 = PCURVE('',#1258,#3513);
#3513 = DEFINITIONAL_REPRESENTATION('',(#3514),#3518);
#3514 = LINE('',#3515,#3516);
#3515 = CARTESIAN_POINT('',(165.5,0.));
#3516 = VECTOR('',#3517,1.);
#3517 = DIRECTION('',(-1.,0.));
#3518 = ( GEOMETRIC_REPRESENTATION_CONTEXT(2) 
PARAMETRIC_REPRESENTATION_CONTEXT() REPRESENTATION_CONTEXT('2D SPACE',''
  ) );
#3519 = PCURVE('',#3520,#3525);
#3520 = PLANE('',#3521);
#3521 = AXIS2_PLACEMENT_3D('',#3522,#3523,#3524);
#3522 = CARTESIAN_POINT('',(0.,17.464932498472,9.753708433288));
#3523 = DIRECTION('',(0.,-0.15643446504,0.987688340595));
#3524 = DIRECTION('',(1.,0.,0.));
#3525 = DEFINITIONAL_REPRESENTATION('',(#3526),#3530);
#3526 = LINE('',#3527,#3528);
#3527 = CARTESIAN_POINT('',(82.75,1.25));
#3528 = VECTOR('',#3529,1.);
#3529 = DIRECTION('',(-1.,0.));
#3530 = ( GEOMETRIC_REPRESENTATION_CONTEXT(2) 
PARAMETRIC_REPRESENTATION_CONTEXT() REPRESENTATION_CONTEXT('2D SPACE',''
  ) );
#3531 = ORIENTED_EDGE('',*,*,#3532,.T.);
#3532 = EDGE_CURVE('',#3505,#1243,#3533,.T.);
#3533 = SURFACE_CURVE('',#3534,(#3538,#3545),.PCURVE_S1.);
#3534 = LINE('',#3535,#3536);
#3535 = CARTESIAN_POINT('',(-82.75,18.699542924216,9.949251514589));
#3536 = VECTOR('',#3537,1.);
#3537 = DIRECTION('',(0.,-0.15643446504,0.987688340595));
#3538 = PCURVE('',#1258,#3539);
#3539 = DEFINITIONAL_REPRESENTATION('',(#3540),#3544);
#3540 = LINE('',#3541,#3542);
#3541 = CARTESIAN_POINT('',(0.,0.));
#3542 = VECTOR('',#3543,1.);
#3543 = DIRECTION('',(0.,-1.));
#3544 = ( GEOMETRIC_REPRESENTATION_CONTEXT(2) 
PARAMETRIC_REPRESENTATION_CONTEXT() REPRESENTATION_CONTEXT('2D SPACE',''
  ) );
#3545 = PCURVE('',#1350,#3546);
#3546 = DEFINITIONAL_REPRESENTATION('',(#3547),#3551);
#3547 = LINE('',#3548,#3549);
#3548 = CARTESIAN_POINT('',(4.712388980385,0.));
#3549 = VECTOR('',#3550,1.);
#3550 = DIRECTION('',(0.,-1.));
#3551 = ( GEOMETRIC_REPRESENTATION_CONTEXT(2) 
PARAMETRIC_REPRESENTATION_CONTEXT() REPRESENTATION_CONTEXT('2D SPACE',''
  ) );
#3552 = ORIENTED_EDGE('',*,*,#1240,.F.);
#3553 = ORIENTED_EDGE('',*,*,#3554,.F.);
#3554 = EDGE_CURVE('',#3503,#1241,#3555,.T.);
#3555 = SURFACE_CURVE('',#3556,(#3560,#3567),.PCURVE_S1.);
#3556 = LINE('',#3557,#3558);
#3557 = CARTESIAN_POINT('',(82.75,18.699542924216,9.949251514589));
#3558 = VECTOR('',#3559,1.);
#3559 = DIRECTION('',(0.,-0.15643446504,0.987688340595));
#3560 = PCURVE('',#1258,#3561);
#3561 = DEFINITIONAL_REPRESENTATION('',(#3562),#3566);
#3562 = LINE('',#3563,#3564);
#3563 = CARTESIAN_POINT('',(165.5,0.));
#3564 = VECTOR('',#3565,1.);
#3565 = DIRECTION('',(0.,-1.));
#3566 = ( GEOMETRIC_REPRESENTATION_CONTEXT(2) 
PARAMETRIC_REPRESENTATION_CONTEXT() REPRESENTATION_CONTEXT('2D SPACE',''
  ) );
#3567 = PCURVE('',#1291,#3568);
#3568 = DEFINITIONAL_REPRESENTATION('',(#3569),#3573);
#3569 = LINE('',#3570,#3571);
#3570 = CARTESIAN_POINT('',(1.570796326795,0.));
#3571 = VECTOR('',#3572,1.);
#3572 = DIRECTION('',(0.,-1.));
#3573 = ( GEOMETRIC_REPRESENTATION_CONTEXT(2) 
PARAMETRIC_REPRESENTATION_CONTEXT() REPRESENTATION_CONTEXT('2D SPACE',''
  ) );
#3574 = ADVANCED_FACE('',(#3575),#1291,.F.);
#3575 = FACE_BOUND('',#3576,.F.);
#3576 = EDGE_LOOP('',(#3577,#3605,#3606,#3607));
#3577 = ORIENTED_EDGE('',*,*,#3578,.F.);
#3578 = EDGE_CURVE('',#3503,#3579,#3581,.T.);
#3579 = VERTEX_POINT('',#3580);
#3580 = CARTESIAN_POINT('',(82.75,16.230322072728,9.558165351988));
#3581 = SURFACE_CURVE('',#3582,(#3587,#3594),.PCURVE_S1.);
#3582 = CIRCLE('',#3583,1.25);
#3583 = AXIS2_PLACEMENT_3D('',#3584,#3585,#3586);
#3584 = CARTESIAN_POINT('',(82.75,17.464932498472,9.753708433288));
#3585 = DIRECTION('',(-0.,0.15643446504,-0.987688340595));
#3586 = DIRECTION('',(-1.,-0.,0.));
#3587 = PCURVE('',#1291,#3588);
#3588 = DEFINITIONAL_REPRESENTATION('',(#3589),#3593);
#3589 = LINE('',#3590,#3591);
#3590 = CARTESIAN_POINT('',(0.,0.));
#3591 = VECTOR('',#3592,1.);
#3592 = DIRECTION('',(1.,0.));
#3593 = ( GEOMETRIC_REPRESENTATION_CONTEXT(2) 
PARAMETRIC_REPRESENTATION_CONTEXT() REPRESENTATION_CONTEXT('2D SPACE',''
  ) );
#3594 = PCURVE('',#3520,#3595);
#3595 = DEFINITIONAL_REPRESENTATION('',(#3596),#3604);
#3596 = ( BOUNDED_CURVE() B_SPLINE_CURVE(2,(#3597,#3598,#3599,#3600,
#3601,#3602,#3603),.UNSPECIFIED.,.T.,.F.) B_SPLINE_CURVE_WITH_KNOTS((1,2
    ,2,2,2,1),(-2.094395102393,0.,2.094395102393,4.188790204786,
6.28318530718,8.377580409573),.UNSPECIFIED.) CURVE() 
GEOMETRIC_REPRESENTATION_ITEM() RATIONAL_B_SPLINE_CURVE((1.,0.5,1.,0.5,
1.,0.5,1.)) REPRESENTATION_ITEM('') );
#3597 = CARTESIAN_POINT('',(81.5,0.));
#3598 = CARTESIAN_POINT('',(81.5,2.165063509461));
#3599 = CARTESIAN_POINT('',(83.375,1.082531754731));
#3600 = CARTESIAN_POINT('',(85.25,3.061616997868E-16));
#3601 = CARTESIAN_POINT('',(83.375,-1.082531754731));
#3602 = CARTESIAN_POINT('',(81.5,-2.165063509461));
#3603 = CARTESIAN_POINT('',(81.5,0.));
#3604 = ( GEOMETRIC_REPRESENTATION_CONTEXT(2) 
PARAMETRIC_REPRESENTATION_CONTEXT() REPRESENTATION_CONTEXT('2D SPACE',''
  ) );
#3605 = ORIENTED_EDGE('',*,*,#3554,.T.);
#3606 = ORIENTED_EDGE('',*,*,#1270,.T.);
#3607 = ORIENTED_EDGE('',*,*,#3608,.F.);
#3608 = EDGE_CURVE('',#3579,#1271,#3609,.T.);
#3609 = SURFACE_CURVE('',#3610,(#3614,#3621),.PCURVE_S1.);
#3610 = LINE('',#3611,#3612);
#3611 = CARTESIAN_POINT('',(82.75,16.230322072728,9.558165351988));
#3612 = VECTOR('',#3613,1.);
#3613 = DIRECTION('',(0.,-0.15643446504,0.987688340595));
#3614 = PCURVE('',#1291,#3615);
#3615 = DEFINITIONAL_REPRESENTATION('',(#3616),#3620);
#3616 = LINE('',#3617,#3618);
#3617 = CARTESIAN_POINT('',(4.712388980385,0.));
#3618 = VECTOR('',#3619,1.);
#3619 = DIRECTION('',(0.,-1.));
#3620 = ( GEOMETRIC_REPRESENTATION_CONTEXT(2) 
PARAMETRIC_REPRESENTATION_CONTEXT() REPRESENTATION_CONTEXT('2D SPACE',''
  ) );
#3621 = PCURVE('',#1319,#3622);
#3622 = DEFINITIONAL_REPRESENTATION('',(#3623),#3627);
#3623 = LINE('',#3624,#3625);
#3624 = CARTESIAN_POINT('',(41.375,0.));
#3625 = VECTOR('',#3626,1.);
#3626 = DIRECTION('',(0.,-1.));
#3627 = ( GEOMETRIC_REPRESENTATION_CONTEXT(2) 
PARAMETRIC_REPRESENTATION_CONTEXT() REPRESENTATION_CONTEXT('2D SPACE',''
  ) );
#3628 = ADVANCED_FACE('',(#3629),#1350,.F.);
#3629 = FACE_BOUND('',#3630,.F.);
#3630 = EDGE_LOOP('',(#3631,#3659,#3680,#3681));
#3631 = ORIENTED_EDGE('',*,*,#3632,.F.);
#3632 = EDGE_CURVE('',#3633,#3505,#3635,.T.);
#3633 = VERTEX_POINT('',#3634);
#3634 = CARTESIAN_POINT('',(-82.75,16.230322072728,9.558165351988));
#3635 = SURFACE_CURVE('',#3636,(#3641,#3648),.PCURVE_S1.);
#3636 = CIRCLE('',#3637,1.25);
#3637 = AXIS2_PLACEMENT_3D('',#3638,#3639,#3640);
#3638 = CARTESIAN_POINT('',(-82.75,17.464932498472,9.753708433288));
#3639 = DIRECTION('',(0.,0.15643446504,-0.987688340595));
#3640 = DIRECTION('',(1.,0.,0.));
#3641 = PCURVE('',#1350,#3642);
#3642 = DEFINITIONAL_REPRESENTATION('',(#3643),#3647);
#3643 = LINE('',#3644,#3645);
#3644 = CARTESIAN_POINT('',(0.,0.));
#3645 = VECTOR('',#3646,1.);
#3646 = DIRECTION('',(1.,0.));
#3647 = ( GEOMETRIC_REPRESENTATION_CONTEXT(2) 
PARAMETRIC_REPRESENTATION_CONTEXT() REPRESENTATION_CONTEXT('2D SPACE',''
  ) );
#3648 = PCURVE('',#3520,#3649);
#3649 = DEFINITIONAL_REPRESENTATION('',(#3650),#3658);
#3650 = ( BOUNDED_CURVE() B_SPLINE_CURVE(2,(#3651,#3652,#3653,#3654,
#3655,#3656,#3657),.UNSPECIFIED.,.T.,.F.) B_SPLINE_CURVE_WITH_KNOTS((1,2
    ,2,2,2,1),(-2.094395102393,0.,2.094395102393,4.188790204786,
6.28318530718,8.377580409573),.UNSPECIFIED.) CURVE() 
GEOMETRIC_REPRESENTATION_ITEM() RATIONAL_B_SPLINE_CURVE((1.,0.5,1.,0.5,
1.,0.5,1.)) REPRESENTATION_ITEM('') );
#3651 = CARTESIAN_POINT('',(-81.5,0.));
#3652 = CARTESIAN_POINT('',(-81.5,-2.165063509461));
#3653 = CARTESIAN_POINT('',(-83.375,-1.082531754731));
#3654 = CARTESIAN_POINT('',(-85.25,-3.061616997868E-16));
#3655 = CARTESIAN_POINT('',(-83.375,1.082531754731));
#3656 = CARTESIAN_POINT('',(-81.5,2.165063509461));
#3657 = CARTESIAN_POINT('',(-81.5,0.));
#3658 = ( GEOMETRIC_REPRESENTATION_CONTEXT(2) 
PARAMETRIC_REPRESENTATION_CONTEXT() REPRESENTATION_CONTEXT('2D SPACE',''
  ) );
#3659 = ORIENTED_EDGE('',*,*,#3660,.T.);
#3660 = EDGE_CURVE('',#3633,#1304,#3661,.T.);
#3661 = SURFACE_CURVE('',#3662,(#3666,#3673),.PCURVE_S1.);
#3662 = LINE('',#3663,#3664);
#3663 = CARTESIAN_POINT('',(-82.75,16.230322072728,9.558165351988));
#3664 = VECTOR('',#3665,1.);
#3665 = DIRECTION('',(0.,-0.15643446504,0.987688340595));
#3666 = PCURVE('',#1350,#3667);
#3667 = DEFINITIONAL_REPRESENTATION('',(#3668),#3672);
#3668 = LINE('',#3669,#3670);
#3669 = CARTESIAN_POINT('',(1.570796326795,0.));
#3670 = VECTOR('',#3671,1.);
#3671 = DIRECTION('',(0.,-1.));
#3672 = ( GEOMETRIC_REPRESENTATION_CONTEXT(2) 
PARAMETRIC_REPRESENTATION_CONTEXT() REPRESENTATION_CONTEXT('2D SPACE',''
  ) );
#3673 = PCURVE('',#1319,#3674);
#3674 = DEFINITIONAL_REPRESENTATION('',(#3675),#3679);
#3675 = LINE('',#3676,#3677);
#3676 = CARTESIAN_POINT('',(-124.125,0.));
#3677 = VECTOR('',#3678,1.);
#3678 = DIRECTION('',(0.,-1.));
#3679 = ( GEOMETRIC_REPRESENTATION_CONTEXT(2) 
PARAMETRIC_REPRESENTATION_CONTEXT() REPRESENTATION_CONTEXT('2D SPACE',''
  ) );
#3680 = ORIENTED_EDGE('',*,*,#1331,.T.);
#3681 = ORIENTED_EDGE('',*,*,#3532,.F.);
#3682 = ADVANCED_FACE('',(#3683),#1319,.T.);
#3683 = FACE_BOUND('',#3684,.T.);
#3684 = EDGE_LOOP('',(#3685,#3686,#3707,#3708));
#3685 = ORIENTED_EDGE('',*,*,#3608,.F.);
#3686 = ORIENTED_EDGE('',*,*,#3687,.F.);
#3687 = EDGE_CURVE('',#3633,#3579,#3688,.T.);
#3688 = SURFACE_CURVE('',#3689,(#3693,#3700),.PCURVE_S1.);
#3689 = LINE('',#3690,#3691);
#3690 = CARTESIAN_POINT('',(-82.75,16.230322072728,9.558165351988));
#3691 = VECTOR('',#3692,1.);
#3692 = DIRECTION('',(1.,0.,0.));
#3693 = PCURVE('',#1319,#3694);
#3694 = DEFINITIONAL_REPRESENTATION('',(#3695),#3699);
#3695 = LINE('',#3696,#3697);
#3696 = CARTESIAN_POINT('',(-124.125,0.));
#3697 = VECTOR('',#3698,1.);
#3698 = DIRECTION('',(1.,0.));
#3699 = ( GEOMETRIC_REPRESENTATION_CONTEXT(2) 
PARAMETRIC_REPRESENTATION_CONTEXT() REPRESENTATION_CONTEXT('2D SPACE',''
  ) );
#3700 = PCURVE('',#3520,#3701);
#3701 = DEFINITIONAL_REPRESENTATION('',(#3702),#3706);
#3702 = LINE('',#3703,#3704);
#3703 = CARTESIAN_POINT('',(-82.75,-1.25));
#3704 = VECTOR('',#3705,1.);
#3705 = DIRECTION('',(1.,0.));
#3706 = ( GEOMETRIC_REPRESENTATION_CONTEXT(2) 
PARAMETRIC_REPRESENTATION_CONTEXT() REPRESENTATION_CONTEXT('2D SPACE',''
  ) );
#3707 = ORIENTED_EDGE('',*,*,#3660,.T.);
#3708 = ORIENTED_EDGE('',*,*,#1303,.F.);
#3709 = ADVANCED_FACE('',(#3710),#1382,.F.);
#3710 = FACE_BOUND('',#3711,.F.);
#3711 = EDGE_LOOP('',(#3712,#3742,#3763,#3764));
#3712 = ORIENTED_EDGE('',*,*,#3713,.T.);
#3713 = EDGE_CURVE('',#3714,#3716,#3718,.T.);
#3714 = VERTEX_POINT('',#3715);
#3715 = CARTESIAN_POINT('',(82.75,26.107205478679,11.12251000239));
#3716 = VERTEX_POINT('',#3717);
#3717 = CARTESIAN_POINT('',(-82.75,26.107205478679,11.12251000239));
#3718 = SURFACE_CURVE('',#3719,(#3723,#3730),.PCURVE_S1.);
#3719 = LINE('',#3720,#3721);
#3720 = CARTESIAN_POINT('',(82.75,26.107205478679,11.12251000239));
#3721 = VECTOR('',#3722,1.);
#3722 = DIRECTION('',(-1.,0.,0.));
#3723 = PCURVE('',#1382,#3724);
#3724 = DEFINITIONAL_REPRESENTATION('',(#3725),#3729);
#3725 = LINE('',#3726,#3727);
#3726 = CARTESIAN_POINT('',(165.5,0.));
#3727 = VECTOR('',#3728,1.);
#3728 = DIRECTION('',(-1.,0.));
#3729 = ( GEOMETRIC_REPRESENTATION_CONTEXT(2) 
PARAMETRIC_REPRESENTATION_CONTEXT() REPRESENTATION_CONTEXT('2D SPACE',''
  ) );
#3730 = PCURVE('',#3731,#3736);
#3731 = PLANE('',#3732);
#3732 = AXIS2_PLACEMENT_3D('',#3733,#3734,#3735);
#3733 = CARTESIAN_POINT('',(0.,24.872595052935,10.92696692109));
#3734 = DIRECTION('',(0.,-0.15643446504,0.987688340595));
#3735 = DIRECTION('',(1.,0.,0.));
#3736 = DEFINITIONAL_REPRESENTATION('',(#3737),#3741);
#3737 = LINE('',#3738,#3739);
#3738 = CARTESIAN_POINT('',(82.75,1.25));
#3739 = VECTOR('',#3740,1.);
#3740 = DIRECTION('',(-1.,0.));
#3741 = ( GEOMETRIC_REPRESENTATION_CONTEXT(2) 
PARAMETRIC_REPRESENTATION_CONTEXT() REPRESENTATION_CONTEXT('2D SPACE',''
  ) );
#3742 = ORIENTED_EDGE('',*,*,#3743,.T.);
#3743 = EDGE_CURVE('',#3716,#1367,#3744,.T.);
#3744 = SURFACE_CURVE('',#3745,(#3749,#3756),.PCURVE_S1.);
#3745 = LINE('',#3746,#3747);
#3746 = CARTESIAN_POINT('',(-82.75,26.107205478679,11.12251000239));
#3747 = VECTOR('',#3748,1.);
#3748 = DIRECTION('',(0.,-0.15643446504,0.987688340595));
#3749 = PCURVE('',#1382,#3750);
#3750 = DEFINITIONAL_REPRESENTATION('',(#3751),#3755);
#3751 = LINE('',#3752,#3753);
#3752 = CARTESIAN_POINT('',(0.,0.));
#3753 = VECTOR('',#3754,1.);
#3754 = DIRECTION('',(0.,-1.));
#3755 = ( GEOMETRIC_REPRESENTATION_CONTEXT(2) 
PARAMETRIC_REPRESENTATION_CONTEXT() REPRESENTATION_CONTEXT('2D SPACE',''
  ) );
#3756 = PCURVE('',#1474,#3757);
#3757 = DEFINITIONAL_REPRESENTATION('',(#3758),#3762);
#3758 = LINE('',#3759,#3760);
#3759 = CARTESIAN_POINT('',(4.712388980385,0.));
#3760 = VECTOR('',#3761,1.);
#3761 = DIRECTION('',(0.,-1.));
#3762 = ( GEOMETRIC_REPRESENTATION_CONTEXT(2) 
PARAMETRIC_REPRESENTATION_CONTEXT() REPRESENTATION_CONTEXT('2D SPACE',''
  ) );
#3763 = ORIENTED_EDGE('',*,*,#1364,.F.);
#3764 = ORIENTED_EDGE('',*,*,#3765,.F.);
#3765 = EDGE_CURVE('',#3714,#1365,#3766,.T.);
#3766 = SURFACE_CURVE('',#3767,(#3771,#3778),.PCURVE_S1.);
#3767 = LINE('',#3768,#3769);
#3768 = CARTESIAN_POINT('',(82.75,26.107205478679,11.12251000239));
#3769 = VECTOR('',#3770,1.);
#3770 = DIRECTION('',(0.,-0.15643446504,0.987688340595));
#3771 = PCURVE('',#1382,#3772);
#3772 = DEFINITIONAL_REPRESENTATION('',(#3773),#3777);
#3773 = LINE('',#3774,#3775);
#3774 = CARTESIAN_POINT('',(165.5,0.));
#3775 = VECTOR('',#3776,1.);
#3776 = DIRECTION('',(0.,-1.));
#3777 = ( GEOMETRIC_REPRESENTATION_CONTEXT(2) 
PARAMETRIC_REPRESENTATION_CONTEXT() REPRESENTATION_CONTEXT('2D SPACE',''
  ) );
#3778 = PCURVE('',#1415,#3779);
#3779 = DEFINITIONAL_REPRESENTATION('',(#3780),#3784);
#3780 = LINE('',#3781,#3782);
#3781 = CARTESIAN_POINT('',(1.570796326795,0.));
#3782 = VECTOR('',#3783,1.);
#3783 = DIRECTION('',(0.,-1.));
#3784 = ( GEOMETRIC_REPRESENTATION_CONTEXT(2) 
PARAMETRIC_REPRESENTATION_CONTEXT() REPRESENTATION_CONTEXT('2D SPACE',''
  ) );
#3785 = ADVANCED_FACE('',(#3786),#1415,.F.);
#3786 = FACE_BOUND('',#3787,.F.);
#3787 = EDGE_LOOP('',(#3788,#3816,#3817,#3818));
#3788 = ORIENTED_EDGE('',*,*,#3789,.F.);
#3789 = EDGE_CURVE('',#3714,#3790,#3792,.T.);
#3790 = VERTEX_POINT('',#3791);
#3791 = CARTESIAN_POINT('',(82.75,23.637984627191,10.73142383979));
#3792 = SURFACE_CURVE('',#3793,(#3798,#3805),.PCURVE_S1.);
#3793 = CIRCLE('',#3794,1.25);
#3794 = AXIS2_PLACEMENT_3D('',#3795,#3796,#3797);
#3795 = CARTESIAN_POINT('',(82.75,24.872595052935,10.92696692109));
#3796 = DIRECTION('',(-0.,0.15643446504,-0.987688340595));
#3797 = DIRECTION('',(-1.,-0.,0.));
#3798 = PCURVE('',#1415,#3799);
#3799 = DEFINITIONAL_REPRESENTATION('',(#3800),#3804);
#3800 = LINE('',#3801,#3802);
#3801 = CARTESIAN_POINT('',(0.,0.));
#3802 = VECTOR('',#3803,1.);
#3803 = DIRECTION('',(1.,0.));
#3804 = ( GEOMETRIC_REPRESENTATION_CONTEXT(2) 
PARAMETRIC_REPRESENTATION_CONTEXT() REPRESENTATION_CONTEXT('2D SPACE',''
  ) );
#3805 = PCURVE('',#3731,#3806);
#3806 = DEFINITIONAL_REPRESENTATION('',(#3807),#3815);
#3807 = ( BOUNDED_CURVE() B_SPLINE_CURVE(2,(#3808,#3809,#3810,#3811,
#3812,#3813,#3814),.UNSPECIFIED.,.T.,.F.) B_SPLINE_CURVE_WITH_KNOTS((1,2
    ,2,2,2,1),(-2.094395102393,0.,2.094395102393,4.188790204786,
6.28318530718,8.377580409573),.UNSPECIFIED.) CURVE() 
GEOMETRIC_REPRESENTATION_ITEM() RATIONAL_B_SPLINE_CURVE((1.,0.5,1.,0.5,
1.,0.5,1.)) REPRESENTATION_ITEM('') );
#3808 = CARTESIAN_POINT('',(81.5,0.));
#3809 = CARTESIAN_POINT('',(81.5,2.165063509461));
#3810 = CARTESIAN_POINT('',(83.375,1.082531754731));
#3811 = CARTESIAN_POINT('',(85.25,3.061616997868E-16));
#3812 = CARTESIAN_POINT('',(83.375,-1.082531754731));
#3813 = CARTESIAN_POINT('',(81.5,-2.165063509461));
#3814 = CARTESIAN_POINT('',(81.5,0.));
#3815 = ( GEOMETRIC_REPRESENTATION_CONTEXT(2) 
PARAMETRIC_REPRESENTATION_CONTEXT() REPRESENTATION_CONTEXT('2D SPACE',''
  ) );
#3816 = ORIENTED_EDGE('',*,*,#3765,.T.);
#3817 = ORIENTED_EDGE('',*,*,#1394,.T.);
#3818 = ORIENTED_EDGE('',*,*,#3819,.F.);
#3819 = EDGE_CURVE('',#3790,#1395,#3820,.T.);
#3820 = SURFACE_CURVE('',#3821,(#3825,#3832),.PCURVE_S1.);
#3821 = LINE('',#3822,#3823);
#3822 = CARTESIAN_POINT('',(82.75,23.637984627191,10.73142383979));
#3823 = VECTOR('',#3824,1.);
#3824 = DIRECTION('',(0.,-0.15643446504,0.987688340595));
#3825 = PCURVE('',#1415,#3826);
#3826 = DEFINITIONAL_REPRESENTATION('',(#3827),#3831);
#3827 = LINE('',#3828,#3829);
#3828 = CARTESIAN_POINT('',(4.712388980385,0.));
#3829 = VECTOR('',#3830,1.);
#3830 = DIRECTION('',(0.,-1.));
#3831 = ( GEOMETRIC_REPRESENTATION_CONTEXT(2) 
PARAMETRIC_REPRESENTATION_CONTEXT() REPRESENTATION_CONTEXT('2D SPACE',''
  ) );
#3832 = PCURVE('',#1443,#3833);
#3833 = DEFINITIONAL_REPRESENTATION('',(#3834),#3838);
#3834 = LINE('',#3835,#3836);
#3835 = CARTESIAN_POINT('',(41.375,0.));
#3836 = VECTOR('',#3837,1.);
#3837 = DIRECTION('',(0.,-1.));
#3838 = ( GEOMETRIC_REPRESENTATION_CONTEXT(2) 
PARAMETRIC_REPRESENTATION_CONTEXT() REPRESENTATION_CONTEXT('2D SPACE',''
  ) );
#3839 = ADVANCED_FACE('',(#3840),#1474,.F.);
#3840 = FACE_BOUND('',#3841,.F.);
#3841 = EDGE_LOOP('',(#3842,#3870,#3891,#3892));
#3842 = ORIENTED_EDGE('',*,*,#3843,.F.);
#3843 = EDGE_CURVE('',#3844,#3716,#3846,.T.);
#3844 = VERTEX_POINT('',#3845);
#3845 = CARTESIAN_POINT('',(-82.75,23.637984627191,10.73142383979));
#3846 = SURFACE_CURVE('',#3847,(#3852,#3859),.PCURVE_S1.);
#3847 = CIRCLE('',#3848,1.25);
#3848 = AXIS2_PLACEMENT_3D('',#3849,#3850,#3851);
#3849 = CARTESIAN_POINT('',(-82.75,24.872595052935,10.92696692109));
#3850 = DIRECTION('',(0.,0.15643446504,-0.987688340595));
#3851 = DIRECTION('',(1.,0.,0.));
#3852 = PCURVE('',#1474,#3853);
#3853 = DEFINITIONAL_REPRESENTATION('',(#3854),#3858);
#3854 = LINE('',#3855,#3856);
#3855 = CARTESIAN_POINT('',(0.,0.));
#3856 = VECTOR('',#3857,1.);
#3857 = DIRECTION('',(1.,0.));
#3858 = ( GEOMETRIC_REPRESENTATION_CONTEXT(2) 
PARAMETRIC_REPRESENTATION_CONTEXT() REPRESENTATION_CONTEXT('2D SPACE',''
  ) );
#3859 = PCURVE('',#3731,#3860);
#3860 = DEFINITIONAL_REPRESENTATION('',(#3861),#3869);
#3861 = ( BOUNDED_CURVE() B_SPLINE_CURVE(2,(#3862,#3863,#3864,#3865,
#3866,#3867,#3868),.UNSPECIFIED.,.T.,.F.) B_SPLINE_CURVE_WITH_KNOTS((1,2
    ,2,2,2,1),(-2.094395102393,0.,2.094395102393,4.188790204786,
6.28318530718,8.377580409573),.UNSPECIFIED.) CURVE() 
GEOMETRIC_REPRESENTATION_ITEM() RATIONAL_B_SPLINE_CURVE((1.,0.5,1.,0.5,
1.,0.5,1.)) REPRESENTATION_ITEM('') );
#3862 = CARTESIAN_POINT('',(-81.5,0.));
#3863 = CARTESIAN_POINT('',(-81.5,-2.165063509461));
#3864 = CARTESIAN_POINT('',(-83.375,-1.082531754731));
#3865 = CARTESIAN_POINT('',(-85.25,-3.061616997868E-16));
#3866 = CARTESIAN_POINT('',(-83.375,1.082531754731));
#3867 = CARTESIAN_POINT('',(-81.5,2.165063509461));
#3868 = CARTESIAN_POINT('',(-81.5,0.));
#3869 = ( GEOMETRIC_REPRESENTATION_CONTEXT(2) 
PARAMETRIC_REPRESENTATION_CONTEXT() REPRESENTATION_CONTEXT('2D SPACE',''
  ) );
#3870 = ORIENTED_EDGE('',*,*,#3871,.T.);
#3871 = EDGE_CURVE('',#3844,#1428,#3872,.T.);
#3872 = SURFACE_CURVE('',#3873,(#3877,#3884),.PCURVE_S1.);
#3873 = LINE('',#3874,#3875);
#3874 = CARTESIAN_POINT('',(-82.75,23.637984627191,10.73142383979));
#3875 = VECTOR('',#3876,1.);
#3876 = DIRECTION('',(0.,-0.15643446504,0.987688340595));
#3877 = PCURVE('',#1474,#3878);
#3878 = DEFINITIONAL_REPRESENTATION('',(#3879),#3883);
#3879 = LINE('',#3880,#3881);
#3880 = CARTESIAN_POINT('',(1.570796326795,0.));
#3881 = VECTOR('',#3882,1.);
#3882 = DIRECTION('',(0.,-1.));
#3883 = ( GEOMETRIC_REPRESENTATION_CONTEXT(2) 
PARAMETRIC_REPRESENTATION_CONTEXT() REPRESENTATION_CONTEXT('2D SPACE',''
  ) );
#3884 = PCURVE('',#1443,#3885);
#3885 = DEFINITIONAL_REPRESENTATION('',(#3886),#3890);
#3886 = LINE('',#3887,#3888);
#3887 = CARTESIAN_POINT('',(-124.125,0.));
#3888 = VECTOR('',#3889,1.);
#3889 = DIRECTION('',(0.,-1.));
#3890 = ( GEOMETRIC_REPRESENTATION_CONTEXT(2) 
PARAMETRIC_REPRESENTATION_CONTEXT() REPRESENTATION_CONTEXT('2D SPACE',''
  ) );
#3891 = ORIENTED_EDGE('',*,*,#1455,.T.);
#3892 = ORIENTED_EDGE('',*,*,#3743,.F.);
#3893 = ADVANCED_FACE('',(#3894),#1443,.T.);
#3894 = FACE_BOUND('',#3895,.T.);
#3895 = EDGE_LOOP('',(#3896,#3897,#3918,#3919));
#3896 = ORIENTED_EDGE('',*,*,#3819,.F.);
#3897 = ORIENTED_EDGE('',*,*,#3898,.F.);
#3898 = EDGE_CURVE('',#3844,#3790,#3899,.T.);
#3899 = SURFACE_CURVE('',#3900,(#3904,#3911),.PCURVE_S1.);
#3900 = LINE('',#3901,#3902);
#3901 = CARTESIAN_POINT('',(-82.75,23.637984627191,10.73142383979));
#3902 = VECTOR('',#3903,1.);
#3903 = DIRECTION('',(1.,0.,0.));
#3904 = PCURVE('',#1443,#3905);
#3905 = DEFINITIONAL_REPRESENTATION('',(#3906),#3910);
#3906 = LINE('',#3907,#3908);
#3907 = CARTESIAN_POINT('',(-124.125,0.));
#3908 = VECTOR('',#3909,1.);
#3909 = DIRECTION('',(1.,0.));
#3910 = ( GEOMETRIC_REPRESENTATION_CONTEXT(2) 
PARAMETRIC_REPRESENTATION_CONTEXT() REPRESENTATION_CONTEXT('2D SPACE',''
  ) );
#3911 = PCURVE('',#3731,#3912);
#3912 = DEFINITIONAL_REPRESENTATION('',(#3913),#3917);
#3913 = LINE('',#3914,#3915);
#3914 = CARTESIAN_POINT('',(-82.75,-1.25));
#3915 = VECTOR('',#3916,1.);
#3916 = DIRECTION('',(1.,0.));
#3917 = ( GEOMETRIC_REPRESENTATION_CONTEXT(2) 
PARAMETRIC_REPRESENTATION_CONTEXT() REPRESENTATION_CONTEXT('2D SPACE',''
  ) );
#3918 = ORIENTED_EDGE('',*,*,#3871,.T.);
#3919 = ORIENTED_EDGE('',*,*,#1427,.F.);
#3920 = ADVANCED_FACE('',(#3921),#1506,.F.);
#3921 = FACE_BOUND('',#3922,.F.);
#3922 = EDGE_LOOP('',(#3923,#3953,#3974,#3975));
#3923 = ORIENTED_EDGE('',*,*,#3924,.T.);
#3924 = EDGE_CURVE('',#3925,#3927,#3929,.T.);
#3925 = VERTEX_POINT('',#3926);
#3926 = CARTESIAN_POINT('',(82.75,33.514868033143,12.295768490192));
#3927 = VERTEX_POINT('',#3928);
#3928 = CARTESIAN_POINT('',(-82.75,33.514868033143,12.295768490192));
#3929 = SURFACE_CURVE('',#3930,(#3934,#3941),.PCURVE_S1.);
#3930 = LINE('',#3931,#3932);
#3931 = CARTESIAN_POINT('',(82.75,33.514868033143,12.295768490192));
#3932 = VECTOR('',#3933,1.);
#3933 = DIRECTION('',(-1.,0.,0.));
#3934 = PCURVE('',#1506,#3935);
#3935 = DEFINITIONAL_REPRESENTATION('',(#3936),#3940);
#3936 = LINE('',#3937,#3938);
#3937 = CARTESIAN_POINT('',(165.5,0.));
#3938 = VECTOR('',#3939,1.);
#3939 = DIRECTION('',(-1.,0.));
#3940 = ( GEOMETRIC_REPRESENTATION_CONTEXT(2) 
PARAMETRIC_REPRESENTATION_CONTEXT() REPRESENTATION_CONTEXT('2D SPACE',''
  ) );
#3941 = PCURVE('',#3942,#3947);
#3942 = PLANE('',#3943);
#3943 = AXIS2_PLACEMENT_3D('',#3944,#3945,#3946);
#3944 = CARTESIAN_POINT('',(0.,32.280257607399,12.100225408892));
#3945 = DIRECTION('',(0.,-0.15643446504,0.987688340595));
#3946 = DIRECTION('',(1.,0.,0.));
#3947 = DEFINITIONAL_REPRESENTATION('',(#3948),#3952);
#3948 = LINE('',#3949,#3950);
#3949 = CARTESIAN_POINT('',(82.75,1.25));
#3950 = VECTOR('',#3951,1.);
#3951 = DIRECTION('',(-1.,0.));
#3952 = ( GEOMETRIC_REPRESENTATION_CONTEXT(2) 
PARAMETRIC_REPRESENTATION_CONTEXT() REPRESENTATION_CONTEXT('2D SPACE',''
  ) );
#3953 = ORIENTED_EDGE('',*,*,#3954,.T.);
#3954 = EDGE_CURVE('',#3927,#1491,#3955,.T.);
#3955 = SURFACE_CURVE('',#3956,(#3960,#3967),.PCURVE_S1.);
#3956 = LINE('',#3957,#3958);
#3957 = CARTESIAN_POINT('',(-82.75,33.514868033143,12.295768490192));
#3958 = VECTOR('',#3959,1.);
#3959 = DIRECTION('',(0.,-0.15643446504,0.987688340595));
#3960 = PCURVE('',#1506,#3961);
#3961 = DEFINITIONAL_REPRESENTATION('',(#3962),#3966);
#3962 = LINE('',#3963,#3964);
#3963 = CARTESIAN_POINT('',(0.,0.));
#3964 = VECTOR('',#3965,1.);
#3965 = DIRECTION('',(0.,-1.));
#3966 = ( GEOMETRIC_REPRESENTATION_CONTEXT(2) 
PARAMETRIC_REPRESENTATION_CONTEXT() REPRESENTATION_CONTEXT('2D SPACE',''
  ) );
#3967 = PCURVE('',#1598,#3968);
#3968 = DEFINITIONAL_REPRESENTATION('',(#3969),#3973);
#3969 = LINE('',#3970,#3971);
#3970 = CARTESIAN_POINT('',(4.712388980385,0.));
#3971 = VECTOR('',#3972,1.);
#3972 = DIRECTION('',(0.,-1.));
#3973 = ( GEOMETRIC_REPRESENTATION_CONTEXT(2) 
PARAMETRIC_REPRESENTATION_CONTEXT() REPRESENTATION_CONTEXT('2D SPACE',''
  ) );
#3974 = ORIENTED_EDGE('',*,*,#1488,.F.);
#3975 = ORIENTED_EDGE('',*,*,#3976,.F.);
#3976 = EDGE_CURVE('',#3925,#1489,#3977,.T.);
#3977 = SURFACE_CURVE('',#3978,(#3982,#3989),.PCURVE_S1.);
#3978 = LINE('',#3979,#3980);
#3979 = CARTESIAN_POINT('',(82.75,33.514868033143,12.295768490192));
#3980 = VECTOR('',#3981,1.);
#3981 = DIRECTION('',(0.,-0.15643446504,0.987688340595));
#3982 = PCURVE('',#1506,#3983);
#3983 = DEFINITIONAL_REPRESENTATION('',(#3984),#3988);
#3984 = LINE('',#3985,#3986);
#3985 = CARTESIAN_POINT('',(165.5,0.));
#3986 = VECTOR('',#3987,1.);
#3987 = DIRECTION('',(0.,-1.));
#3988 = ( GEOMETRIC_REPRESENTATION_CONTEXT(2) 
PARAMETRIC_REPRESENTATION_CONTEXT() REPRESENTATION_CONTEXT('2D SPACE',''
  ) );
#3989 = PCURVE('',#1539,#3990);
#3990 = DEFINITIONAL_REPRESENTATION('',(#3991),#3995);
#3991 = LINE('',#3992,#3993);
#3992 = CARTESIAN_POINT('',(1.570796326795,0.));
#3993 = VECTOR('',#3994,1.);
#3994 = DIRECTION('',(0.,-1.));
#3995 = ( GEOMETRIC_REPRESENTATION_CONTEXT(2) 
PARAMETRIC_REPRESENTATION_CONTEXT() REPRESENTATION_CONTEXT('2D SPACE',''
  ) );
#3996 = ADVANCED_FACE('',(#3997),#1539,.F.);
#3997 = FACE_BOUND('',#3998,.F.);
#3998 = EDGE_LOOP('',(#3999,#4027,#4028,#4029));
#3999 = ORIENTED_EDGE('',*,*,#4000,.F.);
#4000 = EDGE_CURVE('',#3925,#4001,#4003,.T.);
#4001 = VERTEX_POINT('',#4002);
#4002 = CARTESIAN_POINT('',(82.75,31.045647181655,11.904682327591));
#4003 = SURFACE_CURVE('',#4004,(#4009,#4016),.PCURVE_S1.);
#4004 = CIRCLE('',#4005,1.25);
#4005 = AXIS2_PLACEMENT_3D('',#4006,#4007,#4008);
#4006 = CARTESIAN_POINT('',(82.75,32.280257607399,12.100225408892));
#4007 = DIRECTION('',(-0.,0.15643446504,-0.987688340595));
#4008 = DIRECTION('',(-1.,-0.,0.));
#4009 = PCURVE('',#1539,#4010);
#4010 = DEFINITIONAL_REPRESENTATION('',(#4011),#4015);
#4011 = LINE('',#4012,#4013);
#4012 = CARTESIAN_POINT('',(0.,0.));
#4013 = VECTOR('',#4014,1.);
#4014 = DIRECTION('',(1.,0.));
#4015 = ( GEOMETRIC_REPRESENTATION_CONTEXT(2) 
PARAMETRIC_REPRESENTATION_CONTEXT() REPRESENTATION_CONTEXT('2D SPACE',''
  ) );
#4016 = PCURVE('',#3942,#4017);
#4017 = DEFINITIONAL_REPRESENTATION('',(#4018),#4026);
#4018 = ( BOUNDED_CURVE() B_SPLINE_CURVE(2,(#4019,#4020,#4021,#4022,
#4023,#4024,#4025),.UNSPECIFIED.,.T.,.F.) B_SPLINE_CURVE_WITH_KNOTS((1,2
    ,2,2,2,1),(-2.094395102393,0.,2.094395102393,4.188790204786,
6.28318530718,8.377580409573),.UNSPECIFIED.) CURVE() 
GEOMETRIC_REPRESENTATION_ITEM() RATIONAL_B_SPLINE_CURVE((1.,0.5,1.,0.5,
1.,0.5,1.)) REPRESENTATION_ITEM('') );
#4019 = CARTESIAN_POINT('',(81.5,0.));
#4020 = CARTESIAN_POINT('',(81.5,2.165063509461));
#4021 = CARTESIAN_POINT('',(83.375,1.082531754731));
#4022 = CARTESIAN_POINT('',(85.25,3.061616997868E-16));
#4023 = CARTESIAN_POINT('',(83.375,-1.082531754731));
#4024 = CARTESIAN_POINT('',(81.5,-2.165063509461));
#4025 = CARTESIAN_POINT('',(81.5,0.));
#4026 = ( GEOMETRIC_REPRESENTATION_CONTEXT(2) 
PARAMETRIC_REPRESENTATION_CONTEXT() REPRESENTATION_CONTEXT('2D SPACE',''
  ) );
#4027 = ORIENTED_EDGE('',*,*,#3976,.T.);
#4028 = ORIENTED_EDGE('',*,*,#1518,.T.);
#4029 = ORIENTED_EDGE('',*,*,#4030,.F.);
#4030 = EDGE_CURVE('',#4001,#1519,#4031,.T.);
#4031 = SURFACE_CURVE('',#4032,(#4036,#4043),.PCURVE_S1.);
#4032 = LINE('',#4033,#4034);
#4033 = CARTESIAN_POINT('',(82.75,31.045647181655,11.904682327591));
#4034 = VECTOR('',#4035,1.);
#4035 = DIRECTION('',(0.,-0.15643446504,0.987688340595));
#4036 = PCURVE('',#1539,#4037);
#4037 = DEFINITIONAL_REPRESENTATION('',(#4038),#4042);
#4038 = LINE('',#4039,#4040);
#4039 = CARTESIAN_POINT('',(4.712388980385,0.));
#4040 = VECTOR('',#4041,1.);
#4041 = DIRECTION('',(0.,-1.));
#4042 = ( GEOMETRIC_REPRESENTATION_CONTEXT(2) 
PARAMETRIC_REPRESENTATION_CONTEXT() REPRESENTATION_CONTEXT('2D SPACE',''
  ) );
#4043 = PCURVE('',#1567,#4044);
#4044 = DEFINITIONAL_REPRESENTATION('',(#4045),#4049);
#4045 = LINE('',#4046,#4047);
#4046 = CARTESIAN_POINT('',(41.375,0.));
#4047 = VECTOR('',#4048,1.);
#4048 = DIRECTION('',(0.,-1.));
#4049 = ( GEOMETRIC_REPRESENTATION_CONTEXT(2) 
PARAMETRIC_REPRESENTATION_CONTEXT() REPRESENTATION_CONTEXT('2D SPACE',''
  ) );
#4050 = ADVANCED_FACE('',(#4051),#1598,.F.);
#4051 = FACE_BOUND('',#4052,.F.);
#4052 = EDGE_LOOP('',(#4053,#4081,#4102,#4103));
#4053 = ORIENTED_EDGE('',*,*,#4054,.F.);
#4054 = EDGE_CURVE('',#4055,#3927,#4057,.T.);
#4055 = VERTEX_POINT('',#4056);
#4056 = CARTESIAN_POINT('',(-82.75,31.045647181655,11.904682327591));
#4057 = SURFACE_CURVE('',#4058,(#4063,#4070),.PCURVE_S1.);
#4058 = CIRCLE('',#4059,1.25);
#4059 = AXIS2_PLACEMENT_3D('',#4060,#4061,#4062);
#4060 = CARTESIAN_POINT('',(-82.75,32.280257607399,12.100225408892));
#4061 = DIRECTION('',(0.,0.15643446504,-0.987688340595));
#4062 = DIRECTION('',(1.,0.,0.));
#4063 = PCURVE('',#1598,#4064);
#4064 = DEFINITIONAL_REPRESENTATION('',(#4065),#4069);
#4065 = LINE('',#4066,#4067);
#4066 = CARTESIAN_POINT('',(0.,0.));
#4067 = VECTOR('',#4068,1.);
#4068 = DIRECTION('',(1.,0.));
#4069 = ( GEOMETRIC_REPRESENTATION_CONTEXT(2) 
PARAMETRIC_REPRESENTATION_CONTEXT() REPRESENTATION_CONTEXT('2D SPACE',''
  ) );
#4070 = PCURVE('',#3942,#4071);
#4071 = DEFINITIONAL_REPRESENTATION('',(#4072),#4080);
#4072 = ( BOUNDED_CURVE() B_SPLINE_CURVE(2,(#4073,#4074,#4075,#4076,
#4077,#4078,#4079),.UNSPECIFIED.,.T.,.F.) B_SPLINE_CURVE_WITH_KNOTS((1,2
    ,2,2,2,1),(-2.094395102393,0.,2.094395102393,4.188790204786,
6.28318530718,8.377580409573),.UNSPECIFIED.) CURVE() 
GEOMETRIC_REPRESENTATION_ITEM() RATIONAL_B_SPLINE_CURVE((1.,0.5,1.,0.5,
1.,0.5,1.)) REPRESENTATION_ITEM('') );
#4073 = CARTESIAN_POINT('',(-81.5,0.));
#4074 = CARTESIAN_POINT('',(-81.5,-2.165063509461));
#4075 = CARTESIAN_POINT('',(-83.375,-1.082531754731));
#4076 = CARTESIAN_POINT('',(-85.25,-3.061616997868E-16));
#4077 = CARTESIAN_POINT('',(-83.375,1.082531754731));
#4078 = CARTESIAN_POINT('',(-81.5,2.165063509461));
#4079 = CARTESIAN_POINT('',(-81.5,0.));
#4080 = ( GEOMETRIC_REPRESENTATION_CONTEXT(2) 
PARAMETRIC_REPRESENTATION_CONTEXT() REPRESENTATION_CONTEXT('2D SPACE',''
  ) );
#4081 = ORIENTED_EDGE('',*,*,#4082,.T.);
#4082 = EDGE_CURVE('',#4055,#1552,#4083,.T.);
#4083 = SURFACE_CURVE('',#4084,(#4088,#4095),.PCURVE_S1.);
#4084 = LINE('',#4085,#4086);
#4085 = CARTESIAN_POINT('',(-82.75,31.045647181655,11.904682327591));
#4086 = VECTOR('',#4087,1.);
#4087 = DIRECTION('',(0.,-0.15643446504,0.987688340595));
#4088 = PCURVE('',#1598,#4089);
#4089 = DEFINITIONAL_REPRESENTATION('',(#4090),#4094);
#4090 = LINE('',#4091,#4092);
#4091 = CARTESIAN_POINT('',(1.570796326795,0.));
#4092 = VECTOR('',#4093,1.);
#4093 = DIRECTION('',(0.,-1.));
#4094 = ( GEOMETRIC_REPRESENTATION_CONTEXT(2) 
PARAMETRIC_REPRESENTATION_CONTEXT() REPRESENTATION_CONTEXT('2D SPACE',''
  ) );
#4095 = PCURVE('',#1567,#4096);
#4096 = DEFINITIONAL_REPRESENTATION('',(#4097),#4101);
#4097 = LINE('',#4098,#4099);
#4098 = CARTESIAN_POINT('',(-124.125,0.));
#4099 = VECTOR('',#4100,1.);
#4100 = DIRECTION('',(0.,-1.));
#4101 = ( GEOMETRIC_REPRESENTATION_CONTEXT(2) 
PARAMETRIC_REPRESENTATION_CONTEXT() REPRESENTATION_CONTEXT('2D SPACE',''
  ) );
#4102 = ORIENTED_EDGE('',*,*,#1579,.T.);
#4103 = ORIENTED_EDGE('',*,*,#3954,.F.);
#4104 = ADVANCED_FACE('',(#4105),#1567,.T.);
#4105 = FACE_BOUND('',#4106,.T.);
#4106 = EDGE_LOOP('',(#4107,#4108,#4129,#4130));
#4107 = ORIENTED_EDGE('',*,*,#4030,.F.);
#4108 = ORIENTED_EDGE('',*,*,#4109,.F.);
#4109 = EDGE_CURVE('',#4055,#4001,#4110,.T.);
#4110 = SURFACE_CURVE('',#4111,(#4115,#4122),.PCURVE_S1.);
#4111 = LINE('',#4112,#4113);
#4112 = CARTESIAN_POINT('',(-82.75,31.045647181655,11.904682327591));
#4113 = VECTOR('',#4114,1.);
#4114 = DIRECTION('',(1.,0.,0.));
#4115 = PCURVE('',#1567,#4116);
#4116 = DEFINITIONAL_REPRESENTATION('',(#4117),#4121);
#4117 = LINE('',#4118,#4119);
#4118 = CARTESIAN_POINT('',(-124.125,0.));
#4119 = VECTOR('',#4120,1.);
#4120 = DIRECTION('',(1.,0.));
#4121 = ( GEOMETRIC_REPRESENTATION_CONTEXT(2) 
PARAMETRIC_REPRESENTATION_CONTEXT() REPRESENTATION_CONTEXT('2D SPACE',''
  ) );
#4122 = PCURVE('',#3942,#4123);
#4123 = DEFINITIONAL_REPRESENTATION('',(#4124),#4128);
#4124 = LINE('',#4125,#4126);
#4125 = CARTESIAN_POINT('',(-82.75,-1.25));
#4126 = VECTOR('',#4127,1.);
#4127 = DIRECTION('',(1.,0.));
#4128 = ( GEOMETRIC_REPRESENTATION_CONTEXT(2) 
PARAMETRIC_REPRESENTATION_CONTEXT() REPRESENTATION_CONTEXT('2D SPACE',''
  ) );
#4129 = ORIENTED_EDGE('',*,*,#4082,.T.);
#4130 = ORIENTED_EDGE('',*,*,#1551,.F.);
#4131 = ADVANCED_FACE('',(#4132),#1630,.F.);
#4132 = FACE_BOUND('',#4133,.F.);
#4133 = EDGE_LOOP('',(#4134,#4164,#4185,#4186));
#4134 = ORIENTED_EDGE('',*,*,#4135,.T.);
#4135 = EDGE_CURVE('',#4136,#4138,#4140,.T.);
#4136 = VERTEX_POINT('',#4137);
#4137 = CARTESIAN_POINT('',(82.75,40.922530587606,13.469026977994));
#4138 = VERTEX_POINT('',#4139);
#4139 = CARTESIAN_POINT('',(-82.75,40.922530587606,13.469026977994));
#4140 = SURFACE_CURVE('',#4141,(#4145,#4152),.PCURVE_S1.);
#4141 = LINE('',#4142,#4143);
#4142 = CARTESIAN_POINT('',(82.75,40.922530587606,13.469026977994));
#4143 = VECTOR('',#4144,1.);
#4144 = DIRECTION('',(-1.,0.,0.));
#4145 = PCURVE('',#1630,#4146);
#4146 = DEFINITIONAL_REPRESENTATION('',(#4147),#4151);
#4147 = LINE('',#4148,#4149);
#4148 = CARTESIAN_POINT('',(165.5,0.));
#4149 = VECTOR('',#4150,1.);
#4150 = DIRECTION('',(-1.,0.));
#4151 = ( GEOMETRIC_REPRESENTATION_CONTEXT(2) 
PARAMETRIC_REPRESENTATION_CONTEXT() REPRESENTATION_CONTEXT('2D SPACE',''
  ) );
#4152 = PCURVE('',#4153,#4158);
#4153 = PLANE('',#4154);
#4154 = AXIS2_PLACEMENT_3D('',#4155,#4156,#4157);
#4155 = CARTESIAN_POINT('',(0.,39.687920161862,13.273483896693));
#4156 = DIRECTION('',(0.,-0.15643446504,0.987688340595));
#4157 = DIRECTION('',(1.,0.,0.));
#4158 = DEFINITIONAL_REPRESENTATION('',(#4159),#4163);
#4159 = LINE('',#4160,#4161);
#4160 = CARTESIAN_POINT('',(82.75,1.25));
#4161 = VECTOR('',#4162,1.);
#4162 = DIRECTION('',(-1.,0.));
#4163 = ( GEOMETRIC_REPRESENTATION_CONTEXT(2) 
PARAMETRIC_REPRESENTATION_CONTEXT() REPRESENTATION_CONTEXT('2D SPACE',''
  ) );
#4164 = ORIENTED_EDGE('',*,*,#4165,.T.);
#4165 = EDGE_CURVE('',#4138,#1615,#4166,.T.);
#4166 = SURFACE_CURVE('',#4167,(#4171,#4178),.PCURVE_S1.);
#4167 = LINE('',#4168,#4169);
#4168 = CARTESIAN_POINT('',(-82.75,40.922530587606,13.469026977994));
#4169 = VECTOR('',#4170,1.);
#4170 = DIRECTION('',(0.,-0.15643446504,0.987688340595));
#4171 = PCURVE('',#1630,#4172);
#4172 = DEFINITIONAL_REPRESENTATION('',(#4173),#4177);
#4173 = LINE('',#4174,#4175);
#4174 = CARTESIAN_POINT('',(0.,0.));
#4175 = VECTOR('',#4176,1.);
#4176 = DIRECTION('',(0.,-1.));
#4177 = ( GEOMETRIC_REPRESENTATION_CONTEXT(2) 
PARAMETRIC_REPRESENTATION_CONTEXT() REPRESENTATION_CONTEXT('2D SPACE',''
  ) );
#4178 = PCURVE('',#1722,#4179);
#4179 = DEFINITIONAL_REPRESENTATION('',(#4180),#4184);
#4180 = LINE('',#4181,#4182);
#4181 = CARTESIAN_POINT('',(4.712388980385,0.));
#4182 = VECTOR('',#4183,1.);
#4183 = DIRECTION('',(0.,-1.));
#4184 = ( GEOMETRIC_REPRESENTATION_CONTEXT(2) 
PARAMETRIC_REPRESENTATION_CONTEXT() REPRESENTATION_CONTEXT('2D SPACE',''
  ) );
#4185 = ORIENTED_EDGE('',*,*,#1612,.F.);
#4186 = ORIENTED_EDGE('',*,*,#4187,.F.);
#4187 = EDGE_CURVE('',#4136,#1613,#4188,.T.);
#4188 = SURFACE_CURVE('',#4189,(#4193,#4200),.PCURVE_S1.);
#4189 = LINE('',#4190,#4191);
#4190 = CARTESIAN_POINT('',(82.75,40.922530587606,13.469026977994));
#4191 = VECTOR('',#4192,1.);
#4192 = DIRECTION('',(0.,-0.15643446504,0.987688340595));
#4193 = PCURVE('',#1630,#4194);
#4194 = DEFINITIONAL_REPRESENTATION('',(#4195),#4199);
#4195 = LINE('',#4196,#4197);
#4196 = CARTESIAN_POINT('',(165.5,0.));
#4197 = VECTOR('',#4198,1.);
#4198 = DIRECTION('',(0.,-1.));
#4199 = ( GEOMETRIC_REPRESENTATION_CONTEXT(2) 
PARAMETRIC_REPRESENTATION_CONTEXT() REPRESENTATION_CONTEXT('2D SPACE',''
  ) );
#4200 = PCURVE('',#1663,#4201);
#4201 = DEFINITIONAL_REPRESENTATION('',(#4202),#4206);
#4202 = LINE('',#4203,#4204);
#4203 = CARTESIAN_POINT('',(1.570796326795,0.));
#4204 = VECTOR('',#4205,1.);
#4205 = DIRECTION('',(0.,-1.));
#4206 = ( GEOMETRIC_REPRESENTATION_CONTEXT(2) 
PARAMETRIC_REPRESENTATION_CONTEXT() REPRESENTATION_CONTEXT('2D SPACE',''
  ) );
#4207 = ADVANCED_FACE('',(#4208),#1663,.F.);
#4208 = FACE_BOUND('',#4209,.F.);
#4209 = EDGE_LOOP('',(#4210,#4238,#4239,#4240));
#4210 = ORIENTED_EDGE('',*,*,#4211,.F.);
#4211 = EDGE_CURVE('',#4136,#4212,#4214,.T.);
#4212 = VERTEX_POINT('',#4213);
#4213 = CARTESIAN_POINT('',(82.75,38.453309736119,13.077940815393));
#4214 = SURFACE_CURVE('',#4215,(#4220,#4227),.PCURVE_S1.);
#4215 = CIRCLE('',#4216,1.25);
#4216 = AXIS2_PLACEMENT_3D('',#4217,#4218,#4219);
#4217 = CARTESIAN_POINT('',(82.75,39.687920161862,13.273483896693));
#4218 = DIRECTION('',(-0.,0.15643446504,-0.987688340595));
#4219 = DIRECTION('',(-1.,-0.,0.));
#4220 = PCURVE('',#1663,#4221);
#4221 = DEFINITIONAL_REPRESENTATION('',(#4222),#4226);
#4222 = LINE('',#4223,#4224);
#4223 = CARTESIAN_POINT('',(0.,0.));
#4224 = VECTOR('',#4225,1.);
#4225 = DIRECTION('',(1.,0.));
#4226 = ( GEOMETRIC_REPRESENTATION_CONTEXT(2) 
PARAMETRIC_REPRESENTATION_CONTEXT() REPRESENTATION_CONTEXT('2D SPACE',''
  ) );
#4227 = PCURVE('',#4153,#4228);
#4228 = DEFINITIONAL_REPRESENTATION('',(#4229),#4237);
#4229 = ( BOUNDED_CURVE() B_SPLINE_CURVE(2,(#4230,#4231,#4232,#4233,
#4234,#4235,#4236),.UNSPECIFIED.,.T.,.F.) B_SPLINE_CURVE_WITH_KNOTS((1,2
    ,2,2,2,1),(-2.094395102393,0.,2.094395102393,4.188790204786,
6.28318530718,8.377580409573),.UNSPECIFIED.) CURVE() 
GEOMETRIC_REPRESENTATION_ITEM() RATIONAL_B_SPLINE_CURVE((1.,0.5,1.,0.5,
1.,0.5,1.)) REPRESENTATION_ITEM('') );
#4230 = CARTESIAN_POINT('',(81.5,0.));
#4231 = CARTESIAN_POINT('',(81.5,2.165063509461));
#4232 = CARTESIAN_POINT('',(83.375,1.082531754731));
#4233 = CARTESIAN_POINT('',(85.25,3.061616997868E-16));
#4234 = CARTESIAN_POINT('',(83.375,-1.082531754731));
#4235 = CARTESIAN_POINT('',(81.5,-2.165063509461));
#4236 = CARTESIAN_POINT('',(81.5,0.));
#4237 = ( GEOMETRIC_REPRESENTATION_CONTEXT(2) 
PARAMETRIC_REPRESENTATION_CONTEXT() REPRESENTATION_CONTEXT('2D SPACE',''
  ) );
#4238 = ORIENTED_EDGE('',*,*,#4187,.T.);
#4239 = ORIENTED_EDGE('',*,*,#1642,.T.);
#4240 = ORIENTED_EDGE('',*,*,#4241,.F.);
#4241 = EDGE_CURVE('',#4212,#1643,#4242,.T.);
#4242 = SURFACE_CURVE('',#4243,(#4247,#4254),.PCURVE_S1.);
#4243 = LINE('',#4244,#4245);
#4244 = CARTESIAN_POINT('',(82.75,38.453309736119,13.077940815393));
#4245 = VECTOR('',#4246,1.);
#4246 = DIRECTION('',(0.,-0.15643446504,0.987688340595));
#4247 = PCURVE('',#1663,#4248);
#4248 = DEFINITIONAL_REPRESENTATION('',(#4249),#4253);
#4249 = LINE('',#4250,#4251);
#4250 = CARTESIAN_POINT('',(4.712388980385,0.));
#4251 = VECTOR('',#4252,1.);
#4252 = DIRECTION('',(0.,-1.));
#4253 = ( GEOMETRIC_REPRESENTATION_CONTEXT(2) 
PARAMETRIC_REPRESENTATION_CONTEXT() REPRESENTATION_CONTEXT('2D SPACE',''
  ) );
#4254 = PCURVE('',#1691,#4255);
#4255 = DEFINITIONAL_REPRESENTATION('',(#4256),#4260);
#4256 = LINE('',#4257,#4258);
#4257 = CARTESIAN_POINT('',(41.375,0.));
#4258 = VECTOR('',#4259,1.);
#4259 = DIRECTION('',(0.,-1.));
#4260 = ( GEOMETRIC_REPRESENTATION_CONTEXT(2) 
PARAMETRIC_REPRESENTATION_CONTEXT() REPRESENTATION_CONTEXT('2D SPACE',''
  ) );
#4261 = ADVANCED_FACE('',(#4262),#1722,.F.);
#4262 = FACE_BOUND('',#4263,.F.);
#4263 = EDGE_LOOP('',(#4264,#4292,#4313,#4314));
#4264 = ORIENTED_EDGE('',*,*,#4265,.F.);
#4265 = EDGE_CURVE('',#4266,#4138,#4268,.T.);
#4266 = VERTEX_POINT('',#4267);
#4267 = CARTESIAN_POINT('',(-82.75,38.453309736119,13.077940815393));
#4268 = SURFACE_CURVE('',#4269,(#4274,#4281),.PCURVE_S1.);
#4269 = CIRCLE('',#4270,1.25);
#4270 = AXIS2_PLACEMENT_3D('',#4271,#4272,#4273);
#4271 = CARTESIAN_POINT('',(-82.75,39.687920161862,13.273483896693));
#4272 = DIRECTION('',(0.,0.15643446504,-0.987688340595));
#4273 = DIRECTION('',(1.,0.,0.));
#4274 = PCURVE('',#1722,#4275);
#4275 = DEFINITIONAL_REPRESENTATION('',(#4276),#4280);
#4276 = LINE('',#4277,#4278);
#4277 = CARTESIAN_POINT('',(0.,0.));
#4278 = VECTOR('',#4279,1.);
#4279 = DIRECTION('',(1.,0.));
#4280 = ( GEOMETRIC_REPRESENTATION_CONTEXT(2) 
PARAMETRIC_REPRESENTATION_CONTEXT() REPRESENTATION_CONTEXT('2D SPACE',''
  ) );
#4281 = PCURVE('',#4153,#4282);
#4282 = DEFINITIONAL_REPRESENTATION('',(#4283),#4291);
#4283 = ( BOUNDED_CURVE() B_SPLINE_CURVE(2,(#4284,#4285,#4286,#4287,
#4288,#4289,#4290),.UNSPECIFIED.,.T.,.F.) B_SPLINE_CURVE_WITH_KNOTS((1,2
    ,2,2,2,1),(-2.094395102393,0.,2.094395102393,4.188790204786,
6.28318530718,8.377580409573),.UNSPECIFIED.) CURVE() 
GEOMETRIC_REPRESENTATION_ITEM() RATIONAL_B_SPLINE_CURVE((1.,0.5,1.,0.5,
1.,0.5,1.)) REPRESENTATION_ITEM('') );
#4284 = CARTESIAN_POINT('',(-81.5,0.));
#4285 = CARTESIAN_POINT('',(-81.5,-2.165063509461));
#4286 = CARTESIAN_POINT('',(-83.375,-1.082531754731));
#4287 = CARTESIAN_POINT('',(-85.25,-3.061616997868E-16));
#4288 = CARTESIAN_POINT('',(-83.375,1.082531754731));
#4289 = CARTESIAN_POINT('',(-81.5,2.165063509461));
#4290 = CARTESIAN_POINT('',(-81.5,0.));
#4291 = ( GEOMETRIC_REPRESENTATION_CONTEXT(2) 
PARAMETRIC_REPRESENTATION_CONTEXT() REPRESENTATION_CONTEXT('2D SPACE',''
  ) );
#4292 = ORIENTED_EDGE('',*,*,#4293,.T.);
#4293 = EDGE_CURVE('',#4266,#1676,#4294,.T.);
#4294 = SURFACE_CURVE('',#4295,(#4299,#4306),.PCURVE_S1.);
#4295 = LINE('',#4296,#4297);
#4296 = CARTESIAN_POINT('',(-82.75,38.453309736119,13.077940815393));
#4297 = VECTOR('',#4298,1.);
#4298 = DIRECTION('',(0.,-0.15643446504,0.987688340595));
#4299 = PCURVE('',#1722,#4300);
#4300 = DEFINITIONAL_REPRESENTATION('',(#4301),#4305);
#4301 = LINE('',#4302,#4303);
#4302 = CARTESIAN_POINT('',(1.570796326795,0.));
#4303 = VECTOR('',#4304,1.);
#4304 = DIRECTION('',(0.,-1.));
#4305 = ( GEOMETRIC_REPRESENTATION_CONTEXT(2) 
PARAMETRIC_REPRESENTATION_CONTEXT() REPRESENTATION_CONTEXT('2D SPACE',''
  ) );
#4306 = PCURVE('',#1691,#4307);
#4307 = DEFINITIONAL_REPRESENTATION('',(#4308),#4312);
#4308 = LINE('',#4309,#4310);
#4309 = CARTESIAN_POINT('',(-124.125,0.));
#4310 = VECTOR('',#4311,1.);
#4311 = DIRECTION('',(0.,-1.));
#4312 = ( GEOMETRIC_REPRESENTATION_CONTEXT(2) 
PARAMETRIC_REPRESENTATION_CONTEXT() REPRESENTATION_CONTEXT('2D SPACE',''
  ) );
#4313 = ORIENTED_EDGE('',*,*,#1703,.T.);
#4314 = ORIENTED_EDGE('',*,*,#4165,.F.);
#4315 = ADVANCED_FACE('',(#4316),#1691,.T.);
#4316 = FACE_BOUND('',#4317,.T.);
#4317 = EDGE_LOOP('',(#4318,#4319,#4340,#4341));
#4318 = ORIENTED_EDGE('',*,*,#4241,.F.);
#4319 = ORIENTED_EDGE('',*,*,#4320,.F.);
#4320 = EDGE_CURVE('',#4266,#4212,#4321,.T.);
#4321 = SURFACE_CURVE('',#4322,(#4326,#4333),.PCURVE_S1.);
#4322 = LINE('',#4323,#4324);
#4323 = CARTESIAN_POINT('',(-82.75,38.453309736119,13.077940815393));
#4324 = VECTOR('',#4325,1.);
#4325 = DIRECTION('',(1.,0.,0.));
#4326 = PCURVE('',#1691,#4327);
#4327 = DEFINITIONAL_REPRESENTATION('',(#4328),#4332);
#4328 = LINE('',#4329,#4330);
#4329 = CARTESIAN_POINT('',(-124.125,0.));
#4330 = VECTOR('',#4331,1.);
#4331 = DIRECTION('',(1.,0.));
#4332 = ( GEOMETRIC_REPRESENTATION_CONTEXT(2) 
PARAMETRIC_REPRESENTATION_CONTEXT() REPRESENTATION_CONTEXT('2D SPACE',''
  ) );
#4333 = PCURVE('',#4153,#4334);
#4334 = DEFINITIONAL_REPRESENTATION('',(#4335),#4339);
#4335 = LINE('',#4336,#4337);
#4336 = CARTESIAN_POINT('',(-82.75,-1.249999999999));
#4337 = VECTOR('',#4338,1.);
#4338 = DIRECTION('',(1.,0.));
#4339 = ( GEOMETRIC_REPRESENTATION_CONTEXT(2) 
PARAMETRIC_REPRESENTATION_CONTEXT() REPRESENTATION_CONTEXT('2D SPACE',''
  ) );
#4340 = ORIENTED_EDGE('',*,*,#4293,.T.);
#4341 = ORIENTED_EDGE('',*,*,#1675,.F.);
#4342 = ADVANCED_FACE('',(#4343),#1754,.F.);
#4343 = FACE_BOUND('',#4344,.F.);
#4344 = EDGE_LOOP('',(#4345,#4375,#4396,#4397));
#4345 = ORIENTED_EDGE('',*,*,#4346,.T.);
#4346 = EDGE_CURVE('',#4347,#4349,#4351,.T.);
#4347 = VERTEX_POINT('',#4348);
#4348 = CARTESIAN_POINT('',(82.75,48.33019314207,14.642285465795));
#4349 = VERTEX_POINT('',#4350);
#4350 = CARTESIAN_POINT('',(-82.75,48.33019314207,14.642285465795));
#4351 = SURFACE_CURVE('',#4352,(#4356,#4363),.PCURVE_S1.);
#4352 = LINE('',#4353,#4354);
#4353 = CARTESIAN_POINT('',(82.75,48.33019314207,14.642285465795));
#4354 = VECTOR('',#4355,1.);
#4355 = DIRECTION('',(-1.,0.,0.));
#4356 = PCURVE('',#1754,#4357);
#4357 = DEFINITIONAL_REPRESENTATION('',(#4358),#4362);
#4358 = LINE('',#4359,#4360);
#4359 = CARTESIAN_POINT('',(165.5,0.));
#4360 = VECTOR('',#4361,1.);
#4361 = DIRECTION('',(-1.,0.));
#4362 = ( GEOMETRIC_REPRESENTATION_CONTEXT(2) 
PARAMETRIC_REPRESENTATION_CONTEXT() REPRESENTATION_CONTEXT('2D SPACE',''
  ) );
#4363 = PCURVE('',#4364,#4369);
#4364 = PLANE('',#4365);
#4365 = AXIS2_PLACEMENT_3D('',#4366,#4367,#4368);
#4366 = CARTESIAN_POINT('',(0.,47.095582716326,14.446742384495));
#4367 = DIRECTION('',(0.,-0.15643446504,0.987688340595));
#4368 = DIRECTION('',(1.,0.,0.));
#4369 = DEFINITIONAL_REPRESENTATION('',(#4370),#4374);
#4370 = LINE('',#4371,#4372);
#4371 = CARTESIAN_POINT('',(82.75,1.25));
#4372 = VECTOR('',#4373,1.);
#4373 = DIRECTION('',(-1.,0.));
#4374 = ( GEOMETRIC_REPRESENTATION_CONTEXT(2) 
PARAMETRIC_REPRESENTATION_CONTEXT() REPRESENTATION_CONTEXT('2D SPACE',''
  ) );
#4375 = ORIENTED_EDGE('',*,*,#4376,.T.);
#4376 = EDGE_CURVE('',#4349,#1739,#4377,.T.);
#4377 = SURFACE_CURVE('',#4378,(#4382,#4389),.PCURVE_S1.);
#4378 = LINE('',#4379,#4380);
#4379 = CARTESIAN_POINT('',(-82.75,48.33019314207,14.642285465795));
#4380 = VECTOR('',#4381,1.);
#4381 = DIRECTION('',(0.,-0.15643446504,0.987688340595));
#4382 = PCURVE('',#1754,#4383);
#4383 = DEFINITIONAL_REPRESENTATION('',(#4384),#4388);
#4384 = LINE('',#4385,#4386);
#4385 = CARTESIAN_POINT('',(0.,0.));
#4386 = VECTOR('',#4387,1.);
#4387 = DIRECTION('',(0.,-1.));
#4388 = ( GEOMETRIC_REPRESENTATION_CONTEXT(2) 
PARAMETRIC_REPRESENTATION_CONTEXT() REPRESENTATION_CONTEXT('2D SPACE',''
  ) );
#4389 = PCURVE('',#1846,#4390);
#4390 = DEFINITIONAL_REPRESENTATION('',(#4391),#4395);
#4391 = LINE('',#4392,#4393);
#4392 = CARTESIAN_POINT('',(4.712388980385,0.));
#4393 = VECTOR('',#4394,1.);
#4394 = DIRECTION('',(0.,-1.));
#4395 = ( GEOMETRIC_REPRESENTATION_CONTEXT(2) 
PARAMETRIC_REPRESENTATION_CONTEXT() REPRESENTATION_CONTEXT('2D SPACE',''
  ) );
#4396 = ORIENTED_EDGE('',*,*,#1736,.F.);
#4397 = ORIENTED_EDGE('',*,*,#4398,.F.);
#4398 = EDGE_CURVE('',#4347,#1737,#4399,.T.);
#4399 = SURFACE_CURVE('',#4400,(#4404,#4411),.PCURVE_S1.);
#4400 = LINE('',#4401,#4402);
#4401 = CARTESIAN_POINT('',(82.75,48.33019314207,14.642285465795));
#4402 = VECTOR('',#4403,1.);
#4403 = DIRECTION('',(0.,-0.15643446504,0.987688340595));
#4404 = PCURVE('',#1754,#4405);
#4405 = DEFINITIONAL_REPRESENTATION('',(#4406),#4410);
#4406 = LINE('',#4407,#4408);
#4407 = CARTESIAN_POINT('',(165.5,0.));
#4408 = VECTOR('',#4409,1.);
#4409 = DIRECTION('',(0.,-1.));
#4410 = ( GEOMETRIC_REPRESENTATION_CONTEXT(2) 
PARAMETRIC_REPRESENTATION_CONTEXT() REPRESENTATION_CONTEXT('2D SPACE',''
  ) );
#4411 = PCURVE('',#1787,#4412);
#4412 = DEFINITIONAL_REPRESENTATION('',(#4413),#4417);
#4413 = LINE('',#4414,#4415);
#4414 = CARTESIAN_POINT('',(1.570796326795,0.));
#4415 = VECTOR('',#4416,1.);
#4416 = DIRECTION('',(0.,-1.));
#4417 = ( GEOMETRIC_REPRESENTATION_CONTEXT(2) 
PARAMETRIC_REPRESENTATION_CONTEXT() REPRESENTATION_CONTEXT('2D SPACE',''
  ) );
#4418 = ADVANCED_FACE('',(#4419),#1787,.F.);
#4419 = FACE_BOUND('',#4420,.F.);
#4420 = EDGE_LOOP('',(#4421,#4449,#4450,#4451));
#4421 = ORIENTED_EDGE('',*,*,#4422,.F.);
#4422 = EDGE_CURVE('',#4347,#4423,#4425,.T.);
#4423 = VERTEX_POINT('',#4424);
#4424 = CARTESIAN_POINT('',(82.75,45.860972290582,14.251199303195));
#4425 = SURFACE_CURVE('',#4426,(#4431,#4438),.PCURVE_S1.);
#4426 = CIRCLE('',#4427,1.25);
#4427 = AXIS2_PLACEMENT_3D('',#4428,#4429,#4430);
#4428 = CARTESIAN_POINT('',(82.75,47.095582716326,14.446742384495));
#4429 = DIRECTION('',(-0.,0.15643446504,-0.987688340595));
#4430 = DIRECTION('',(-1.,-0.,0.));
#4431 = PCURVE('',#1787,#4432);
#4432 = DEFINITIONAL_REPRESENTATION('',(#4433),#4437);
#4433 = LINE('',#4434,#4435);
#4434 = CARTESIAN_POINT('',(0.,0.));
#4435 = VECTOR('',#4436,1.);
#4436 = DIRECTION('',(1.,0.));
#4437 = ( GEOMETRIC_REPRESENTATION_CONTEXT(2) 
PARAMETRIC_REPRESENTATION_CONTEXT() REPRESENTATION_CONTEXT('2D SPACE',''
  ) );
#4438 = PCURVE('',#4364,#4439);
#4439 = DEFINITIONAL_REPRESENTATION('',(#4440),#4448);
#4440 = ( BOUNDED_CURVE() B_SPLINE_CURVE(2,(#4441,#4442,#4443,#4444,
#4445,#4446,#4447),.UNSPECIFIED.,.T.,.F.) B_SPLINE_CURVE_WITH_KNOTS((1,2
    ,2,2,2,1),(-2.094395102393,0.,2.094395102393,4.188790204786,
6.28318530718,8.377580409573),.UNSPECIFIED.) CURVE() 
GEOMETRIC_REPRESENTATION_ITEM() RATIONAL_B_SPLINE_CURVE((1.,0.5,1.,0.5,
1.,0.5,1.)) REPRESENTATION_ITEM('') );
#4441 = CARTESIAN_POINT('',(81.5,0.));
#4442 = CARTESIAN_POINT('',(81.5,2.165063509461));
#4443 = CARTESIAN_POINT('',(83.375,1.082531754731));
#4444 = CARTESIAN_POINT('',(85.25,3.061616997868E-16));
#4445 = CARTESIAN_POINT('',(83.375,-1.082531754731));
#4446 = CARTESIAN_POINT('',(81.5,-2.165063509461));
#4447 = CARTESIAN_POINT('',(81.5,0.));
#4448 = ( GEOMETRIC_REPRESENTATION_CONTEXT(2) 
PARAMETRIC_REPRESENTATION_CONTEXT() REPRESENTATION_CONTEXT('2D SPACE',''
  ) );
#4449 = ORIENTED_EDGE('',*,*,#4398,.T.);
#4450 = ORIENTED_EDGE('',*,*,#1766,.T.);
#4451 = ORIENTED_EDGE('',*,*,#4452,.F.);
#4452 = EDGE_CURVE('',#4423,#1767,#4453,.T.);
#4453 = SURFACE_CURVE('',#4454,(#4458,#4465),.PCURVE_S1.);
#4454 = LINE('',#4455,#4456);
#4455 = CARTESIAN_POINT('',(82.75,45.860972290582,14.251199303195));
#4456 = VECTOR('',#4457,1.);
#4457 = DIRECTION('',(0.,-0.15643446504,0.987688340595));
#4458 = PCURVE('',#1787,#4459);
#4459 = DEFINITIONAL_REPRESENTATION('',(#4460),#4464);
#4460 = LINE('',#4461,#4462);
#4461 = CARTESIAN_POINT('',(4.712388980385,0.));
#4462 = VECTOR('',#4463,1.);
#4463 = DIRECTION('',(0.,-1.));
#4464 = ( GEOMETRIC_REPRESENTATION_CONTEXT(2) 
PARAMETRIC_REPRESENTATION_CONTEXT() REPRESENTATION_CONTEXT('2D SPACE',''
  ) );
#4465 = PCURVE('',#1815,#4466);
#4466 = DEFINITIONAL_REPRESENTATION('',(#4467),#4471);
#4467 = LINE('',#4468,#4469);
#4468 = CARTESIAN_POINT('',(41.375,0.));
#4469 = VECTOR('',#4470,1.);
#4470 = DIRECTION('',(0.,-1.));
#4471 = ( GEOMETRIC_REPRESENTATION_CONTEXT(2) 
PARAMETRIC_REPRESENTATION_CONTEXT() REPRESENTATION_CONTEXT('2D SPACE',''
  ) );
#4472 = ADVANCED_FACE('',(#4473),#1846,.F.);
#4473 = FACE_BOUND('',#4474,.F.);
#4474 = EDGE_LOOP('',(#4475,#4503,#4524,#4525));
#4475 = ORIENTED_EDGE('',*,*,#4476,.F.);
#4476 = EDGE_CURVE('',#4477,#4349,#4479,.T.);
#4477 = VERTEX_POINT('',#4478);
#4478 = CARTESIAN_POINT('',(-82.75,45.860972290582,14.251199303195));
#4479 = SURFACE_CURVE('',#4480,(#4485,#4492),.PCURVE_S1.);
#4480 = CIRCLE('',#4481,1.25);
#4481 = AXIS2_PLACEMENT_3D('',#4482,#4483,#4484);
#4482 = CARTESIAN_POINT('',(-82.75,47.095582716326,14.446742384495));
#4483 = DIRECTION('',(0.,0.15643446504,-0.987688340595));
#4484 = DIRECTION('',(1.,0.,0.));
#4485 = PCURVE('',#1846,#4486);
#4486 = DEFINITIONAL_REPRESENTATION('',(#4487),#4491);
#4487 = LINE('',#4488,#4489);
#4488 = CARTESIAN_POINT('',(0.,0.));
#4489 = VECTOR('',#4490,1.);
#4490 = DIRECTION('',(1.,0.));
#4491 = ( GEOMETRIC_REPRESENTATION_CONTEXT(2) 
PARAMETRIC_REPRESENTATION_CONTEXT() REPRESENTATION_CONTEXT('2D SPACE',''
  ) );
#4492 = PCURVE('',#4364,#4493);
#4493 = DEFINITIONAL_REPRESENTATION('',(#4494),#4502);
#4494 = ( BOUNDED_CURVE() B_SPLINE_CURVE(2,(#4495,#4496,#4497,#4498,
#4499,#4500,#4501),.UNSPECIFIED.,.T.,.F.) B_SPLINE_CURVE_WITH_KNOTS((1,2
    ,2,2,2,1),(-2.094395102393,0.,2.094395102393,4.188790204786,
6.28318530718,8.377580409573),.UNSPECIFIED.) CURVE() 
GEOMETRIC_REPRESENTATION_ITEM() RATIONAL_B_SPLINE_CURVE((1.,0.5,1.,0.5,
1.,0.5,1.)) REPRESENTATION_ITEM('') );
#4495 = CARTESIAN_POINT('',(-81.5,0.));
#4496 = CARTESIAN_POINT('',(-81.5,-2.165063509461));
#4497 = CARTESIAN_POINT('',(-83.375,-1.082531754731));
#4498 = CARTESIAN_POINT('',(-85.25,-3.061616997868E-16));
#4499 = CARTESIAN_POINT('',(-83.375,1.082531754731));
#4500 = CARTESIAN_POINT('',(-81.5,2.165063509461));
#4501 = CARTESIAN_POINT('',(-81.5,0.));
#4502 = ( GEOMETRIC_REPRESENTATION_CONTEXT(2) 
PARAMETRIC_REPRESENTATION_CONTEXT() REPRESENTATION_CONTEXT('2D SPACE',''
  ) );
#4503 = ORIENTED_EDGE('',*,*,#4504,.T.);
#4504 = EDGE_CURVE('',#4477,#1800,#4505,.T.);
#4505 = SURFACE_CURVE('',#4506,(#4510,#4517),.PCURVE_S1.);
#4506 = LINE('',#4507,#4508);
#4507 = CARTESIAN_POINT('',(-82.75,45.860972290582,14.251199303195));
#4508 = VECTOR('',#4509,1.);
#4509 = DIRECTION('',(0.,-0.15643446504,0.987688340595));
#4510 = PCURVE('',#1846,#4511);
#4511 = DEFINITIONAL_REPRESENTATION('',(#4512),#4516);
#4512 = LINE('',#4513,#4514);
#4513 = CARTESIAN_POINT('',(1.570796326795,0.));
#4514 = VECTOR('',#4515,1.);
#4515 = DIRECTION('',(0.,-1.));
#4516 = ( GEOMETRIC_REPRESENTATION_CONTEXT(2) 
PARAMETRIC_REPRESENTATION_CONTEXT() REPRESENTATION_CONTEXT('2D SPACE',''
  ) );
#4517 = PCURVE('',#1815,#4518);
#4518 = DEFINITIONAL_REPRESENTATION('',(#4519),#4523);
#4519 = LINE('',#4520,#4521);
#4520 = CARTESIAN_POINT('',(-124.125,0.));
#4521 = VECTOR('',#4522,1.);
#4522 = DIRECTION('',(0.,-1.));
#4523 = ( GEOMETRIC_REPRESENTATION_CONTEXT(2) 
PARAMETRIC_REPRESENTATION_CONTEXT() REPRESENTATION_CONTEXT('2D SPACE',''
  ) );
#4524 = ORIENTED_EDGE('',*,*,#1827,.T.);
#4525 = ORIENTED_EDGE('',*,*,#4376,.F.);
#4526 = ADVANCED_FACE('',(#4527),#1815,.T.);
#4527 = FACE_BOUND('',#4528,.T.);
#4528 = EDGE_LOOP('',(#4529,#4530,#4551,#4552));
#4529 = ORIENTED_EDGE('',*,*,#4452,.F.);
#4530 = ORIENTED_EDGE('',*,*,#4531,.F.);
#4531 = EDGE_CURVE('',#4477,#4423,#4532,.T.);
#4532 = SURFACE_CURVE('',#4533,(#4537,#4544),.PCURVE_S1.);
#4533 = LINE('',#4534,#4535);
#4534 = CARTESIAN_POINT('',(-82.75,45.860972290582,14.251199303195));
#4535 = VECTOR('',#4536,1.);
#4536 = DIRECTION('',(1.,0.,0.));
#4537 = PCURVE('',#1815,#4538);
#4538 = DEFINITIONAL_REPRESENTATION('',(#4539),#4543);
#4539 = LINE('',#4540,#4541);
#4540 = CARTESIAN_POINT('',(-124.125,0.));
#4541 = VECTOR('',#4542,1.);
#4542 = DIRECTION('',(1.,0.));
#4543 = ( GEOMETRIC_REPRESENTATION_CONTEXT(2) 
PARAMETRIC_REPRESENTATION_CONTEXT() REPRESENTATION_CONTEXT('2D SPACE',''
  ) );
#4544 = PCURVE('',#4364,#4545);
#4545 = DEFINITIONAL_REPRESENTATION('',(#4546),#4550);
#4546 = LINE('',#4547,#4548);
#4547 = CARTESIAN_POINT('',(-82.75,-1.25));
#4548 = VECTOR('',#4549,1.);
#4549 = DIRECTION('',(1.,0.));
#4550 = ( GEOMETRIC_REPRESENTATION_CONTEXT(2) 
PARAMETRIC_REPRESENTATION_CONTEXT() REPRESENTATION_CONTEXT('2D SPACE',''
  ) );
#4551 = ORIENTED_EDGE('',*,*,#4504,.T.);
#4552 = ORIENTED_EDGE('',*,*,#1799,.F.);
#4553 = ADVANCED_FACE('',(#4554),#1878,.F.);
#4554 = FACE_BOUND('',#4555,.F.);
#4555 = EDGE_LOOP('',(#4556,#4586,#4607,#4608));
#4556 = ORIENTED_EDGE('',*,*,#4557,.T.);
#4557 = EDGE_CURVE('',#4558,#4560,#4562,.T.);
#4558 = VERTEX_POINT('',#4559);
#4559 = CARTESIAN_POINT('',(82.75,55.737855696533,15.815543953597));
#4560 = VERTEX_POINT('',#4561);
#4561 = CARTESIAN_POINT('',(-82.75,55.737855696533,15.815543953597));
#4562 = SURFACE_CURVE('',#4563,(#4567,#4574),.PCURVE_S1.);
#4563 = LINE('',#4564,#4565);
#4564 = CARTESIAN_POINT('',(82.75,55.737855696533,15.815543953597));
#4565 = VECTOR('',#4566,1.);
#4566 = DIRECTION('',(-1.,0.,0.));
#4567 = PCURVE('',#1878,#4568);
#4568 = DEFINITIONAL_REPRESENTATION('',(#4569),#4573);
#4569 = LINE('',#4570,#4571);
#4570 = CARTESIAN_POINT('',(165.5,0.));
#4571 = VECTOR('',#4572,1.);
#4572 = DIRECTION('',(-1.,0.));
#4573 = ( GEOMETRIC_REPRESENTATION_CONTEXT(2) 
PARAMETRIC_REPRESENTATION_CONTEXT() REPRESENTATION_CONTEXT('2D SPACE',''
  ) );
#4574 = PCURVE('',#4575,#4580);
#4575 = PLANE('',#4576);
#4576 = AXIS2_PLACEMENT_3D('',#4577,#4578,#4579);
#4577 = CARTESIAN_POINT('',(0.,54.503245270789,15.620000872297));
#4578 = DIRECTION('',(0.,-0.15643446504,0.987688340595));
#4579 = DIRECTION('',(1.,0.,0.));
#4580 = DEFINITIONAL_REPRESENTATION('',(#4581),#4585);
#4581 = LINE('',#4582,#4583);
#4582 = CARTESIAN_POINT('',(82.75,1.25));
#4583 = VECTOR('',#4584,1.);
#4584 = DIRECTION('',(-1.,0.));
#4585 = ( GEOMETRIC_REPRESENTATION_CONTEXT(2) 
PARAMETRIC_REPRESENTATION_CONTEXT() REPRESENTATION_CONTEXT('2D SPACE',''
  ) );
#4586 = ORIENTED_EDGE('',*,*,#4587,.T.);
#4587 = EDGE_CURVE('',#4560,#1863,#4588,.T.);
#4588 = SURFACE_CURVE('',#4589,(#4593,#4600),.PCURVE_S1.);
#4589 = LINE('',#4590,#4591);
#4590 = CARTESIAN_POINT('',(-82.75,55.737855696533,15.815543953597));
#4591 = VECTOR('',#4592,1.);
#4592 = DIRECTION('',(0.,-0.15643446504,0.987688340595));
#4593 = PCURVE('',#1878,#4594);
#4594 = DEFINITIONAL_REPRESENTATION('',(#4595),#4599);
#4595 = LINE('',#4596,#4597);
#4596 = CARTESIAN_POINT('',(0.,0.));
#4597 = VECTOR('',#4598,1.);
#4598 = DIRECTION('',(0.,-1.));
#4599 = ( GEOMETRIC_REPRESENTATION_CONTEXT(2) 
PARAMETRIC_REPRESENTATION_CONTEXT() REPRESENTATION_CONTEXT('2D SPACE',''
  ) );
#4600 = PCURVE('',#1970,#4601);
#4601 = DEFINITIONAL_REPRESENTATION('',(#4602),#4606);
#4602 = LINE('',#4603,#4604);
#4603 = CARTESIAN_POINT('',(4.712388980385,0.));
#4604 = VECTOR('',#4605,1.);
#4605 = DIRECTION('',(0.,-1.));
#4606 = ( GEOMETRIC_REPRESENTATION_CONTEXT(2) 
PARAMETRIC_REPRESENTATION_CONTEXT() REPRESENTATION_CONTEXT('2D SPACE',''
  ) );
#4607 = ORIENTED_EDGE('',*,*,#1860,.F.);
#4608 = ORIENTED_EDGE('',*,*,#4609,.F.);
#4609 = EDGE_CURVE('',#4558,#1861,#4610,.T.);
#4610 = SURFACE_CURVE('',#4611,(#4615,#4622),.PCURVE_S1.);
#4611 = LINE('',#4612,#4613);
#4612 = CARTESIAN_POINT('',(82.75,55.737855696533,15.815543953597));
#4613 = VECTOR('',#4614,1.);
#4614 = DIRECTION('',(0.,-0.15643446504,0.987688340595));
#4615 = PCURVE('',#1878,#4616);
#4616 = DEFINITIONAL_REPRESENTATION('',(#4617),#4621);
#4617 = LINE('',#4618,#4619);
#4618 = CARTESIAN_POINT('',(165.5,0.));
#4619 = VECTOR('',#4620,1.);
#4620 = DIRECTION('',(0.,-1.));
#4621 = ( GEOMETRIC_REPRESENTATION_CONTEXT(2) 
PARAMETRIC_REPRESENTATION_CONTEXT() REPRESENTATION_CONTEXT('2D SPACE',''
  ) );
#4622 = PCURVE('',#1911,#4623);
#4623 = DEFINITIONAL_REPRESENTATION('',(#4624),#4628);
#4624 = LINE('',#4625,#4626);
#4625 = CARTESIAN_POINT('',(1.570796326795,0.));
#4626 = VECTOR('',#4627,1.);
#4627 = DIRECTION('',(0.,-1.));
#4628 = ( GEOMETRIC_REPRESENTATION_CONTEXT(2) 
PARAMETRIC_REPRESENTATION_CONTEXT() REPRESENTATION_CONTEXT('2D SPACE',''
  ) );
#4629 = ADVANCED_FACE('',(#4630),#1911,.F.);
#4630 = FACE_BOUND('',#4631,.F.);
#4631 = EDGE_LOOP('',(#4632,#4660,#4661,#4662));
#4632 = ORIENTED_EDGE('',*,*,#4633,.F.);
#4633 = EDGE_CURVE('',#4558,#4634,#4636,.T.);
#4634 = VERTEX_POINT('',#4635);
#4635 = CARTESIAN_POINT('',(82.75,53.268634845046,15.424457790997));
#4636 = SURFACE_CURVE('',#4637,(#4642,#4649),.PCURVE_S1.);
#4637 = CIRCLE('',#4638,1.25);
#4638 = AXIS2_PLACEMENT_3D('',#4639,#4640,#4641);
#4639 = CARTESIAN_POINT('',(82.75,54.503245270789,15.620000872297));
#4640 = DIRECTION('',(-0.,0.15643446504,-0.987688340595));
#4641 = DIRECTION('',(-1.,-0.,0.));
#4642 = PCURVE('',#1911,#4643);
#4643 = DEFINITIONAL_REPRESENTATION('',(#4644),#4648);
#4644 = LINE('',#4645,#4646);
#4645 = CARTESIAN_POINT('',(0.,0.));
#4646 = VECTOR('',#4647,1.);
#4647 = DIRECTION('',(1.,0.));
#4648 = ( GEOMETRIC_REPRESENTATION_CONTEXT(2) 
PARAMETRIC_REPRESENTATION_CONTEXT() REPRESENTATION_CONTEXT('2D SPACE',''
  ) );
#4649 = PCURVE('',#4575,#4650);
#4650 = DEFINITIONAL_REPRESENTATION('',(#4651),#4659);
#4651 = ( BOUNDED_CURVE() B_SPLINE_CURVE(2,(#4652,#4653,#4654,#4655,
#4656,#4657,#4658),.UNSPECIFIED.,.T.,.F.) B_SPLINE_CURVE_WITH_KNOTS((1,2
    ,2,2,2,1),(-2.094395102393,0.,2.094395102393,4.188790204786,
6.28318530718,8.377580409573),.UNSPECIFIED.) CURVE() 
GEOMETRIC_REPRESENTATION_ITEM() RATIONAL_B_SPLINE_CURVE((1.,0.5,1.,0.5,
1.,0.5,1.)) REPRESENTATION_ITEM('') );
#4652 = CARTESIAN_POINT('',(81.5,0.));
#4653 = CARTESIAN_POINT('',(81.5,2.165063509461));
#4654 = CARTESIAN_POINT('',(83.375,1.082531754731));
#4655 = CARTESIAN_POINT('',(85.25,3.061616997868E-16));
#4656 = CARTESIAN_POINT('',(83.375,-1.082531754731));
#4657 = CARTESIAN_POINT('',(81.5,-2.165063509461));
#4658 = CARTESIAN_POINT('',(81.5,0.));
#4659 = ( GEOMETRIC_REPRESENTATION_CONTEXT(2) 
PARAMETRIC_REPRESENTATION_CONTEXT() REPRESENTATION_CONTEXT('2D SPACE',''
  ) );
#4660 = ORIENTED_EDGE('',*,*,#4609,.T.);
#4661 = ORIENTED_EDGE('',*,*,#1890,.T.);
#4662 = ORIENTED_EDGE('',*,*,#4663,.F.);
#4663 = EDGE_CURVE('',#4634,#1891,#4664,.T.);
#4664 = SURFACE_CURVE('',#4665,(#4669,#4676),.PCURVE_S1.);
#4665 = LINE('',#4666,#4667);
#4666 = CARTESIAN_POINT('',(82.75,53.268634845046,15.424457790997));
#4667 = VECTOR('',#4668,1.);
#4668 = DIRECTION('',(0.,-0.15643446504,0.987688340595));
#4669 = PCURVE('',#1911,#4670);
#4670 = DEFINITIONAL_REPRESENTATION('',(#4671),#4675);
#4671 = LINE('',#4672,#4673);
#4672 = CARTESIAN_POINT('',(4.712388980385,0.));
#4673 = VECTOR('',#4674,1.);
#4674 = DIRECTION('',(0.,-1.));
#4675 = ( GEOMETRIC_REPRESENTATION_CONTEXT(2) 
PARAMETRIC_REPRESENTATION_CONTEXT() REPRESENTATION_CONTEXT('2D SPACE',''
  ) );
#4676 = PCURVE('',#1939,#4677);
#4677 = DEFINITIONAL_REPRESENTATION('',(#4678),#4682);
#4678 = LINE('',#4679,#4680);
#4679 = CARTESIAN_POINT('',(41.375,0.));
#4680 = VECTOR('',#4681,1.);
#4681 = DIRECTION('',(0.,-1.));
#4682 = ( GEOMETRIC_REPRESENTATION_CONTEXT(2) 
PARAMETRIC_REPRESENTATION_CONTEXT() REPRESENTATION_CONTEXT('2D SPACE',''
  ) );
#4683 = ADVANCED_FACE('',(#4684),#1970,.F.);
#4684 = FACE_BOUND('',#4685,.F.);
#4685 = EDGE_LOOP('',(#4686,#4714,#4735,#4736));
#4686 = ORIENTED_EDGE('',*,*,#4687,.F.);
#4687 = EDGE_CURVE('',#4688,#4560,#4690,.T.);
#4688 = VERTEX_POINT('',#4689);
#4689 = CARTESIAN_POINT('',(-82.75,53.268634845046,15.424457790997));
#4690 = SURFACE_CURVE('',#4691,(#4696,#4703),.PCURVE_S1.);
#4691 = CIRCLE('',#4692,1.25);
#4692 = AXIS2_PLACEMENT_3D('',#4693,#4694,#4695);
#4693 = CARTESIAN_POINT('',(-82.75,54.503245270789,15.620000872297));
#4694 = DIRECTION('',(0.,0.15643446504,-0.987688340595));
#4695 = DIRECTION('',(1.,0.,0.));
#4696 = PCURVE('',#1970,#4697);
#4697 = DEFINITIONAL_REPRESENTATION('',(#4698),#4702);
#4698 = LINE('',#4699,#4700);
#4699 = CARTESIAN_POINT('',(0.,0.));
#4700 = VECTOR('',#4701,1.);
#4701 = DIRECTION('',(1.,0.));
#4702 = ( GEOMETRIC_REPRESENTATION_CONTEXT(2) 
PARAMETRIC_REPRESENTATION_CONTEXT() REPRESENTATION_CONTEXT('2D SPACE',''
  ) );
#4703 = PCURVE('',#4575,#4704);
#4704 = DEFINITIONAL_REPRESENTATION('',(#4705),#4713);
#4705 = ( BOUNDED_CURVE() B_SPLINE_CURVE(2,(#4706,#4707,#4708,#4709,
#4710,#4711,#4712),.UNSPECIFIED.,.T.,.F.) B_SPLINE_CURVE_WITH_KNOTS((1,2
    ,2,2,2,1),(-2.094395102393,0.,2.094395102393,4.188790204786,
6.28318530718,8.377580409573),.UNSPECIFIED.) CURVE() 
GEOMETRIC_REPRESENTATION_ITEM() RATIONAL_B_SPLINE_CURVE((1.,0.5,1.,0.5,
1.,0.5,1.)) REPRESENTATION_ITEM('') );
#4706 = CARTESIAN_POINT('',(-81.5,0.));
#4707 = CARTESIAN_POINT('',(-81.5,-2.165063509461));
#4708 = CARTESIAN_POINT('',(-83.375,-1.082531754731));
#4709 = CARTESIAN_POINT('',(-85.25,-3.061616997868E-16));
#4710 = CARTESIAN_POINT('',(-83.375,1.082531754731));
#4711 = CARTESIAN_POINT('',(-81.5,2.165063509461));
#4712 = CARTESIAN_POINT('',(-81.5,0.));
#4713 = ( GEOMETRIC_REPRESENTATION_CONTEXT(2) 
PARAMETRIC_REPRESENTATION_CONTEXT() REPRESENTATION_CONTEXT('2D SPACE',''
  ) );
#4714 = ORIENTED_EDGE('',*,*,#4715,.T.);
#4715 = EDGE_CURVE('',#4688,#1924,#4716,.T.);
#4716 = SURFACE_CURVE('',#4717,(#4721,#4728),.PCURVE_S1.);
#4717 = LINE('',#4718,#4719);
#4718 = CARTESIAN_POINT('',(-82.75,53.268634845046,15.424457790997));
#4719 = VECTOR('',#4720,1.);
#4720 = DIRECTION('',(0.,-0.15643446504,0.987688340595));
#4721 = PCURVE('',#1970,#4722);
#4722 = DEFINITIONAL_REPRESENTATION('',(#4723),#4727);
#4723 = LINE('',#4724,#4725);
#4724 = CARTESIAN_POINT('',(1.570796326795,0.));
#4725 = VECTOR('',#4726,1.);
#4726 = DIRECTION('',(0.,-1.));
#4727 = ( GEOMETRIC_REPRESENTATION_CONTEXT(2) 
PARAMETRIC_REPRESENTATION_CONTEXT() REPRESENTATION_CONTEXT('2D SPACE',''
  ) );
#4728 = PCURVE('',#1939,#4729);
#4729 = DEFINITIONAL_REPRESENTATION('',(#4730),#4734);
#4730 = LINE('',#4731,#4732);
#4731 = CARTESIAN_POINT('',(-124.125,0.));
#4732 = VECTOR('',#4733,1.);
#4733 = DIRECTION('',(0.,-1.));
#4734 = ( GEOMETRIC_REPRESENTATION_CONTEXT(2) 
PARAMETRIC_REPRESENTATION_CONTEXT() REPRESENTATION_CONTEXT('2D SPACE',''
  ) );
#4735 = ORIENTED_EDGE('',*,*,#1951,.T.);
#4736 = ORIENTED_EDGE('',*,*,#4587,.F.);
#4737 = ADVANCED_FACE('',(#4738),#1939,.T.);
#4738 = FACE_BOUND('',#4739,.T.);
#4739 = EDGE_LOOP('',(#4740,#4741,#4762,#4763));
#4740 = ORIENTED_EDGE('',*,*,#4663,.F.);
#4741 = ORIENTED_EDGE('',*,*,#4742,.F.);
#4742 = EDGE_CURVE('',#4688,#4634,#4743,.T.);
#4743 = SURFACE_CURVE('',#4744,(#4748,#4755),.PCURVE_S1.);
#4744 = LINE('',#4745,#4746);
#4745 = CARTESIAN_POINT('',(-82.75,53.268634845046,15.424457790997));
#4746 = VECTOR('',#4747,1.);
#4747 = DIRECTION('',(1.,0.,0.));
#4748 = PCURVE('',#1939,#4749);
#4749 = DEFINITIONAL_REPRESENTATION('',(#4750),#4754);
#4750 = LINE('',#4751,#4752);
#4751 = CARTESIAN_POINT('',(-124.125,0.));
#4752 = VECTOR('',#4753,1.);
#4753 = DIRECTION('',(1.,0.));
#4754 = ( GEOMETRIC_REPRESENTATION_CONTEXT(2) 
PARAMETRIC_REPRESENTATION_CONTEXT() REPRESENTATION_CONTEXT('2D SPACE',''
  ) );
#4755 = PCURVE('',#4575,#4756);
#4756 = DEFINITIONAL_REPRESENTATION('',(#4757),#4761);
#4757 = LINE('',#4758,#4759);
#4758 = CARTESIAN_POINT('',(-82.75,-1.249999999999));
#4759 = VECTOR('',#4760,1.);
#4760 = DIRECTION('',(1.,0.));
#4761 = ( GEOMETRIC_REPRESENTATION_CONTEXT(2) 
PARAMETRIC_REPRESENTATION_CONTEXT() REPRESENTATION_CONTEXT('2D SPACE',''
  ) );
#4762 = ORIENTED_EDGE('',*,*,#4715,.T.);
#4763 = ORIENTED_EDGE('',*,*,#1923,.F.);
#4764 = ADVANCED_FACE('',(#4765),#2002,.F.);
#4765 = FACE_BOUND('',#4766,.F.);
#4766 = EDGE_LOOP('',(#4767,#4797,#4818,#4819));
#4767 = ORIENTED_EDGE('',*,*,#4768,.T.);
#4768 = EDGE_CURVE('',#4769,#4771,#4773,.T.);
#4769 = VERTEX_POINT('',#4770);
#4770 = CARTESIAN_POINT('',(82.75,63.145518250997,16.988802441399));
#4771 = VERTEX_POINT('',#4772);
#4772 = CARTESIAN_POINT('',(-82.75,63.145518250997,16.988802441399));
#4773 = SURFACE_CURVE('',#4774,(#4778,#4785),.PCURVE_S1.);
#4774 = LINE('',#4775,#4776);
#4775 = CARTESIAN_POINT('',(82.75,63.145518250997,16.988802441399));
#4776 = VECTOR('',#4777,1.);
#4777 = DIRECTION('',(-1.,0.,0.));
#4778 = PCURVE('',#2002,#4779);
#4779 = DEFINITIONAL_REPRESENTATION('',(#4780),#4784);
#4780 = LINE('',#4781,#4782);
#4781 = CARTESIAN_POINT('',(165.5,0.));
#4782 = VECTOR('',#4783,1.);
#4783 = DIRECTION('',(-1.,0.));
#4784 = ( GEOMETRIC_REPRESENTATION_CONTEXT(2) 
PARAMETRIC_REPRESENTATION_CONTEXT() REPRESENTATION_CONTEXT('2D SPACE',''
  ) );
#4785 = PCURVE('',#4786,#4791);
#4786 = PLANE('',#4787);
#4787 = AXIS2_PLACEMENT_3D('',#4788,#4789,#4790);
#4788 = CARTESIAN_POINT('',(0.,61.910907825253,16.793259360099));
#4789 = DIRECTION('',(0.,-0.15643446504,0.987688340595));
#4790 = DIRECTION('',(1.,0.,0.));
#4791 = DEFINITIONAL_REPRESENTATION('',(#4792),#4796);
#4792 = LINE('',#4793,#4794);
#4793 = CARTESIAN_POINT('',(82.75,1.25));
#4794 = VECTOR('',#4795,1.);
#4795 = DIRECTION('',(-1.,0.));
#4796 = ( GEOMETRIC_REPRESENTATION_CONTEXT(2) 
PARAMETRIC_REPRESENTATION_CONTEXT() REPRESENTATION_CONTEXT('2D SPACE',''
  ) );
#4797 = ORIENTED_EDGE('',*,*,#4798,.T.);
#4798 = EDGE_CURVE('',#4771,#1987,#4799,.T.);
#4799 = SURFACE_CURVE('',#4800,(#4804,#4811),.PCURVE_S1.);
#4800 = LINE('',#4801,#4802);
#4801 = CARTESIAN_POINT('',(-82.75,63.145518250997,16.988802441399));
#4802 = VECTOR('',#4803,1.);
#4803 = DIRECTION('',(0.,-0.15643446504,0.987688340595));
#4804 = PCURVE('',#2002,#4805);
#4805 = DEFINITIONAL_REPRESENTATION('',(#4806),#4810);
#4806 = LINE('',#4807,#4808);
#4807 = CARTESIAN_POINT('',(0.,0.));
#4808 = VECTOR('',#4809,1.);
#4809 = DIRECTION('',(0.,-1.));
#4810 = ( GEOMETRIC_REPRESENTATION_CONTEXT(2) 
PARAMETRIC_REPRESENTATION_CONTEXT() REPRESENTATION_CONTEXT('2D SPACE',''
  ) );
#4811 = PCURVE('',#2094,#4812);
#4812 = DEFINITIONAL_REPRESENTATION('',(#4813),#4817);
#4813 = LINE('',#4814,#4815);
#4814 = CARTESIAN_POINT('',(4.712388980385,0.));
#4815 = VECTOR('',#4816,1.);
#4816 = DIRECTION('',(0.,-1.));
#4817 = ( GEOMETRIC_REPRESENTATION_CONTEXT(2) 
PARAMETRIC_REPRESENTATION_CONTEXT() REPRESENTATION_CONTEXT('2D SPACE',''
  ) );
#4818 = ORIENTED_EDGE('',*,*,#1984,.F.);
#4819 = ORIENTED_EDGE('',*,*,#4820,.F.);
#4820 = EDGE_CURVE('',#4769,#1985,#4821,.T.);
#4821 = SURFACE_CURVE('',#4822,(#4826,#4833),.PCURVE_S1.);
#4822 = LINE('',#4823,#4824);
#4823 = CARTESIAN_POINT('',(82.75,63.145518250997,16.988802441399));
#4824 = VECTOR('',#4825,1.);
#4825 = DIRECTION('',(0.,-0.15643446504,0.987688340595));
#4826 = PCURVE('',#2002,#4827);
#4827 = DEFINITIONAL_REPRESENTATION('',(#4828),#4832);
#4828 = LINE('',#4829,#4830);
#4829 = CARTESIAN_POINT('',(165.5,0.));
#4830 = VECTOR('',#4831,1.);
#4831 = DIRECTION('',(0.,-1.));
#4832 = ( GEOMETRIC_REPRESENTATION_CONTEXT(2) 
PARAMETRIC_REPRESENTATION_CONTEXT() REPRESENTATION_CONTEXT('2D SPACE',''
  ) );
#4833 = PCURVE('',#2035,#4834);
#4834 = DEFINITIONAL_REPRESENTATION('',(#4835),#4839);
#4835 = LINE('',#4836,#4837);
#4836 = CARTESIAN_POINT('',(1.570796326795,0.));
#4837 = VECTOR('',#4838,1.);
#4838 = DIRECTION('',(0.,-1.));
#4839 = ( GEOMETRIC_REPRESENTATION_CONTEXT(2) 
PARAMETRIC_REPRESENTATION_CONTEXT() REPRESENTATION_CONTEXT('2D SPACE',''
  ) );
#4840 = ADVANCED_FACE('',(#4841),#2035,.F.);
#4841 = FACE_BOUND('',#4842,.F.);
#4842 = EDGE_LOOP('',(#4843,#4871,#4872,#4873));
#4843 = ORIENTED_EDGE('',*,*,#4844,.F.);
#4844 = EDGE_CURVE('',#4769,#4845,#4847,.T.);
#4845 = VERTEX_POINT('',#4846);
#4846 = CARTESIAN_POINT('',(82.75,60.676297399509,16.597716278798));
#4847 = SURFACE_CURVE('',#4848,(#4853,#4860),.PCURVE_S1.);
#4848 = CIRCLE('',#4849,1.25);
#4849 = AXIS2_PLACEMENT_3D('',#4850,#4851,#4852);
#4850 = CARTESIAN_POINT('',(82.75,61.910907825253,16.793259360099));
#4851 = DIRECTION('',(-0.,0.15643446504,-0.987688340595));
#4852 = DIRECTION('',(-1.,-0.,0.));
#4853 = PCURVE('',#2035,#4854);
#4854 = DEFINITIONAL_REPRESENTATION('',(#4855),#4859);
#4855 = LINE('',#4856,#4857);
#4856 = CARTESIAN_POINT('',(0.,0.));
#4857 = VECTOR('',#4858,1.);
#4858 = DIRECTION('',(1.,0.));
#4859 = ( GEOMETRIC_REPRESENTATION_CONTEXT(2) 
PARAMETRIC_REPRESENTATION_CONTEXT() REPRESENTATION_CONTEXT('2D SPACE',''
  ) );
#4860 = PCURVE('',#4786,#4861);
#4861 = DEFINITIONAL_REPRESENTATION('',(#4862),#4870);
#4862 = ( BOUNDED_CURVE() B_SPLINE_CURVE(2,(#4863,#4864,#4865,#4866,
#4867,#4868,#4869),.UNSPECIFIED.,.T.,.F.) B_SPLINE_CURVE_WITH_KNOTS((1,2
    ,2,2,2,1),(-2.094395102393,0.,2.094395102393,4.188790204786,
6.28318530718,8.377580409573),.UNSPECIFIED.) CURVE() 
GEOMETRIC_REPRESENTATION_ITEM() RATIONAL_B_SPLINE_CURVE((1.,0.5,1.,0.5,
1.,0.5,1.)) REPRESENTATION_ITEM('') );
#4863 = CARTESIAN_POINT('',(81.5,0.));
#4864 = CARTESIAN_POINT('',(81.5,2.165063509461));
#4865 = CARTESIAN_POINT('',(83.375,1.082531754731));
#4866 = CARTESIAN_POINT('',(85.25,3.061616997868E-16));
#4867 = CARTESIAN_POINT('',(83.375,-1.082531754731));
#4868 = CARTESIAN_POINT('',(81.5,-2.165063509461));
#4869 = CARTESIAN_POINT('',(81.5,0.));
#4870 = ( GEOMETRIC_REPRESENTATION_CONTEXT(2) 
PARAMETRIC_REPRESENTATION_CONTEXT() REPRESENTATION_CONTEXT('2D SPACE',''
  ) );
#4871 = ORIENTED_EDGE('',*,*,#4820,.T.);
#4872 = ORIENTED_EDGE('',*,*,#2014,.T.);
#4873 = ORIENTED_EDGE('',*,*,#4874,.F.);
#4874 = EDGE_CURVE('',#4845,#2015,#4875,.T.);
#4875 = SURFACE_CURVE('',#4876,(#4880,#4887),.PCURVE_S1.);
#4876 = LINE('',#4877,#4878);
#4877 = CARTESIAN_POINT('',(82.75,60.676297399509,16.597716278798));
#4878 = VECTOR('',#4879,1.);
#4879 = DIRECTION('',(0.,-0.15643446504,0.987688340595));
#4880 = PCURVE('',#2035,#4881);
#4881 = DEFINITIONAL_REPRESENTATION('',(#4882),#4886);
#4882 = LINE('',#4883,#4884);
#4883 = CARTESIAN_POINT('',(4.712388980385,0.));
#4884 = VECTOR('',#4885,1.);
#4885 = DIRECTION('',(0.,-1.));
#4886 = ( GEOMETRIC_REPRESENTATION_CONTEXT(2) 
PARAMETRIC_REPRESENTATION_CONTEXT() REPRESENTATION_CONTEXT('2D SPACE',''
  ) );
#4887 = PCURVE('',#2063,#4888);
#4888 = DEFINITIONAL_REPRESENTATION('',(#4889),#4893);
#4889 = LINE('',#4890,#4891);
#4890 = CARTESIAN_POINT('',(41.375,0.));
#4891 = VECTOR('',#4892,1.);
#4892 = DIRECTION('',(0.,-1.));
#4893 = ( GEOMETRIC_REPRESENTATION_CONTEXT(2) 
PARAMETRIC_REPRESENTATION_CONTEXT() REPRESENTATION_CONTEXT('2D SPACE',''
  ) );
#4894 = ADVANCED_FACE('',(#4895),#2094,.F.);
#4895 = FACE_BOUND('',#4896,.F.);
#4896 = EDGE_LOOP('',(#4897,#4925,#4946,#4947));
#4897 = ORIENTED_EDGE('',*,*,#4898,.F.);
#4898 = EDGE_CURVE('',#4899,#4771,#4901,.T.);
#4899 = VERTEX_POINT('',#4900);
#4900 = CARTESIAN_POINT('',(-82.75,60.676297399509,16.597716278798));
#4901 = SURFACE_CURVE('',#4902,(#4907,#4914),.PCURVE_S1.);
#4902 = CIRCLE('',#4903,1.25);
#4903 = AXIS2_PLACEMENT_3D('',#4904,#4905,#4906);
#4904 = CARTESIAN_POINT('',(-82.75,61.910907825253,16.793259360099));
#4905 = DIRECTION('',(0.,0.15643446504,-0.987688340595));
#4906 = DIRECTION('',(1.,0.,0.));
#4907 = PCURVE('',#2094,#4908);
#4908 = DEFINITIONAL_REPRESENTATION('',(#4909),#4913);
#4909 = LINE('',#4910,#4911);
#4910 = CARTESIAN_POINT('',(0.,0.));
#4911 = VECTOR('',#4912,1.);
#4912 = DIRECTION('',(1.,0.));
#4913 = ( GEOMETRIC_REPRESENTATION_CONTEXT(2) 
PARAMETRIC_REPRESENTATION_CONTEXT() REPRESENTATION_CONTEXT('2D SPACE',''
  ) );
#4914 = PCURVE('',#4786,#4915);
#4915 = DEFINITIONAL_REPRESENTATION('',(#4916),#4924);
#4916 = ( BOUNDED_CURVE() B_SPLINE_CURVE(2,(#4917,#4918,#4919,#4920,
#4921,#4922,#4923),.UNSPECIFIED.,.T.,.F.) B_SPLINE_CURVE_WITH_KNOTS((1,2
    ,2,2,2,1),(-2.094395102393,0.,2.094395102393,4.188790204786,
6.28318530718,8.377580409573),.UNSPECIFIED.) CURVE() 
GEOMETRIC_REPRESENTATION_ITEM() RATIONAL_B_SPLINE_CURVE((1.,0.5,1.,0.5,
1.,0.5,1.)) REPRESENTATION_ITEM('') );
#4917 = CARTESIAN_POINT('',(-81.5,0.));
#4918 = CARTESIAN_POINT('',(-81.5,-2.165063509461));
#4919 = CARTESIAN_POINT('',(-83.375,-1.082531754731));
#4920 = CARTESIAN_POINT('',(-85.25,-3.061616997868E-16));
#4921 = CARTESIAN_POINT('',(-83.375,1.082531754731));
#4922 = CARTESIAN_POINT('',(-81.5,2.165063509461));
#4923 = CARTESIAN_POINT('',(-81.5,0.));
#4924 = ( GEOMETRIC_REPRESENTATION_CONTEXT(2) 
PARAMETRIC_REPRESENTATION_CONTEXT() REPRESENTATION_CONTEXT('2D SPACE',''
  ) );
#4925 = ORIENTED_EDGE('',*,*,#4926,.T.);
#4926 = EDGE_CURVE('',#4899,#2048,#4927,.T.);
#4927 = SURFACE_CURVE('',#4928,(#4932,#4939),.PCURVE_S1.);
#4928 = LINE('',#4929,#4930);
#4929 = CARTESIAN_POINT('',(-82.75,60.676297399509,16.597716278798));
#4930 = VECTOR('',#4931,1.);
#4931 = DIRECTION('',(0.,-0.15643446504,0.987688340595));
#4932 = PCURVE('',#2094,#4933);
#4933 = DEFINITIONAL_REPRESENTATION('',(#4934),#4938);
#4934 = LINE('',#4935,#4936);
#4935 = CARTESIAN_POINT('',(1.570796326795,0.));
#4936 = VECTOR('',#4937,1.);
#4937 = DIRECTION('',(0.,-1.));
#4938 = ( GEOMETRIC_REPRESENTATION_CONTEXT(2) 
PARAMETRIC_REPRESENTATION_CONTEXT() REPRESENTATION_CONTEXT('2D SPACE',''
  ) );
#4939 = PCURVE('',#2063,#4940);
#4940 = DEFINITIONAL_REPRESENTATION('',(#4941),#4945);
#4941 = LINE('',#4942,#4943);
#4942 = CARTESIAN_POINT('',(-124.125,0.));
#4943 = VECTOR('',#4944,1.);
#4944 = DIRECTION('',(0.,-1.));
#4945 = ( GEOMETRIC_REPRESENTATION_CONTEXT(2) 
PARAMETRIC_REPRESENTATION_CONTEXT() REPRESENTATION_CONTEXT('2D SPACE',''
  ) );
#4946 = ORIENTED_EDGE('',*,*,#2075,.T.);
#4947 = ORIENTED_EDGE('',*,*,#4798,.F.);
#4948 = ADVANCED_FACE('',(#4949),#2063,.T.);
#4949 = FACE_BOUND('',#4950,.T.);
#4950 = EDGE_LOOP('',(#4951,#4952,#4973,#4974));
#4951 = ORIENTED_EDGE('',*,*,#4874,.F.);
#4952 = ORIENTED_EDGE('',*,*,#4953,.F.);
#4953 = EDGE_CURVE('',#4899,#4845,#4954,.T.);
#4954 = SURFACE_CURVE('',#4955,(#4959,#4966),.PCURVE_S1.);
#4955 = LINE('',#4956,#4957);
#4956 = CARTESIAN_POINT('',(-82.75,60.676297399509,16.597716278798));
#4957 = VECTOR('',#4958,1.);
#4958 = DIRECTION('',(1.,0.,0.));
#4959 = PCURVE('',#2063,#4960);
#4960 = DEFINITIONAL_REPRESENTATION('',(#4961),#4965);
#4961 = LINE('',#4962,#4963);
#4962 = CARTESIAN_POINT('',(-124.125,0.));
#4963 = VECTOR('',#4964,1.);
#4964 = DIRECTION('',(1.,0.));
#4965 = ( GEOMETRIC_REPRESENTATION_CONTEXT(2) 
PARAMETRIC_REPRESENTATION_CONTEXT() REPRESENTATION_CONTEXT('2D SPACE',''
  ) );
#4966 = PCURVE('',#4786,#4967);
#4967 = DEFINITIONAL_REPRESENTATION('',(#4968),#4972);
#4968 = LINE('',#4969,#4970);
#4969 = CARTESIAN_POINT('',(-82.75,-1.25));
#4970 = VECTOR('',#4971,1.);
#4971 = DIRECTION('',(1.,0.));
#4972 = ( GEOMETRIC_REPRESENTATION_CONTEXT(2) 
PARAMETRIC_REPRESENTATION_CONTEXT() REPRESENTATION_CONTEXT('2D SPACE',''
  ) );
#4973 = ORIENTED_EDGE('',*,*,#4926,.T.);
#4974 = ORIENTED_EDGE('',*,*,#2047,.F.);
#4975 = ADVANCED_FACE('',(#4976),#2126,.F.);
#4976 = FACE_BOUND('',#4977,.F.);
#4977 = EDGE_LOOP('',(#4978,#5008,#5029,#5030));
#4978 = ORIENTED_EDGE('',*,*,#4979,.T.);
#4979 = EDGE_CURVE('',#4980,#4982,#4984,.T.);
#4980 = VERTEX_POINT('',#4981);
#4981 = CARTESIAN_POINT('',(82.75,70.55318080546,18.162060929201));
#4982 = VERTEX_POINT('',#4983);
#4983 = CARTESIAN_POINT('',(-82.75,70.55318080546,18.162060929201));
#4984 = SURFACE_CURVE('',#4985,(#4989,#4996),.PCURVE_S1.);
#4985 = LINE('',#4986,#4987);
#4986 = CARTESIAN_POINT('',(82.75,70.55318080546,18.162060929201));
#4987 = VECTOR('',#4988,1.);
#4988 = DIRECTION('',(-1.,0.,0.));
#4989 = PCURVE('',#2126,#4990);
#4990 = DEFINITIONAL_REPRESENTATION('',(#4991),#4995);
#4991 = LINE('',#4992,#4993);
#4992 = CARTESIAN_POINT('',(165.5,0.));
#4993 = VECTOR('',#4994,1.);
#4994 = DIRECTION('',(-1.,0.));
#4995 = ( GEOMETRIC_REPRESENTATION_CONTEXT(2) 
PARAMETRIC_REPRESENTATION_CONTEXT() REPRESENTATION_CONTEXT('2D SPACE',''
  ) );
#4996 = PCURVE('',#4997,#5002);
#4997 = PLANE('',#4998);
#4998 = AXIS2_PLACEMENT_3D('',#4999,#5000,#5001);
#4999 = CARTESIAN_POINT('',(0.,69.318570379717,17.9665178479));
#5000 = DIRECTION('',(0.,-0.15643446504,0.987688340595));
#5001 = DIRECTION('',(1.,0.,0.));
#5002 = DEFINITIONAL_REPRESENTATION('',(#5003),#5007);
#5003 = LINE('',#5004,#5005);
#5004 = CARTESIAN_POINT('',(82.75,1.249999999999));
#5005 = VECTOR('',#5006,1.);
#5006 = DIRECTION('',(-1.,0.));
#5007 = ( GEOMETRIC_REPRESENTATION_CONTEXT(2) 
PARAMETRIC_REPRESENTATION_CONTEXT() REPRESENTATION_CONTEXT('2D SPACE',''
  ) );
#5008 = ORIENTED_EDGE('',*,*,#5009,.T.);
#5009 = EDGE_CURVE('',#4982,#2111,#5010,.T.);
#5010 = SURFACE_CURVE('',#5011,(#5015,#5022),.PCURVE_S1.);
#5011 = LINE('',#5012,#5013);
#5012 = CARTESIAN_POINT('',(-82.75,70.55318080546,18.162060929201));
#5013 = VECTOR('',#5014,1.);
#5014 = DIRECTION('',(0.,-0.15643446504,0.987688340595));
#5015 = PCURVE('',#2126,#5016);
#5016 = DEFINITIONAL_REPRESENTATION('',(#5017),#5021);
#5017 = LINE('',#5018,#5019);
#5018 = CARTESIAN_POINT('',(0.,0.));
#5019 = VECTOR('',#5020,1.);
#5020 = DIRECTION('',(0.,-1.));
#5021 = ( GEOMETRIC_REPRESENTATION_CONTEXT(2) 
PARAMETRIC_REPRESENTATION_CONTEXT() REPRESENTATION_CONTEXT('2D SPACE',''
  ) );
#5022 = PCURVE('',#2218,#5023);
#5023 = DEFINITIONAL_REPRESENTATION('',(#5024),#5028);
#5024 = LINE('',#5025,#5026);
#5025 = CARTESIAN_POINT('',(4.712388980385,0.));
#5026 = VECTOR('',#5027,1.);
#5027 = DIRECTION('',(0.,-1.));
#5028 = ( GEOMETRIC_REPRESENTATION_CONTEXT(2) 
PARAMETRIC_REPRESENTATION_CONTEXT() REPRESENTATION_CONTEXT('2D SPACE',''
  ) );
#5029 = ORIENTED_EDGE('',*,*,#2108,.F.);
#5030 = ORIENTED_EDGE('',*,*,#5031,.F.);
#5031 = EDGE_CURVE('',#4980,#2109,#5032,.T.);
#5032 = SURFACE_CURVE('',#5033,(#5037,#5044),.PCURVE_S1.);
#5033 = LINE('',#5034,#5035);
#5034 = CARTESIAN_POINT('',(82.75,70.55318080546,18.162060929201));
#5035 = VECTOR('',#5036,1.);
#5036 = DIRECTION('',(0.,-0.15643446504,0.987688340595));
#5037 = PCURVE('',#2126,#5038);
#5038 = DEFINITIONAL_REPRESENTATION('',(#5039),#5043);
#5039 = LINE('',#5040,#5041);
#5040 = CARTESIAN_POINT('',(165.5,0.));
#5041 = VECTOR('',#5042,1.);
#5042 = DIRECTION('',(0.,-1.));
#5043 = ( GEOMETRIC_REPRESENTATION_CONTEXT(2) 
PARAMETRIC_REPRESENTATION_CONTEXT() REPRESENTATION_CONTEXT('2D SPACE',''
  ) );
#5044 = PCURVE('',#2159,#5045);
#5045 = DEFINITIONAL_REPRESENTATION('',(#5046),#5050);
#5046 = LINE('',#5047,#5048);
#5047 = CARTESIAN_POINT('',(1.570796326795,0.));
#5048 = VECTOR('',#5049,1.);
#5049 = DIRECTION('',(0.,-1.));
#5050 = ( GEOMETRIC_REPRESENTATION_CONTEXT(2) 
PARAMETRIC_REPRESENTATION_CONTEXT() REPRESENTATION_CONTEXT('2D SPACE',''
  ) );
#5051 = ADVANCED_FACE('',(#5052),#2159,.F.);
#5052 = FACE_BOUND('',#5053,.F.);
#5053 = EDGE_LOOP('',(#5054,#5082,#5083,#5084));
#5054 = ORIENTED_EDGE('',*,*,#5055,.F.);
#5055 = EDGE_CURVE('',#4980,#5056,#5058,.T.);
#5056 = VERTEX_POINT('',#5057);
#5057 = CARTESIAN_POINT('',(82.75,68.083959953973,17.7709747666));
#5058 = SURFACE_CURVE('',#5059,(#5064,#5071),.PCURVE_S1.);
#5059 = CIRCLE('',#5060,1.25);
#5060 = AXIS2_PLACEMENT_3D('',#5061,#5062,#5063);
#5061 = CARTESIAN_POINT('',(82.75,69.318570379717,17.9665178479));
#5062 = DIRECTION('',(-0.,0.15643446504,-0.987688340595));
#5063 = DIRECTION('',(-1.,-0.,0.));
#5064 = PCURVE('',#2159,#5065);
#5065 = DEFINITIONAL_REPRESENTATION('',(#5066),#5070);
#5066 = LINE('',#5067,#5068);
#5067 = CARTESIAN_POINT('',(0.,0.));
#5068 = VECTOR('',#5069,1.);
#5069 = DIRECTION('',(1.,0.));
#5070 = ( GEOMETRIC_REPRESENTATION_CONTEXT(2) 
PARAMETRIC_REPRESENTATION_CONTEXT() REPRESENTATION_CONTEXT('2D SPACE',''
  ) );
#5071 = PCURVE('',#4997,#5072);
#5072 = DEFINITIONAL_REPRESENTATION('',(#5073),#5081);
#5073 = ( BOUNDED_CURVE() B_SPLINE_CURVE(2,(#5074,#5075,#5076,#5077,
#5078,#5079,#5080),.UNSPECIFIED.,.T.,.F.) B_SPLINE_CURVE_WITH_KNOTS((1,2
    ,2,2,2,1),(-2.094395102393,0.,2.094395102393,4.188790204786,
6.28318530718,8.377580409573),.UNSPECIFIED.) CURVE() 
GEOMETRIC_REPRESENTATION_ITEM() RATIONAL_B_SPLINE_CURVE((1.,0.5,1.,0.5,
1.,0.5,1.)) REPRESENTATION_ITEM('') );
#5074 = CARTESIAN_POINT('',(81.5,0.));
#5075 = CARTESIAN_POINT('',(81.5,2.165063509461));
#5076 = CARTESIAN_POINT('',(83.375,1.082531754731));
#5077 = CARTESIAN_POINT('',(85.25,3.061616997868E-16));
#5078 = CARTESIAN_POINT('',(83.375,-1.082531754731));
#5079 = CARTESIAN_POINT('',(81.5,-2.165063509461));
#5080 = CARTESIAN_POINT('',(81.5,0.));
#5081 = ( GEOMETRIC_REPRESENTATION_CONTEXT(2) 
PARAMETRIC_REPRESENTATION_CONTEXT() REPRESENTATION_CONTEXT('2D SPACE',''
  ) );
#5082 = ORIENTED_EDGE('',*,*,#5031,.T.);
#5083 = ORIENTED_EDGE('',*,*,#2138,.T.);
#5084 = ORIENTED_EDGE('',*,*,#5085,.F.);
#5085 = EDGE_CURVE('',#5056,#2139,#5086,.T.);
#5086 = SURFACE_CURVE('',#5087,(#5091,#5098),.PCURVE_S1.);
#5087 = LINE('',#5088,#5089);
#5088 = CARTESIAN_POINT('',(82.75,68.083959953973,17.7709747666));
#5089 = VECTOR('',#5090,1.);
#5090 = DIRECTION('',(0.,-0.15643446504,0.987688340595));
#5091 = PCURVE('',#2159,#5092);
#5092 = DEFINITIONAL_REPRESENTATION('',(#5093),#5097);
#5093 = LINE('',#5094,#5095);
#5094 = CARTESIAN_POINT('',(4.712388980385,0.));
#5095 = VECTOR('',#5096,1.);
#5096 = DIRECTION('',(0.,-1.));
#5097 = ( GEOMETRIC_REPRESENTATION_CONTEXT(2) 
PARAMETRIC_REPRESENTATION_CONTEXT() REPRESENTATION_CONTEXT('2D SPACE',''
  ) );
#5098 = PCURVE('',#2187,#5099);
#5099 = DEFINITIONAL_REPRESENTATION('',(#5100),#5104);
#5100 = LINE('',#5101,#5102);
#5101 = CARTESIAN_POINT('',(41.375,0.));
#5102 = VECTOR('',#5103,1.);
#5103 = DIRECTION('',(0.,-1.));
#5104 = ( GEOMETRIC_REPRESENTATION_CONTEXT(2) 
PARAMETRIC_REPRESENTATION_CONTEXT() REPRESENTATION_CONTEXT('2D SPACE',''
  ) );
#5105 = ADVANCED_FACE('',(#5106),#2218,.F.);
#5106 = FACE_BOUND('',#5107,.F.);
#5107 = EDGE_LOOP('',(#5108,#5136,#5157,#5158));
#5108 = ORIENTED_EDGE('',*,*,#5109,.F.);
#5109 = EDGE_CURVE('',#5110,#4982,#5112,.T.);
#5110 = VERTEX_POINT('',#5111);
#5111 = CARTESIAN_POINT('',(-82.75,68.083959953973,17.7709747666));
#5112 = SURFACE_CURVE('',#5113,(#5118,#5125),.PCURVE_S1.);
#5113 = CIRCLE('',#5114,1.25);
#5114 = AXIS2_PLACEMENT_3D('',#5115,#5116,#5117);
#5115 = CARTESIAN_POINT('',(-82.75,69.318570379717,17.9665178479));
#5116 = DIRECTION('',(0.,0.15643446504,-0.987688340595));
#5117 = DIRECTION('',(1.,0.,0.));
#5118 = PCURVE('',#2218,#5119);
#5119 = DEFINITIONAL_REPRESENTATION('',(#5120),#5124);
#5120 = LINE('',#5121,#5122);
#5121 = CARTESIAN_POINT('',(0.,0.));
#5122 = VECTOR('',#5123,1.);
#5123 = DIRECTION('',(1.,0.));
#5124 = ( GEOMETRIC_REPRESENTATION_CONTEXT(2) 
PARAMETRIC_REPRESENTATION_CONTEXT() REPRESENTATION_CONTEXT('2D SPACE',''
  ) );
#5125 = PCURVE('',#4997,#5126);
#5126 = DEFINITIONAL_REPRESENTATION('',(#5127),#5135);
#5127 = ( BOUNDED_CURVE() B_SPLINE_CURVE(2,(#5128,#5129,#5130,#5131,
#5132,#5133,#5134),.UNSPECIFIED.,.T.,.F.) B_SPLINE_CURVE_WITH_KNOTS((1,2
    ,2,2,2,1),(-2.094395102393,0.,2.094395102393,4.188790204786,
6.28318530718,8.377580409573),.UNSPECIFIED.) CURVE() 
GEOMETRIC_REPRESENTATION_ITEM() RATIONAL_B_SPLINE_CURVE((1.,0.5,1.,0.5,
1.,0.5,1.)) REPRESENTATION_ITEM('') );
#5128 = CARTESIAN_POINT('',(-81.5,0.));
#5129 = CARTESIAN_POINT('',(-81.5,-2.165063509461));
#5130 = CARTESIAN_POINT('',(-83.375,-1.082531754731));
#5131 = CARTESIAN_POINT('',(-85.25,-3.061616997868E-16));
#5132 = CARTESIAN_POINT('',(-83.375,1.082531754731));
#5133 = CARTESIAN_POINT('',(-81.5,2.165063509461));
#5134 = CARTESIAN_POINT('',(-81.5,0.));
#5135 = ( GEOMETRIC_REPRESENTATION_CONTEXT(2) 
PARAMETRIC_REPRESENTATION_CONTEXT() REPRESENTATION_CONTEXT('2D SPACE',''
  ) );
#5136 = ORIENTED_EDGE('',*,*,#5137,.T.);
#5137 = EDGE_CURVE('',#5110,#2172,#5138,.T.);
#5138 = SURFACE_CURVE('',#5139,(#5143,#5150),.PCURVE_S1.);
#5139 = LINE('',#5140,#5141);
#5140 = CARTESIAN_POINT('',(-82.75,68.083959953973,17.7709747666));
#5141 = VECTOR('',#5142,1.);
#5142 = DIRECTION('',(0.,-0.15643446504,0.987688340595));
#5143 = PCURVE('',#2218,#5144);
#5144 = DEFINITIONAL_REPRESENTATION('',(#5145),#5149);
#5145 = LINE('',#5146,#5147);
#5146 = CARTESIAN_POINT('',(1.570796326795,0.));
#5147 = VECTOR('',#5148,1.);
#5148 = DIRECTION('',(0.,-1.));
#5149 = ( GEOMETRIC_REPRESENTATION_CONTEXT(2) 
PARAMETRIC_REPRESENTATION_CONTEXT() REPRESENTATION_CONTEXT('2D SPACE',''
  ) );
#5150 = PCURVE('',#2187,#5151);
#5151 = DEFINITIONAL_REPRESENTATION('',(#5152),#5156);
#5152 = LINE('',#5153,#5154);
#5153 = CARTESIAN_POINT('',(-124.125,0.));
#5154 = VECTOR('',#5155,1.);
#5155 = DIRECTION('',(0.,-1.));
#5156 = ( GEOMETRIC_REPRESENTATION_CONTEXT(2) 
PARAMETRIC_REPRESENTATION_CONTEXT() REPRESENTATION_CONTEXT('2D SPACE',''
  ) );
#5157 = ORIENTED_EDGE('',*,*,#2199,.T.);
#5158 = ORIENTED_EDGE('',*,*,#5009,.F.);
#5159 = ADVANCED_FACE('',(#5160),#2187,.T.);
#5160 = FACE_BOUND('',#5161,.T.);
#5161 = EDGE_LOOP('',(#5162,#5163,#5184,#5185));
#5162 = ORIENTED_EDGE('',*,*,#5085,.F.);
#5163 = ORIENTED_EDGE('',*,*,#5164,.F.);
#5164 = EDGE_CURVE('',#5110,#5056,#5165,.T.);
#5165 = SURFACE_CURVE('',#5166,(#5170,#5177),.PCURVE_S1.);
#5166 = LINE('',#5167,#5168);
#5167 = CARTESIAN_POINT('',(-82.75,68.083959953973,17.7709747666));
#5168 = VECTOR('',#5169,1.);
#5169 = DIRECTION('',(1.,0.,0.));
#5170 = PCURVE('',#2187,#5171);
#5171 = DEFINITIONAL_REPRESENTATION('',(#5172),#5176);
#5172 = LINE('',#5173,#5174);
#5173 = CARTESIAN_POINT('',(-124.125,0.));
#5174 = VECTOR('',#5175,1.);
#5175 = DIRECTION('',(1.,0.));
#5176 = ( GEOMETRIC_REPRESENTATION_CONTEXT(2) 
PARAMETRIC_REPRESENTATION_CONTEXT() REPRESENTATION_CONTEXT('2D SPACE',''
  ) );
#5177 = PCURVE('',#4997,#5178);
#5178 = DEFINITIONAL_REPRESENTATION('',(#5179),#5183);
#5179 = LINE('',#5180,#5181);
#5180 = CARTESIAN_POINT('',(-82.75,-1.25));
#5181 = VECTOR('',#5182,1.);
#5182 = DIRECTION('',(1.,0.));
#5183 = ( GEOMETRIC_REPRESENTATION_CONTEXT(2) 
PARAMETRIC_REPRESENTATION_CONTEXT() REPRESENTATION_CONTEXT('2D SPACE',''
  ) );
#5184 = ORIENTED_EDGE('',*,*,#5137,.T.);
#5185 = ORIENTED_EDGE('',*,*,#2171,.F.);
#5186 = ADVANCED_FACE('',(#5187),#2250,.F.);
#5187 = FACE_BOUND('',#5188,.F.);
#5188 = EDGE_LOOP('',(#5189,#5219,#5240,#5241));
#5189 = ORIENTED_EDGE('',*,*,#5190,.T.);
#5190 = EDGE_CURVE('',#5191,#5193,#5195,.T.);
#5191 = VERTEX_POINT('',#5192);
#5192 = CARTESIAN_POINT('',(82.75,77.960843359924,19.335319417002));
#5193 = VERTEX_POINT('',#5194);
#5194 = CARTESIAN_POINT('',(-82.75,77.960843359924,19.335319417002));
#5195 = SURFACE_CURVE('',#5196,(#5200,#5207),.PCURVE_S1.);
#5196 = LINE('',#5197,#5198);
#5197 = CARTESIAN_POINT('',(82.75,77.960843359924,19.335319417002));
#5198 = VECTOR('',#5199,1.);
#5199 = DIRECTION('',(-1.,0.,0.));
#5200 = PCURVE('',#2250,#5201);
#5201 = DEFINITIONAL_REPRESENTATION('',(#5202),#5206);
#5202 = LINE('',#5203,#5204);
#5203 = CARTESIAN_POINT('',(165.5,0.));
#5204 = VECTOR('',#5205,1.);
#5205 = DIRECTION('',(-1.,0.));
#5206 = ( GEOMETRIC_REPRESENTATION_CONTEXT(2) 
PARAMETRIC_REPRESENTATION_CONTEXT() REPRESENTATION_CONTEXT('2D SPACE',''
  ) );
#5207 = PCURVE('',#5208,#5213);
#5208 = PLANE('',#5209);
#5209 = AXIS2_PLACEMENT_3D('',#5210,#5211,#5212);
#5210 = CARTESIAN_POINT('',(0.,76.72623293418,19.139776335702));
#5211 = DIRECTION('',(0.,-0.15643446504,0.987688340595));
#5212 = DIRECTION('',(1.,0.,0.));
#5213 = DEFINITIONAL_REPRESENTATION('',(#5214),#5218);
#5214 = LINE('',#5215,#5216);
#5215 = CARTESIAN_POINT('',(82.75,1.25));
#5216 = VECTOR('',#5217,1.);
#5217 = DIRECTION('',(-1.,0.));
#5218 = ( GEOMETRIC_REPRESENTATION_CONTEXT(2) 
PARAMETRIC_REPRESENTATION_CONTEXT() REPRESENTATION_CONTEXT('2D SPACE',''
  ) );
#5219 = ORIENTED_EDGE('',*,*,#5220,.T.);
#5220 = EDGE_CURVE('',#5193,#2235,#5221,.T.);
#5221 = SURFACE_CURVE('',#5222,(#5226,#5233),.PCURVE_S1.);
#5222 = LINE('',#5223,#5224);
#5223 = CARTESIAN_POINT('',(-82.75,77.960843359924,19.335319417002));
#5224 = VECTOR('',#5225,1.);
#5225 = DIRECTION('',(0.,-0.15643446504,0.987688340595));
#5226 = PCURVE('',#2250,#5227);
#5227 = DEFINITIONAL_REPRESENTATION('',(#5228),#5232);
#5228 = LINE('',#5229,#5230);
#5229 = CARTESIAN_POINT('',(0.,0.));
#5230 = VECTOR('',#5231,1.);
#5231 = DIRECTION('',(0.,-1.));
#5232 = ( GEOMETRIC_REPRESENTATION_CONTEXT(2) 
PARAMETRIC_REPRESENTATION_CONTEXT() REPRESENTATION_CONTEXT('2D SPACE',''
  ) );
#5233 = PCURVE('',#2342,#5234);
#5234 = DEFINITIONAL_REPRESENTATION('',(#5235),#5239);
#5235 = LINE('',#5236,#5237);
#5236 = CARTESIAN_POINT('',(4.712388980385,0.));
#5237 = VECTOR('',#5238,1.);
#5238 = DIRECTION('',(0.,-1.));
#5239 = ( GEOMETRIC_REPRESENTATION_CONTEXT(2) 
PARAMETRIC_REPRESENTATION_CONTEXT() REPRESENTATION_CONTEXT('2D SPACE',''
  ) );
#5240 = ORIENTED_EDGE('',*,*,#2232,.F.);
#5241 = ORIENTED_EDGE('',*,*,#5242,.F.);
#5242 = EDGE_CURVE('',#5191,#2233,#5243,.T.);
#5243 = SURFACE_CURVE('',#5244,(#5248,#5255),.PCURVE_S1.);
#5244 = LINE('',#5245,#5246);
#5245 = CARTESIAN_POINT('',(82.75,77.960843359924,19.335319417002));
#5246 = VECTOR('',#5247,1.);
#5247 = DIRECTION('',(0.,-0.15643446504,0.987688340595));
#5248 = PCURVE('',#2250,#5249);
#5249 = DEFINITIONAL_REPRESENTATION('',(#5250),#5254);
#5250 = LINE('',#5251,#5252);
#5251 = CARTESIAN_POINT('',(165.5,0.));
#5252 = VECTOR('',#5253,1.);
#5253 = DIRECTION('',(0.,-1.));
#5254 = ( GEOMETRIC_REPRESENTATION_CONTEXT(2) 
PARAMETRIC_REPRESENTATION_CONTEXT() REPRESENTATION_CONTEXT('2D SPACE',''
  ) );
#5255 = PCURVE('',#2283,#5256);
#5256 = DEFINITIONAL_REPRESENTATION('',(#5257),#5261);
#5257 = LINE('',#5258,#5259);
#5258 = CARTESIAN_POINT('',(1.570796326795,0.));
#5259 = VECTOR('',#5260,1.);
#5260 = DIRECTION('',(0.,-1.));
#5261 = ( GEOMETRIC_REPRESENTATION_CONTEXT(2) 
PARAMETRIC_REPRESENTATION_CONTEXT() REPRESENTATION_CONTEXT('2D SPACE',''
  ) );
#5262 = ADVANCED_FACE('',(#5263),#2342,.F.);
#5263 = FACE_BOUND('',#5264,.F.);
#5264 = EDGE_LOOP('',(#5265,#5293,#5314,#5315));
#5265 = ORIENTED_EDGE('',*,*,#5266,.F.);
#5266 = EDGE_CURVE('',#5267,#5193,#5269,.T.);
#5267 = VERTEX_POINT('',#5268);
#5268 = CARTESIAN_POINT('',(-82.75,75.491622508436,18.944233254402));
#5269 = SURFACE_CURVE('',#5270,(#5275,#5282),.PCURVE_S1.);
#5270 = CIRCLE('',#5271,1.25);
#5271 = AXIS2_PLACEMENT_3D('',#5272,#5273,#5274);
#5272 = CARTESIAN_POINT('',(-82.75,76.72623293418,19.139776335702));
#5273 = DIRECTION('',(0.,0.15643446504,-0.987688340595));
#5274 = DIRECTION('',(1.,0.,0.));
#5275 = PCURVE('',#2342,#5276);
#5276 = DEFINITIONAL_REPRESENTATION('',(#5277),#5281);
#5277 = LINE('',#5278,#5279);
#5278 = CARTESIAN_POINT('',(0.,0.));
#5279 = VECTOR('',#5280,1.);
#5280 = DIRECTION('',(1.,0.));
#5281 = ( GEOMETRIC_REPRESENTATION_CONTEXT(2) 
PARAMETRIC_REPRESENTATION_CONTEXT() REPRESENTATION_CONTEXT('2D SPACE',''
  ) );
#5282 = PCURVE('',#5208,#5283);
#5283 = DEFINITIONAL_REPRESENTATION('',(#5284),#5292);
#5284 = ( BOUNDED_CURVE() B_SPLINE_CURVE(2,(#5285,#5286,#5287,#5288,
#5289,#5290,#5291),.UNSPECIFIED.,.T.,.F.) B_SPLINE_CURVE_WITH_KNOTS((1,2
    ,2,2,2,1),(-2.094395102393,0.,2.094395102393,4.188790204786,
6.28318530718,8.377580409573),.UNSPECIFIED.) CURVE() 
GEOMETRIC_REPRESENTATION_ITEM() RATIONAL_B_SPLINE_CURVE((1.,0.5,1.,0.5,
1.,0.5,1.)) REPRESENTATION_ITEM('') );
#5285 = CARTESIAN_POINT('',(-81.5,0.));
#5286 = CARTESIAN_POINT('',(-81.5,-2.165063509461));
#5287 = CARTESIAN_POINT('',(-83.375,-1.082531754731));
#5288 = CARTESIAN_POINT('',(-85.25,-3.061616997868E-16));
#5289 = CARTESIAN_POINT('',(-83.375,1.082531754731));
#5290 = CARTESIAN_POINT('',(-81.5,2.165063509461));
#5291 = CARTESIAN_POINT('',(-81.5,0.));
#5292 = ( GEOMETRIC_REPRESENTATION_CONTEXT(2) 
PARAMETRIC_REPRESENTATION_CONTEXT() REPRESENTATION_CONTEXT('2D SPACE',''
  ) );
#5293 = ORIENTED_EDGE('',*,*,#5294,.T.);
#5294 = EDGE_CURVE('',#5267,#2296,#5295,.T.);
#5295 = SURFACE_CURVE('',#5296,(#5300,#5307),.PCURVE_S1.);
#5296 = LINE('',#5297,#5298);
#5297 = CARTESIAN_POINT('',(-82.75,75.491622508436,18.944233254402));
#5298 = VECTOR('',#5299,1.);
#5299 = DIRECTION('',(0.,-0.15643446504,0.987688340595));
#5300 = PCURVE('',#2342,#5301);
#5301 = DEFINITIONAL_REPRESENTATION('',(#5302),#5306);
#5302 = LINE('',#5303,#5304);
#5303 = CARTESIAN_POINT('',(1.570796326795,0.));
#5304 = VECTOR('',#5305,1.);
#5305 = DIRECTION('',(0.,-1.));
#5306 = ( GEOMETRIC_REPRESENTATION_CONTEXT(2) 
PARAMETRIC_REPRESENTATION_CONTEXT() REPRESENTATION_CONTEXT('2D SPACE',''
  ) );
#5307 = PCURVE('',#2311,#5308);
#5308 = DEFINITIONAL_REPRESENTATION('',(#5309),#5313);
#5309 = LINE('',#5310,#5311);
#5310 = CARTESIAN_POINT('',(-124.125,0.));
#5311 = VECTOR('',#5312,1.);
#5312 = DIRECTION('',(0.,-1.));
#5313 = ( GEOMETRIC_REPRESENTATION_CONTEXT(2) 
PARAMETRIC_REPRESENTATION_CONTEXT() REPRESENTATION_CONTEXT('2D SPACE',''
  ) );
#5314 = ORIENTED_EDGE('',*,*,#2323,.T.);
#5315 = ORIENTED_EDGE('',*,*,#5220,.F.);
#5316 = ADVANCED_FACE('',(#5317),#2311,.T.);
#5317 = FACE_BOUND('',#5318,.T.);
#5318 = EDGE_LOOP('',(#5319,#5342,#5363,#5364));
#5319 = ORIENTED_EDGE('',*,*,#5320,.F.);
#5320 = EDGE_CURVE('',#5321,#2263,#5323,.T.);
#5321 = VERTEX_POINT('',#5322);
#5322 = CARTESIAN_POINT('',(82.75,75.491622508436,18.944233254402));
#5323 = SURFACE_CURVE('',#5324,(#5328,#5335),.PCURVE_S1.);
#5324 = LINE('',#5325,#5326);
#5325 = CARTESIAN_POINT('',(82.75,75.491622508436,18.944233254402));
#5326 = VECTOR('',#5327,1.);
#5327 = DIRECTION('',(0.,-0.15643446504,0.987688340595));
#5328 = PCURVE('',#2311,#5329);
#5329 = DEFINITIONAL_REPRESENTATION('',(#5330),#5334);
#5330 = LINE('',#5331,#5332);
#5331 = CARTESIAN_POINT('',(41.375,0.));
#5332 = VECTOR('',#5333,1.);
#5333 = DIRECTION('',(0.,-1.));
#5334 = ( GEOMETRIC_REPRESENTATION_CONTEXT(2) 
PARAMETRIC_REPRESENTATION_CONTEXT() REPRESENTATION_CONTEXT('2D SPACE',''
  ) );
#5335 = PCURVE('',#2283,#5336);
#5336 = DEFINITIONAL_REPRESENTATION('',(#5337),#5341);
#5337 = LINE('',#5338,#5339);
#5338 = CARTESIAN_POINT('',(4.712388980385,0.));
#5339 = VECTOR('',#5340,1.);
#5340 = DIRECTION('',(0.,-1.));
#5341 = ( GEOMETRIC_REPRESENTATION_CONTEXT(2) 
PARAMETRIC_REPRESENTATION_CONTEXT() REPRESENTATION_CONTEXT('2D SPACE',''
  ) );
#5342 = ORIENTED_EDGE('',*,*,#5343,.F.);
#5343 = EDGE_CURVE('',#5267,#5321,#5344,.T.);
#5344 = SURFACE_CURVE('',#5345,(#5349,#5356),.PCURVE_S1.);
#5345 = LINE('',#5346,#5347);
#5346 = CARTESIAN_POINT('',(-82.75,75.491622508436,18.944233254402));
#5347 = VECTOR('',#5348,1.);
#5348 = DIRECTION('',(1.,0.,0.));
#5349 = PCURVE('',#2311,#5350);
#5350 = DEFINITIONAL_REPRESENTATION('',(#5351),#5355);
#5351 = LINE('',#5352,#5353);
#5352 = CARTESIAN_POINT('',(-124.125,0.));
#5353 = VECTOR('',#5354,1.);
#5354 = DIRECTION('',(1.,0.));
#5355 = ( GEOMETRIC_REPRESENTATION_CONTEXT(2) 
PARAMETRIC_REPRESENTATION_CONTEXT() REPRESENTATION_CONTEXT('2D SPACE',''
  ) );
#5356 = PCURVE('',#5208,#5357);
#5357 = DEFINITIONAL_REPRESENTATION('',(#5358),#5362);
#5358 = LINE('',#5359,#5360);
#5359 = CARTESIAN_POINT('',(-82.75,-1.25));
#5360 = VECTOR('',#5361,1.);
#5361 = DIRECTION('',(1.,0.));
#5362 = ( GEOMETRIC_REPRESENTATION_CONTEXT(2) 
PARAMETRIC_REPRESENTATION_CONTEXT() REPRESENTATION_CONTEXT('2D SPACE',''
  ) );
#5363 = ORIENTED_EDGE('',*,*,#5294,.T.);
#5364 = ORIENTED_EDGE('',*,*,#2295,.F.);
#5365 = ADVANCED_FACE('',(#5366),#2283,.F.);
#5366 = FACE_BOUND('',#5367,.F.);
#5367 = EDGE_LOOP('',(#5368,#5394,#5395,#5396));
#5368 = ORIENTED_EDGE('',*,*,#5369,.F.);
#5369 = EDGE_CURVE('',#5191,#5321,#5370,.T.);
#5370 = SURFACE_CURVE('',#5371,(#5376,#5383),.PCURVE_S1.);
#5371 = CIRCLE('',#5372,1.25);
#5372 = AXIS2_PLACEMENT_3D('',#5373,#5374,#5375);
#5373 = CARTESIAN_POINT('',(82.75,76.72623293418,19.139776335702));
#5374 = DIRECTION('',(-0.,0.15643446504,-0.987688340595));
#5375 = DIRECTION('',(-1.,-0.,0.));
#5376 = PCURVE('',#2283,#5377);
#5377 = DEFINITIONAL_REPRESENTATION('',(#5378),#5382);
#5378 = LINE('',#5379,#5380);
#5379 = CARTESIAN_POINT('',(0.,0.));
#5380 = VECTOR('',#5381,1.);
#5381 = DIRECTION('',(1.,0.));
#5382 = ( GEOMETRIC_REPRESENTATION_CONTEXT(2) 
PARAMETRIC_REPRESENTATION_CONTEXT() REPRESENTATION_CONTEXT('2D SPACE',''
  ) );
#5383 = PCURVE('',#5208,#5384);
#5384 = DEFINITIONAL_REPRESENTATION('',(#5385),#5393);
#5385 = ( BOUNDED_CURVE() B_SPLINE_CURVE(2,(#5386,#5387,#5388,#5389,
#5390,#5391,#5392),.UNSPECIFIED.,.T.,.F.) B_SPLINE_CURVE_WITH_KNOTS((1,2
    ,2,2,2,1),(-2.094395102393,0.,2.094395102393,4.188790204786,
6.28318530718,8.377580409573),.UNSPECIFIED.) CURVE() 
GEOMETRIC_REPRESENTATION_ITEM() RATIONAL_B_SPLINE_CURVE((1.,0.5,1.,0.5,
1.,0.5,1.)) REPRESENTATION_ITEM('') );
#5386 = CARTESIAN_POINT('',(81.5,0.));
#5387 = CARTESIAN_POINT('',(81.5,2.165063509461));
#5388 = CARTESIAN_POINT('',(83.375,1.082531754731));
#5389 = CARTESIAN_POINT('',(85.25,3.061616997868E-16));
#5390 = CARTESIAN_POINT('',(83.375,-1.082531754731));
#5391 = CARTESIAN_POINT('',(81.5,-2.165063509461));
#5392 = CARTESIAN_POINT('',(81.5,0.));
#5393 = ( GEOMETRIC_REPRESENTATION_CONTEXT(2) 
PARAMETRIC_REPRESENTATION_CONTEXT() REPRESENTATION_CONTEXT('2D SPACE',''
  ) );
#5394 = ORIENTED_EDGE('',*,*,#5242,.T.);
#5395 = ORIENTED_EDGE('',*,*,#2262,.T.);
#5396 = ORIENTED_EDGE('',*,*,#5320,.F.);
#5397 = ADVANCED_FACE('',(#5398),#2373,.T.);
#5398 = FACE_BOUND('',#5399,.T.);
#5399 = EDGE_LOOP('',(#5400,#5401,#5402));
#5400 = ORIENTED_EDGE('',*,*,#3268,.F.);
#5401 = ORIENTED_EDGE('',*,*,#2357,.T.);
#5402 = ORIENTED_EDGE('',*,*,#3219,.F.);
#5403 = ADVANCED_FACE('',(#5404),#2505,.T.);
#5404 = FACE_BOUND('',#5405,.T.);
#5405 = EDGE_LOOP('',(#5406,#5407,#5408,#5435));
#5406 = ORIENTED_EDGE('',*,*,#2696,.T.);
#5407 = ORIENTED_EDGE('',*,*,#2489,.T.);
#5408 = ORIENTED_EDGE('',*,*,#5409,.T.);
#5409 = EDGE_CURVE('',#2462,#5410,#5412,.T.);
#5410 = VERTEX_POINT('',#5411);
#5411 = CARTESIAN_POINT('',(87.,124.48424085798,27.716366817516));
#5412 = SURFACE_CURVE('',#5413,(#5418,#5424),.PCURVE_S1.);
#5413 = CIRCLE('',#5414,3.);
#5414 = AXIS2_PLACEMENT_3D('',#5415,#5416,#5417);
#5415 = CARTESIAN_POINT('',(87.,124.9535442531,24.753301795731));
#5416 = DIRECTION('',(0.,-0.987688340595,-0.15643446504));
#5417 = DIRECTION('',(0.,-0.15643446504,0.987688340595));
#5418 = PCURVE('',#2505,#5419);
#5419 = DEFINITIONAL_REPRESENTATION('',(#5420),#5423);
#5420 = B_SPLINE_CURVE_WITH_KNOTS('',1,(#5421,#5422),.UNSPECIFIED.,.F.,
  .F.,(2,2),(4.712388980385,6.28318530718),.PIECEWISE_BEZIER_KNOTS.);
#5421 = CARTESIAN_POINT('',(1.570796326795,126.0359525789));
#5422 = CARTESIAN_POINT('',(0.,126.0359525789));
#5423 = ( GEOMETRIC_REPRESENTATION_CONTEXT(2) 
PARAMETRIC_REPRESENTATION_CONTEXT() REPRESENTATION_CONTEXT('2D SPACE',''
  ) );
#5424 = PCURVE('',#5425,#5430);
#5425 = SPHERICAL_SURFACE('',#5426,3.);
#5426 = AXIS2_PLACEMENT_3D('',#5427,#5428,#5429);
#5427 = CARTESIAN_POINT('',(87.,124.9535442531,24.753301795731));
#5428 = DIRECTION('',(-1.,-0.,0.));
#5429 = DIRECTION('',(0.,-0.15643446504,0.987688340595));
#5430 = DEFINITIONAL_REPRESENTATION('',(#5431),#5434);
#5431 = B_SPLINE_CURVE_WITH_KNOTS('',1,(#5432,#5433),.UNSPECIFIED.,.F.,
  .F.,(2,2),(4.712388980385,6.28318530718),.PIECEWISE_BEZIER_KNOTS.);
#5432 = CARTESIAN_POINT('',(0.,-1.570796326795));
#5433 = CARTESIAN_POINT('',(0.,0.));
#5434 = ( GEOMETRIC_REPRESENTATION_CONTEXT(2) 
PARAMETRIC_REPRESENTATION_CONTEXT() REPRESENTATION_CONTEXT('2D SPACE',''
  ) );
#5435 = ORIENTED_EDGE('',*,*,#5436,.F.);
#5436 = EDGE_CURVE('',#2669,#5410,#5437,.T.);
#5437 = SURFACE_CURVE('',#5438,(#5442,#5449),.PCURVE_S1.);
#5438 = LINE('',#5439,#5440);
#5439 = CARTESIAN_POINT('',(87.,-1.110223024625E-16,8.));
#5440 = VECTOR('',#5441,1.);
#5441 = DIRECTION('',(0.,0.987688340595,0.15643446504));
#5442 = PCURVE('',#2505,#5443);
#5443 = DEFINITIONAL_REPRESENTATION('',(#5444),#5448);
#5444 = LINE('',#5445,#5446);
#5445 = CARTESIAN_POINT('',(0.,0.));
#5446 = VECTOR('',#5447,1.);
#5447 = DIRECTION('',(0.,1.));
#5448 = ( GEOMETRIC_REPRESENTATION_CONTEXT(2) 
PARAMETRIC_REPRESENTATION_CONTEXT() REPRESENTATION_CONTEXT('2D SPACE',''
  ) );
#5449 = PCURVE('',#2684,#5450);
#5450 = DEFINITIONAL_REPRESENTATION('',(#5451),#5455);
#5451 = LINE('',#5452,#5453);
#5452 = CARTESIAN_POINT('',(-1.069719742223E-16,-177.));
#5453 = VECTOR('',#5454,1.);
#5454 = DIRECTION('',(1.,0.));
#5455 = ( GEOMETRIC_REPRESENTATION_CONTEXT(2) 
PARAMETRIC_REPRESENTATION_CONTEXT() REPRESENTATION_CONTEXT('2D SPACE',''
  ) );
#5456 = ADVANCED_FACE('',(#5457),#2477,.T.);
#5457 = FACE_BOUND('',#5458,.T.);
#5458 = EDGE_LOOP('',(#5459,#5479,#5480,#5502));
#5459 = ORIENTED_EDGE('',*,*,#5460,.F.);
#5460 = EDGE_CURVE('',#2462,#2977,#5461,.T.);
#5461 = SURFACE_CURVE('',#5462,(#5467,#5473),.PCURVE_S1.);
#5462 = CIRCLE('',#5463,3.);
#5463 = AXIS2_PLACEMENT_3D('',#5464,#5465,#5466);
#5464 = CARTESIAN_POINT('',(87.,124.9535442531,24.753301795731));
#5465 = DIRECTION('',(0.,5.71764857682E-15,1.));
#5466 = DIRECTION('',(0.,1.,-5.71764857682E-15));
#5467 = PCURVE('',#2477,#5468);
#5468 = DEFINITIONAL_REPRESENTATION('',(#5469),#5472);
#5469 = B_SPLINE_CURVE_WITH_KNOTS('',1,(#5470,#5471),.UNSPECIFIED.,.F.,
  .F.,(2,2),(4.712388980385,6.28318530718),.PIECEWISE_BEZIER_KNOTS.);
#5470 = CARTESIAN_POINT('',(4.712388980385,24.753301795731));
#5471 = CARTESIAN_POINT('',(6.28318530718,24.753301795731));
#5472 = ( GEOMETRIC_REPRESENTATION_CONTEXT(2) 
PARAMETRIC_REPRESENTATION_CONTEXT() REPRESENTATION_CONTEXT('2D SPACE',''
  ) );
#5473 = PCURVE('',#5425,#5474);
#5474 = DEFINITIONAL_REPRESENTATION('',(#5475),#5478);
#5475 = B_SPLINE_CURVE_WITH_KNOTS('',1,(#5476,#5477),.UNSPECIFIED.,.F.,
  .F.,(2,2),(4.712388980385,6.28318530718),.PIECEWISE_BEZIER_KNOTS.);
#5476 = CARTESIAN_POINT('',(1.727875959474,-1.570796326795));
#5477 = CARTESIAN_POINT('',(1.727875959474,0.));
#5478 = ( GEOMETRIC_REPRESENTATION_CONTEXT(2) 
PARAMETRIC_REPRESENTATION_CONTEXT() REPRESENTATION_CONTEXT('2D SPACE',''
  ) );
#5479 = ORIENTED_EDGE('',*,*,#2461,.F.);
#5480 = ORIENTED_EDGE('',*,*,#5481,.F.);
#5481 = EDGE_CURVE('',#3005,#2434,#5482,.T.);
#5482 = SURFACE_CURVE('',#5483,(#5488,#5495),.PCURVE_S1.);
#5483 = CIRCLE('',#5484,3.);
#5484 = AXIS2_PLACEMENT_3D('',#5485,#5486,#5487);
#5485 = CARTESIAN_POINT('',(87.,124.9535442531,0.5));
#5486 = DIRECTION('',(0.,0.,-1.));
#5487 = DIRECTION('',(0.,1.,0.));
#5488 = PCURVE('',#2477,#5489);
#5489 = DEFINITIONAL_REPRESENTATION('',(#5490),#5494);
#5490 = LINE('',#5491,#5492);
#5491 = CARTESIAN_POINT('',(6.28318530718,0.5));
#5492 = VECTOR('',#5493,1.);
#5493 = DIRECTION('',(-1.,0.));
#5494 = ( GEOMETRIC_REPRESENTATION_CONTEXT(2) 
PARAMETRIC_REPRESENTATION_CONTEXT() REPRESENTATION_CONTEXT('2D SPACE',''
  ) );
#5495 = PCURVE('',#3153,#5496);
#5496 = DEFINITIONAL_REPRESENTATION('',(#5497),#5501);
#5497 = LINE('',#5498,#5499);
#5498 = CARTESIAN_POINT('',(6.28318530718,0.));
#5499 = VECTOR('',#5500,1.);
#5500 = DIRECTION('',(-1.,-0.));
#5501 = ( GEOMETRIC_REPRESENTATION_CONTEXT(2) 
PARAMETRIC_REPRESENTATION_CONTEXT() REPRESENTATION_CONTEXT('2D SPACE',''
  ) );
#5502 = ORIENTED_EDGE('',*,*,#3004,.T.);
#5503 = ADVANCED_FACE('',(#5504),#2449,.F.);
#5504 = FACE_BOUND('',#5505,.T.);
#5505 = EDGE_LOOP('',(#5506,#5526,#5527,#5547));
#5506 = ORIENTED_EDGE('',*,*,#5507,.F.);
#5507 = EDGE_CURVE('',#2434,#3110,#5508,.T.);
#5508 = SURFACE_CURVE('',#5509,(#5513,#5520),.PCURVE_S1.);
#5509 = LINE('',#5510,#5511);
#5510 = CARTESIAN_POINT('',(90.,124.9535442531,0.5));
#5511 = VECTOR('',#5512,1.);
#5512 = DIRECTION('',(-0.707106781187,-4.329780281174E-17,
    -0.707106781187));
#5513 = PCURVE('',#2449,#5514);
#5514 = DEFINITIONAL_REPRESENTATION('',(#5515),#5519);
#5515 = LINE('',#5516,#5517);
#5516 = CARTESIAN_POINT('',(0.,-0.353553390593));
#5517 = VECTOR('',#5518,1.);
#5518 = DIRECTION('',(-4.329780281174E-17,1.));
#5519 = ( GEOMETRIC_REPRESENTATION_CONTEXT(2) 
PARAMETRIC_REPRESENTATION_CONTEXT() REPRESENTATION_CONTEXT('2D SPACE',''
  ) );
#5520 = PCURVE('',#3153,#5521);
#5521 = DEFINITIONAL_REPRESENTATION('',(#5522),#5525);
#5522 = B_SPLINE_CURVE_WITH_KNOTS('',1,(#5523,#5524),.UNSPECIFIED.,.F.,
  .F.,(2,2),(0.,0.707106781187),.PIECEWISE_BEZIER_KNOTS.);
#5523 = CARTESIAN_POINT('',(4.712388980385,0.));
#5524 = CARTESIAN_POINT('',(4.712388980385,-0.5));
#5525 = ( GEOMETRIC_REPRESENTATION_CONTEXT(2) 
PARAMETRIC_REPRESENTATION_CONTEXT() REPRESENTATION_CONTEXT('2D SPACE',''
  ) );
#5526 = ORIENTED_EDGE('',*,*,#2433,.T.);
#5527 = ORIENTED_EDGE('',*,*,#5528,.T.);
#5528 = EDGE_CURVE('',#2411,#3077,#5529,.T.);
#5529 = SURFACE_CURVE('',#5530,(#5534,#5541),.PCURVE_S1.);
#5530 = LINE('',#5531,#5532);
#5531 = CARTESIAN_POINT('',(89.75,3.,0.25));
#5532 = VECTOR('',#5533,1.);
#5533 = DIRECTION('',(-0.707106781187,-2.908827630388E-35,
    -0.707106781187));
#5534 = PCURVE('',#2449,#5535);
#5535 = DEFINITIONAL_REPRESENTATION('',(#5536),#5540);
#5536 = LINE('',#5537,#5538);
#5537 = CARTESIAN_POINT('',(-121.9535442531,-1.177569344013E-16));
#5538 = VECTOR('',#5539,1.);
#5539 = DIRECTION('',(-1.664248286633E-34,1.));
#5540 = ( GEOMETRIC_REPRESENTATION_CONTEXT(2) 
PARAMETRIC_REPRESENTATION_CONTEXT() REPRESENTATION_CONTEXT('2D SPACE',''
  ) );
#5541 = PCURVE('',#3097,#5542);
#5542 = DEFINITIONAL_REPRESENTATION('',(#5543),#5546);
#5543 = B_SPLINE_CURVE_WITH_KNOTS('',1,(#5544,#5545),.UNSPECIFIED.,.F.,
  .F.,(2,2),(-0.353553390593,0.353553390593),.PIECEWISE_BEZIER_KNOTS.);
#5544 = CARTESIAN_POINT('',(6.28318530718,0.));
#5545 = CARTESIAN_POINT('',(6.28318530718,-0.5));
#5546 = ( GEOMETRIC_REPRESENTATION_CONTEXT(2) 
PARAMETRIC_REPRESENTATION_CONTEXT() REPRESENTATION_CONTEXT('2D SPACE',''
  ) );
#5547 = ORIENTED_EDGE('',*,*,#3109,.F.);
#5548 = ADVANCED_FACE('',(#5549),#2684,.T.);
#5549 = FACE_BOUND('',#5550,.T.);
#5550 = EDGE_LOOP('',(#5551,#5574,#5575,#5576));
#5551 = ORIENTED_EDGE('',*,*,#5552,.F.);
#5552 = EDGE_CURVE('',#2634,#5553,#5555,.T.);
#5553 = VERTEX_POINT('',#5554);
#5554 = CARTESIAN_POINT('',(-51.,124.48424085798,27.716366817516));
#5555 = SURFACE_CURVE('',#5556,(#5560,#5567),.PCURVE_S1.);
#5556 = LINE('',#5557,#5558);
#5557 = CARTESIAN_POINT('',(-51.,91.409075651084,22.47777528758));
#5558 = VECTOR('',#5559,1.);
#5559 = DIRECTION('',(-0.,0.987688340595,0.15643446504));
#5560 = PCURVE('',#2684,#5561);
#5561 = DEFINITIONAL_REPRESENTATION('',(#5562),#5566);
#5562 = LINE('',#5563,#5564);
#5563 = CARTESIAN_POINT('',(92.54850127724,-39.));
#5564 = VECTOR('',#5565,1.);
#5565 = DIRECTION('',(1.,0.));
#5566 = ( GEOMETRIC_REPRESENTATION_CONTEXT(2) 
PARAMETRIC_REPRESENTATION_CONTEXT() REPRESENTATION_CONTEXT('2D SPACE',''
  ) );
#5567 = PCURVE('',#2650,#5568);
#5568 = DEFINITIONAL_REPRESENTATION('',(#5569),#5573);
#5569 = LINE('',#5570,#5571);
#5570 = CARTESIAN_POINT('',(6.28318530718,0.));
#5571 = VECTOR('',#5572,1.);
#5572 = DIRECTION('',(-0.,1.));
#5573 = ( GEOMETRIC_REPRESENTATION_CONTEXT(2) 
PARAMETRIC_REPRESENTATION_CONTEXT() REPRESENTATION_CONTEXT('2D SPACE',''
  ) );
#5574 = ORIENTED_EDGE('',*,*,#2668,.F.);
#5575 = ORIENTED_EDGE('',*,*,#5436,.T.);
#5576 = ORIENTED_EDGE('',*,*,#5577,.F.);
#5577 = EDGE_CURVE('',#5553,#5410,#5578,.T.);
#5578 = SURFACE_CURVE('',#5579,(#5583,#5590),.PCURVE_S1.);
#5579 = LINE('',#5580,#5581);
#5580 = CARTESIAN_POINT('',(-54.,124.48424085798,27.716366817516));
#5581 = VECTOR('',#5582,1.);
#5582 = DIRECTION('',(1.,0.,0.));
#5583 = PCURVE('',#2684,#5584);
#5584 = DEFINITIONAL_REPRESENTATION('',(#5585),#5589);
#5585 = LINE('',#5586,#5587);
#5586 = CARTESIAN_POINT('',(126.03595257889,-36.));
#5587 = VECTOR('',#5588,1.);
#5588 = DIRECTION('',(0.,-1.));
#5589 = ( GEOMETRIC_REPRESENTATION_CONTEXT(2) 
PARAMETRIC_REPRESENTATION_CONTEXT() REPRESENTATION_CONTEXT('2D SPACE',''
  ) );
#5590 = PCURVE('',#2992,#5591);
#5591 = DEFINITIONAL_REPRESENTATION('',(#5592),#5596);
#5592 = LINE('',#5593,#5594);
#5593 = CARTESIAN_POINT('',(6.28318530718,0.));
#5594 = VECTOR('',#5595,1.);
#5595 = DIRECTION('',(-0.,1.));
#5596 = ( GEOMETRIC_REPRESENTATION_CONTEXT(2) 
PARAMETRIC_REPRESENTATION_CONTEXT() REPRESENTATION_CONTEXT('2D SPACE',''
  ) );
#5597 = ADVANCED_FACE('',(#5598),#2650,.T.);
#5598 = FACE_BOUND('',#5599,.T.);
#5599 = EDGE_LOOP('',(#5600,#5627,#5648,#5649));
#5600 = ORIENTED_EDGE('',*,*,#5601,.F.);
#5601 = EDGE_CURVE('',#5602,#5553,#5604,.T.);
#5602 = VERTEX_POINT('',#5603);
#5603 = CARTESIAN_POINT('',(-54.,124.9535442531,24.753301795731));
#5604 = SURFACE_CURVE('',#5605,(#5610,#5616),.PCURVE_S1.);
#5605 = CIRCLE('',#5606,3.);
#5606 = AXIS2_PLACEMENT_3D('',#5607,#5608,#5609);
#5607 = CARTESIAN_POINT('',(-51.,124.9535442531,24.753301795731));
#5608 = DIRECTION('',(-0.,0.987688340595,0.15643446504));
#5609 = DIRECTION('',(0.,-0.15643446504,0.987688340595));
#5610 = PCURVE('',#2650,#5611);
#5611 = DEFINITIONAL_REPRESENTATION('',(#5612),#5615);
#5612 = B_SPLINE_CURVE_WITH_KNOTS('',1,(#5613,#5614),.UNSPECIFIED.,.F.,
  .F.,(2,2),(4.712388980385,6.28318530718),.PIECEWISE_BEZIER_KNOTS.);
#5613 = CARTESIAN_POINT('',(4.712388980385,33.487451301662));
#5614 = CARTESIAN_POINT('',(6.28318530718,33.487451301662));
#5615 = ( GEOMETRIC_REPRESENTATION_CONTEXT(2) 
PARAMETRIC_REPRESENTATION_CONTEXT() REPRESENTATION_CONTEXT('2D SPACE',''
  ) );
#5616 = PCURVE('',#5617,#5622);
#5617 = SPHERICAL_SURFACE('',#5618,3.);
#5618 = AXIS2_PLACEMENT_3D('',#5619,#5620,#5621);
#5619 = CARTESIAN_POINT('',(-51.,124.9535442531,24.753301795731));
#5620 = DIRECTION('',(1.,0.,0.));
#5621 = DIRECTION('',(-0.,1.,0.));
#5622 = DEFINITIONAL_REPRESENTATION('',(#5623),#5626);
#5623 = B_SPLINE_CURVE_WITH_KNOTS('',1,(#5624,#5625),.UNSPECIFIED.,.F.,
  .F.,(2,2),(4.712388980385,6.28318530718),.PIECEWISE_BEZIER_KNOTS.);
#5624 = CARTESIAN_POINT('',(1.727875959474,-1.570796326795));
#5625 = CARTESIAN_POINT('',(1.727875959474,0.));
#5626 = ( GEOMETRIC_REPRESENTATION_CONTEXT(2) 
PARAMETRIC_REPRESENTATION_CONTEXT() REPRESENTATION_CONTEXT('2D SPACE',''
  ) );
#5627 = ORIENTED_EDGE('',*,*,#5628,.F.);
#5628 = EDGE_CURVE('',#2606,#5602,#5629,.T.);
#5629 = SURFACE_CURVE('',#5630,(#5634,#5641),.PCURVE_S1.);
#5630 = LINE('',#5631,#5632);
#5631 = CARTESIAN_POINT('',(-54.,91.878379046204,19.514710265795));
#5632 = VECTOR('',#5633,1.);
#5633 = DIRECTION('',(-0.,0.987688340595,0.15643446504));
#5634 = PCURVE('',#2650,#5635);
#5635 = DEFINITIONAL_REPRESENTATION('',(#5636),#5640);
#5636 = LINE('',#5637,#5638);
#5637 = CARTESIAN_POINT('',(4.712388980385,0.));
#5638 = VECTOR('',#5639,1.);
#5639 = DIRECTION('',(-0.,1.));
#5640 = ( GEOMETRIC_REPRESENTATION_CONTEXT(2) 
PARAMETRIC_REPRESENTATION_CONTEXT() REPRESENTATION_CONTEXT('2D SPACE',''
  ) );
#5641 = PCURVE('',#2621,#5642);
#5642 = DEFINITIONAL_REPRESENTATION('',(#5643),#5647);
#5643 = LINE('',#5644,#5645);
#5644 = CARTESIAN_POINT('',(4.,8.272321338918E-13));
#5645 = VECTOR('',#5646,1.);
#5646 = DIRECTION('',(8.362598867997E-18,-1.));
#5647 = ( GEOMETRIC_REPRESENTATION_CONTEXT(2) 
PARAMETRIC_REPRESENTATION_CONTEXT() REPRESENTATION_CONTEXT('2D SPACE',''
  ) );
#5648 = ORIENTED_EDGE('',*,*,#2633,.T.);
#5649 = ORIENTED_EDGE('',*,*,#5552,.T.);
#5650 = ADVANCED_FACE('',(#5651),#2621,.F.);
#5651 = FACE_BOUND('',#5652,.F.);
#5652 = EDGE_LOOP('',(#5653,#5654,#5677,#5698));
#5653 = ORIENTED_EDGE('',*,*,#2605,.F.);
#5654 = ORIENTED_EDGE('',*,*,#5655,.T.);
#5655 = EDGE_CURVE('',#2571,#5656,#5658,.T.);
#5656 = VERTEX_POINT('',#5657);
#5657 = CARTESIAN_POINT('',(-54.,124.9535442531,23.740836669943));
#5658 = SURFACE_CURVE('',#5659,(#5663,#5670),.PCURVE_S1.);
#5659 = LINE('',#5660,#5661);
#5660 = CARTESIAN_POINT('',(-54.,92.034813511245,18.5270219252));
#5661 = VECTOR('',#5662,1.);
#5662 = DIRECTION('',(0.,0.987688340595,0.15643446504));
#5663 = PCURVE('',#2621,#5664);
#5664 = DEFINITIONAL_REPRESENTATION('',(#5665),#5669);
#5665 = LINE('',#5666,#5667);
#5666 = CARTESIAN_POINT('',(3.,-1.626206858456E-13));
#5667 = VECTOR('',#5668,1.);
#5668 = DIRECTION('',(8.362598867997E-18,-1.));
#5669 = ( GEOMETRIC_REPRESENTATION_CONTEXT(2) 
PARAMETRIC_REPRESENTATION_CONTEXT() REPRESENTATION_CONTEXT('2D SPACE',''
  ) );
#5670 = PCURVE('',#2587,#5671);
#5671 = DEFINITIONAL_REPRESENTATION('',(#5672),#5676);
#5672 = LINE('',#5673,#5674);
#5673 = CARTESIAN_POINT('',(4.712388980385,0.));
#5674 = VECTOR('',#5675,1.);
#5675 = DIRECTION('',(-0.,1.));
#5676 = ( GEOMETRIC_REPRESENTATION_CONTEXT(2) 
PARAMETRIC_REPRESENTATION_CONTEXT() REPRESENTATION_CONTEXT('2D SPACE',''
  ) );
#5677 = ORIENTED_EDGE('',*,*,#5678,.F.);
#5678 = EDGE_CURVE('',#5602,#5656,#5679,.T.);
#5679 = SURFACE_CURVE('',#5680,(#5684,#5691),.PCURVE_S1.);
#5680 = LINE('',#5681,#5682);
#5681 = CARTESIAN_POINT('',(-54.,124.9535442531,28.265850494069));
#5682 = VECTOR('',#5683,1.);
#5683 = DIRECTION('',(0.,0.,-1.));
#5684 = PCURVE('',#2621,#5685);
#5685 = DEFINITIONAL_REPRESENTATION('',(#5686),#5690);
#5686 = LINE('',#5687,#5688);
#5687 = CARTESIAN_POINT('',(7.469303395129,-34.03693497821));
#5688 = VECTOR('',#5689,1.);
#5689 = DIRECTION('',(-0.987688340595,0.15643446504));
#5690 = ( GEOMETRIC_REPRESENTATION_CONTEXT(2) 
PARAMETRIC_REPRESENTATION_CONTEXT() REPRESENTATION_CONTEXT('2D SPACE',''
  ) );
#5691 = PCURVE('',#2964,#5692);
#5692 = DEFINITIONAL_REPRESENTATION('',(#5693),#5697);
#5693 = LINE('',#5694,#5695);
#5694 = CARTESIAN_POINT('',(4.712388980385,0.));
#5695 = VECTOR('',#5696,1.);
#5696 = DIRECTION('',(-0.,1.));
#5697 = ( GEOMETRIC_REPRESENTATION_CONTEXT(2) 
PARAMETRIC_REPRESENTATION_CONTEXT() REPRESENTATION_CONTEXT('2D SPACE',''
  ) );
#5698 = ORIENTED_EDGE('',*,*,#5628,.F.);
#5699 = ADVANCED_FACE('',(#5700),#2587,.F.);
#5700 = FACE_BOUND('',#5701,.F.);
#5701 = EDGE_LOOP('',(#5702,#5750,#5751,#5752));
#5702 = ORIENTED_EDGE('',*,*,#5703,.F.);
#5703 = EDGE_CURVE('',#5656,#2730,#5704,.T.);
#5704 = SURFACE_CURVE('',#5705,(#5714,#5743),.PCURVE_S1.);
#5705 = B_SPLINE_CURVE_WITH_KNOTS('',7,(#5706,#5707,#5708,#5709,#5710,
    #5711,#5712,#5713),.UNSPECIFIED.,.F.,.F.,(8,8),(0.,1.570796326795),
  .PIECEWISE_BEZIER_KNOTS.);
#5706 = CARTESIAN_POINT('',(-54.,124.9535442531,23.740836669943));
#5707 = CARTESIAN_POINT('',(-54.,124.85201399821,23.067638244174));
#5708 = CARTESIAN_POINT('',(-54.16382174773,124.75044718331,
    22.394178428429));
#5709 = CARTESIAN_POINT('',(-54.49151068568,124.65564368888,
    21.765995359731));
#5710 = CARTESIAN_POINT('',(-54.97491356867,124.57313939232,
    21.220228376302));
#5711 = CARTESIAN_POINT('',(-55.60359955098,124.51380603496,
    20.825507860593));
#5712 = CARTESIAN_POINT('',(-56.30173037838,124.48424085798,20.629110937
    ));
#5713 = CARTESIAN_POINT('',(-57.,124.48424085798,20.629110937));
#5714 = PCURVE('',#2587,#5715);
#5715 = DEFINITIONAL_REPRESENTATION('',(#5716),#5742);
#5716 = B_SPLINE_CURVE_WITH_KNOTS('',3,(#5717,#5718,#5719,#5720,#5721,
    #5722,#5723,#5724,#5725,#5726,#5727,#5728,#5729,#5730,#5731,#5732,
    #5733,#5734,#5735,#5736,#5737,#5738,#5739,#5740,#5741),
  .UNSPECIFIED.,.F.,.F.,(4,1,1,1,1,1,1,1,1,1,1,1,1,1,1,1,1,1,1,1,1,1,4),
  (0.,7.139983303614E-02,0.142799666072,0.214199499108,0.285599332145,
    0.356999165181,0.428398998217,0.499798831253,0.571198664289,
    0.642598497325,0.713998330361,0.785398163398,0.856797996434,
    0.92819782947,0.999597662506,1.070997495542,1.142397328578,
    1.213797161614,1.28519699465,1.356596827687,1.427996660723,
    1.499396493759,1.570796326795),.QUASI_UNIFORM_KNOTS.);
#5717 = CARTESIAN_POINT('',(4.712388980382,33.329066861334));
#5718 = CARTESIAN_POINT('',(4.735334739628,33.307261449659));
#5719 = CARTESIAN_POINT('',(4.781227262961,33.263649420199));
#5720 = CARTESIAN_POINT('',(4.85011536632,33.198493715656));
#5721 = CARTESIAN_POINT('',(4.919098325763,33.133866395466));
#5722 = CARTESIAN_POINT('',(4.988224360403,33.070033200781));
#5723 = CARTESIAN_POINT('',(5.057539736088,33.007263938707));
#5724 = CARTESIAN_POINT('',(5.127087370195,32.94583415232));
#5725 = CARTESIAN_POINT('',(5.196905444311,32.886026196034));
#5726 = CARTESIAN_POINT('',(5.267026672489,32.828129258456));
#5727 = CARTESIAN_POINT('',(5.337477836267,32.772438561541));
#5728 = CARTESIAN_POINT('',(5.40827949769,32.719253780865));
#5729 = CARTESIAN_POINT('',(5.47944575921,32.668876781146));
#5730 = CARTESIAN_POINT('',(5.550984000341,32.621608747868));
#5731 = CARTESIAN_POINT('',(5.62289456127,32.577746799695));
#5732 = CARTESIAN_POINT('',(5.695170391604,32.537580164235));
#5733 = CARTESIAN_POINT('',(5.767796724698,32.501386004471));
#5734 = CARTESIAN_POINT('',(5.84075087288,32.469424966238));
#5735 = CARTESIAN_POINT('',(5.914002258855,32.441936580076));
#5736 = CARTESIAN_POINT('',(5.987512807204,32.419134416029));
#5737 = CARTESIAN_POINT('',(6.061237785171,32.401201765953));
#5738 = CARTESIAN_POINT('',(6.135127207414,32.388285358705));
#5739 = CARTESIAN_POINT('',(6.209127610334,32.380496814403));
#5740 = CARTESIAN_POINT('',(6.25849909099,32.378756278011));
#5741 = CARTESIAN_POINT('',(6.28318530718,32.378760219388));
#5742 = ( GEOMETRIC_REPRESENTATION_CONTEXT(2) 
PARAMETRIC_REPRESENTATION_CONTEXT() REPRESENTATION_CONTEXT('2D SPACE',''
  ) );
#5743 = PCURVE('',#2916,#5744);
#5744 = DEFINITIONAL_REPRESENTATION('',(#5745),#5749);
#5745 = LINE('',#5746,#5747);
#5746 = CARTESIAN_POINT('',(1.570796326795,0.));
#5747 = VECTOR('',#5748,1.);
#5748 = DIRECTION('',(0.,1.));
#5749 = ( GEOMETRIC_REPRESENTATION_CONTEXT(2) 
PARAMETRIC_REPRESENTATION_CONTEXT() REPRESENTATION_CONTEXT('2D SPACE',''
  ) );
#5750 = ORIENTED_EDGE('',*,*,#5655,.F.);
#5751 = ORIENTED_EDGE('',*,*,#2570,.T.);
#5752 = ORIENTED_EDGE('',*,*,#2729,.T.);
#5753 = ADVANCED_FACE('',(#5754),#2766,.T.);
#5754 = FACE_BOUND('',#5755,.T.);
#5755 = EDGE_LOOP('',(#5756,#5785,#5786,#5787));
#5756 = ORIENTED_EDGE('',*,*,#5757,.F.);
#5757 = EDGE_CURVE('',#2868,#2730,#5758,.T.);
#5758 = SURFACE_CURVE('',#5759,(#5763,#5779),.PCURVE_S1.);
#5759 = ( BOUNDED_CURVE() B_SPLINE_CURVE(2,(#5760,#5761,#5762),
.UNSPECIFIED.,.F.,.F.) B_SPLINE_CURVE_WITH_KNOTS((3,3),(0.,
1.570796326795),.PIECEWISE_BEZIER_KNOTS.) CURVE() 
GEOMETRIC_REPRESENTATION_ITEM() RATIONAL_B_SPLINE_CURVE((1.,
0.64944804833,1.)) REPRESENTATION_ITEM('') );
#5760 = CARTESIAN_POINT('',(-57.,127.9535442531,17.666045915215));
#5761 = CARTESIAN_POINT('',(-57.,127.9535442531,21.178594613553));
#5762 = CARTESIAN_POINT('',(-57.,124.48424085798,20.629110937));
#5763 = PCURVE('',#2766,#5764);
#5764 = DEFINITIONAL_REPRESENTATION('',(#5765),#5778);
#5765 = B_SPLINE_CURVE_WITH_KNOTS('',11,(#5766,#5767,#5768,#5769,#5770,
    #5771,#5772,#5773,#5774,#5775,#5776,#5777),.UNSPECIFIED.,.F.,.F.,(12
    ,12),(0.,1.570796326795),.PIECEWISE_BEZIER_KNOTS.);
#5766 = CARTESIAN_POINT('',(4.555309347706,33.));
#5767 = CARTESIAN_POINT('',(4.693564977815,33.000000000003));
#5768 = CARTESIAN_POINT('',(4.841513971604,32.999999999989));
#5769 = CARTESIAN_POINT('',(4.99851054334,33.000000000027));
#5770 = CARTESIAN_POINT('',(5.16318478881,32.999999999951));
#5771 = CARTESIAN_POINT('',(5.333191154906,33.000000000064));
#5772 = CARTESIAN_POINT('',(5.505303499991,32.999999999937));
#5773 = CARTESIAN_POINT('',(5.675309866056,33.000000000047));
#5774 = CARTESIAN_POINT('',(5.839984111556,32.999999999974));
#5775 = CARTESIAN_POINT('',(5.996980683279,33.00000000001));
#5776 = CARTESIAN_POINT('',(6.144929677071,32.999999999998));
#5777 = CARTESIAN_POINT('',(6.28318530718,33.));
#5778 = ( GEOMETRIC_REPRESENTATION_CONTEXT(2) 
PARAMETRIC_REPRESENTATION_CONTEXT() REPRESENTATION_CONTEXT('2D SPACE',''
  ) );
#5779 = PCURVE('',#2916,#5780);
#5780 = DEFINITIONAL_REPRESENTATION('',(#5781),#5784);
#5781 = B_SPLINE_CURVE_WITH_KNOTS('',1,(#5782,#5783),.UNSPECIFIED.,.F.,
  .F.,(2,2),(0.,1.570796326795),.PIECEWISE_BEZIER_KNOTS.);
#5782 = CARTESIAN_POINT('',(0.,1.570796326795));
#5783 = CARTESIAN_POINT('',(1.570796326795,1.570796326795));
#5784 = ( GEOMETRIC_REPRESENTATION_CONTEXT(2) 
PARAMETRIC_REPRESENTATION_CONTEXT() REPRESENTATION_CONTEXT('2D SPACE',''
  ) );
#5785 = ORIENTED_EDGE('',*,*,#2867,.F.);
#5786 = ORIENTED_EDGE('',*,*,#2781,.F.);
#5787 = ORIENTED_EDGE('',*,*,#2752,.T.);
#5788 = ADVANCED_FACE('',(#5789),#2825,.F.);
#5789 = FACE_BOUND('',#5790,.T.);
#5790 = EDGE_LOOP('',(#5791,#5792,#5793,#5813));
#5791 = ORIENTED_EDGE('',*,*,#2810,.F.);
#5792 = ORIENTED_EDGE('',*,*,#3027,.T.);
#5793 = ORIENTED_EDGE('',*,*,#5794,.T.);
#5794 = EDGE_CURVE('',#3005,#3133,#5795,.T.);
#5795 = SURFACE_CURVE('',#5796,(#5800,#5807),.PCURVE_S1.);
#5796 = LINE('',#5797,#5798);
#5797 = CARTESIAN_POINT('',(87.,127.7035442531,0.25));
#5798 = VECTOR('',#5799,1.);
#5799 = DIRECTION('',(2.908827630388E-35,-0.707106781187,-0.707106781187
    ));
#5800 = PCURVE('',#2825,#5801);
#5801 = DEFINITIONAL_REPRESENTATION('',(#5802),#5806);
#5802 = LINE('',#5803,#5804);
#5803 = CARTESIAN_POINT('',(-174.,1.570092458684E-16));
#5804 = VECTOR('',#5805,1.);
#5805 = DIRECTION('',(-2.616816577538E-35,1.));
#5806 = ( GEOMETRIC_REPRESENTATION_CONTEXT(2) 
PARAMETRIC_REPRESENTATION_CONTEXT() REPRESENTATION_CONTEXT('2D SPACE',''
  ) );
#5807 = PCURVE('',#3153,#5808);
#5808 = DEFINITIONAL_REPRESENTATION('',(#5809),#5812);
#5809 = B_SPLINE_CURVE_WITH_KNOTS('',1,(#5810,#5811),.UNSPECIFIED.,.F.,
  .F.,(2,2),(-0.353553390593,0.353553390593),.PIECEWISE_BEZIER_KNOTS.);
#5810 = CARTESIAN_POINT('',(6.28318530718,0.));
#5811 = CARTESIAN_POINT('',(6.28318530718,-0.5));
#5812 = ( GEOMETRIC_REPRESENTATION_CONTEXT(2) 
PARAMETRIC_REPRESENTATION_CONTEXT() REPRESENTATION_CONTEXT('2D SPACE',''
  ) );
#5813 = ORIENTED_EDGE('',*,*,#3165,.F.);
#5814 = ADVANCED_FACE('',(#5815),#2916,.F.);
#5815 = FACE_BOUND('',#5816,.F.);
#5816 = EDGE_LOOP('',(#5817,#5844,#5845,#5846));
#5817 = ORIENTED_EDGE('',*,*,#5818,.T.);
#5818 = EDGE_CURVE('',#2891,#5656,#5819,.T.);
#5819 = SURFACE_CURVE('',#5820,(#5824,#5830),.PCURVE_S1.);
#5820 = ( BOUNDED_CURVE() B_SPLINE_CURVE(2,(#5821,#5822,#5823),
.UNSPECIFIED.,.F.,.F.) B_SPLINE_CURVE_WITH_KNOTS((3,3),(0.,
1.570796326795),.PIECEWISE_BEZIER_KNOTS.) CURVE() 
GEOMETRIC_REPRESENTATION_ITEM() RATIONAL_B_SPLINE_CURVE((1.,
0.707106781187,1.)) REPRESENTATION_ITEM('') );
#5821 = CARTESIAN_POINT('',(-51.,127.9535442531,23.740836669943));
#5822 = CARTESIAN_POINT('',(-54.,127.9535442531,23.740836669943));
#5823 = CARTESIAN_POINT('',(-54.,124.9535442531,23.740836669943));
#5824 = PCURVE('',#2916,#5825);
#5825 = DEFINITIONAL_REPRESENTATION('',(#5826),#5829);
#5826 = B_SPLINE_CURVE_WITH_KNOTS('',1,(#5827,#5828),.UNSPECIFIED.,.F.,
  .F.,(2,2),(0.,1.570796326795),.PIECEWISE_BEZIER_KNOTS.);
#5827 = CARTESIAN_POINT('',(0.,0.));
#5828 = CARTESIAN_POINT('',(1.570796326795,0.));
#5829 = ( GEOMETRIC_REPRESENTATION_CONTEXT(2) 
PARAMETRIC_REPRESENTATION_CONTEXT() REPRESENTATION_CONTEXT('2D SPACE',''
  ) );
#5830 = PCURVE('',#2964,#5831);
#5831 = DEFINITIONAL_REPRESENTATION('',(#5832),#5843);
#5832 = B_SPLINE_CURVE_WITH_KNOTS('',9,(#5833,#5834,#5835,#5836,#5837,
    #5838,#5839,#5840,#5841,#5842),.UNSPECIFIED.,.F.,.F.,(10,10),(0.,
    1.570796326795),.PIECEWISE_BEZIER_KNOTS.);
#5833 = CARTESIAN_POINT('',(6.28318530718,4.525013824126));
#5834 = CARTESIAN_POINT('',(6.126050466916,4.525013824126));
#5835 = CARTESIAN_POINT('',(5.957410431703,4.525013824126));
#5836 = CARTESIAN_POINT('',(5.778619419327,4.525013824125));
#5837 = CARTESIAN_POINT('',(5.592439660737,4.525013824126));
#5838 = CARTESIAN_POINT('',(5.403134626872,4.525013824126));
#5839 = CARTESIAN_POINT('',(5.216954868183,4.525013824126));
#5840 = CARTESIAN_POINT('',(5.038163855881,4.525013824126));
#5841 = CARTESIAN_POINT('',(4.869523820649,4.525013824126));
#5842 = CARTESIAN_POINT('',(4.712388980385,4.525013824126));
#5843 = ( GEOMETRIC_REPRESENTATION_CONTEXT(2) 
PARAMETRIC_REPRESENTATION_CONTEXT() REPRESENTATION_CONTEXT('2D SPACE',''
  ) );
#5844 = ORIENTED_EDGE('',*,*,#5703,.T.);
#5845 = ORIENTED_EDGE('',*,*,#5757,.F.);
#5846 = ORIENTED_EDGE('',*,*,#2890,.F.);
#5847 = ADVANCED_FACE('',(#5848),#2992,.T.);
#5848 = FACE_BOUND('',#5849,.T.);
#5849 = EDGE_LOOP('',(#5850,#5872,#5873,#5895));
#5850 = ORIENTED_EDGE('',*,*,#5851,.T.);
#5851 = EDGE_CURVE('',#5410,#2977,#5852,.T.);
#5852 = SURFACE_CURVE('',#5853,(#5858,#5865),.PCURVE_S1.);
#5853 = CIRCLE('',#5854,3.);
#5854 = AXIS2_PLACEMENT_3D('',#5855,#5856,#5857);
#5855 = CARTESIAN_POINT('',(87.,124.9535442531,24.753301795731));
#5856 = DIRECTION('',(-1.,0.,0.));
#5857 = DIRECTION('',(0.,-0.15643446504,0.987688340595));
#5858 = PCURVE('',#2992,#5859);
#5859 = DEFINITIONAL_REPRESENTATION('',(#5860),#5864);
#5860 = LINE('',#5861,#5862);
#5861 = CARTESIAN_POINT('',(6.28318530718,141.));
#5862 = VECTOR('',#5863,1.);
#5863 = DIRECTION('',(-1.,0.));
#5864 = ( GEOMETRIC_REPRESENTATION_CONTEXT(2) 
PARAMETRIC_REPRESENTATION_CONTEXT() REPRESENTATION_CONTEXT('2D SPACE',''
  ) );
#5865 = PCURVE('',#5425,#5866);
#5866 = DEFINITIONAL_REPRESENTATION('',(#5867),#5871);
#5867 = LINE('',#5868,#5869);
#5868 = CARTESIAN_POINT('',(0.,0.));
#5869 = VECTOR('',#5870,1.);
#5870 = DIRECTION('',(1.,0.));
#5871 = ( GEOMETRIC_REPRESENTATION_CONTEXT(2) 
PARAMETRIC_REPRESENTATION_CONTEXT() REPRESENTATION_CONTEXT('2D SPACE',''
  ) );
#5872 = ORIENTED_EDGE('',*,*,#2976,.F.);
#5873 = ORIENTED_EDGE('',*,*,#5874,.T.);
#5874 = EDGE_CURVE('',#2949,#5553,#5875,.T.);
#5875 = SURFACE_CURVE('',#5876,(#5881,#5888),.PCURVE_S1.);
#5876 = CIRCLE('',#5877,3.);
#5877 = AXIS2_PLACEMENT_3D('',#5878,#5879,#5880);
#5878 = CARTESIAN_POINT('',(-51.,124.9535442531,24.753301795731));
#5879 = DIRECTION('',(1.,0.,0.));
#5880 = DIRECTION('',(-0.,1.,0.));
#5881 = PCURVE('',#2992,#5882);
#5882 = DEFINITIONAL_REPRESENTATION('',(#5883),#5887);
#5883 = LINE('',#5884,#5885);
#5884 = CARTESIAN_POINT('',(4.555309347706,3.));
#5885 = VECTOR('',#5886,1.);
#5886 = DIRECTION('',(1.,-0.));
#5887 = ( GEOMETRIC_REPRESENTATION_CONTEXT(2) 
PARAMETRIC_REPRESENTATION_CONTEXT() REPRESENTATION_CONTEXT('2D SPACE',''
  ) );
#5888 = PCURVE('',#5617,#5889);
#5889 = DEFINITIONAL_REPRESENTATION('',(#5890),#5894);
#5890 = LINE('',#5891,#5892);
#5891 = CARTESIAN_POINT('',(0.,0.));
#5892 = VECTOR('',#5893,1.);
#5893 = DIRECTION('',(1.,0.));
#5894 = ( GEOMETRIC_REPRESENTATION_CONTEXT(2) 
PARAMETRIC_REPRESENTATION_CONTEXT() REPRESENTATION_CONTEXT('2D SPACE',''
  ) );
#5895 = ORIENTED_EDGE('',*,*,#5577,.T.);
#5896 = ADVANCED_FACE('',(#5897),#2964,.T.);
#5897 = FACE_BOUND('',#5898,.T.);
#5898 = EDGE_LOOP('',(#5899,#5900,#5901,#5902));
#5899 = ORIENTED_EDGE('',*,*,#2948,.T.);
#5900 = ORIENTED_EDGE('',*,*,#5818,.T.);
#5901 = ORIENTED_EDGE('',*,*,#5678,.F.);
#5902 = ORIENTED_EDGE('',*,*,#5903,.T.);
#5903 = EDGE_CURVE('',#5602,#2949,#5904,.T.);
#5904 = SURFACE_CURVE('',#5905,(#5910,#5916),.PCURVE_S1.);
#5905 = CIRCLE('',#5906,3.);
#5906 = AXIS2_PLACEMENT_3D('',#5907,#5908,#5909);
#5907 = CARTESIAN_POINT('',(-51.,124.9535442531,24.753301795731));
#5908 = DIRECTION('',(0.,0.,-1.));
#5909 = DIRECTION('',(0.,1.,0.));
#5910 = PCURVE('',#2964,#5911);
#5911 = DEFINITIONAL_REPRESENTATION('',(#5912),#5915);
#5912 = B_SPLINE_CURVE_WITH_KNOTS('',1,(#5913,#5914),.UNSPECIFIED.,.F.,
  .F.,(2,2),(4.712388980385,6.28318530718),.PIECEWISE_BEZIER_KNOTS.);
#5913 = CARTESIAN_POINT('',(4.712388980385,3.512548698338));
#5914 = CARTESIAN_POINT('',(6.28318530718,3.512548698338));
#5915 = ( GEOMETRIC_REPRESENTATION_CONTEXT(2) 
PARAMETRIC_REPRESENTATION_CONTEXT() REPRESENTATION_CONTEXT('2D SPACE',''
  ) );
#5916 = PCURVE('',#5617,#5917);
#5917 = DEFINITIONAL_REPRESENTATION('',(#5918),#5921);
#5918 = B_SPLINE_CURVE_WITH_KNOTS('',1,(#5919,#5920),.UNSPECIFIED.,.F.,
  .F.,(2,2),(4.712388980385,6.28318530718),.PIECEWISE_BEZIER_KNOTS.);
#5919 = CARTESIAN_POINT('',(0.,-1.570796326795));
#5920 = CARTESIAN_POINT('',(0.,0.));
#5921 = ( GEOMETRIC_REPRESENTATION_CONTEXT(2) 
PARAMETRIC_REPRESENTATION_CONTEXT() REPRESENTATION_CONTEXT('2D SPACE',''
  ) );
#5922 = ADVANCED_FACE('',(#5923),#3097,.T.);
#5923 = FACE_BOUND('',#5924,.T.);
#5924 = EDGE_LOOP('',(#5925,#5926,#5927,#5928));
#5925 = ORIENTED_EDGE('',*,*,#5528,.F.);
#5926 = ORIENTED_EDGE('',*,*,#3245,.T.);
#5927 = ORIENTED_EDGE('',*,*,#3190,.T.);
#5928 = ORIENTED_EDGE('',*,*,#3076,.F.);
#5929 = ADVANCED_FACE('',(#5930),#3153,.T.);
#5930 = FACE_BOUND('',#5931,.T.);
#5931 = EDGE_LOOP('',(#5932,#5933,#5934,#5935));
#5932 = ORIENTED_EDGE('',*,*,#5794,.F.);
#5933 = ORIENTED_EDGE('',*,*,#5481,.T.);
#5934 = ORIENTED_EDGE('',*,*,#5507,.T.);
#5935 = ORIENTED_EDGE('',*,*,#3132,.F.);
#5936 = ADVANCED_FACE('',(#5937),#3309,.T.);
#5937 = FACE_BOUND('',#5938,.F.);
#5938 = EDGE_LOOP('',(#5939,#5940,#5941,#5942));
#5939 = ORIENTED_EDGE('',*,*,#3367,.T.);
#5940 = ORIENTED_EDGE('',*,*,#3476,.F.);
#5941 = ORIENTED_EDGE('',*,*,#3421,.T.);
#5942 = ORIENTED_EDGE('',*,*,#3291,.F.);
#5943 = ADVANCED_FACE('',(#5944),#3520,.T.);
#5944 = FACE_BOUND('',#5945,.F.);
#5945 = EDGE_LOOP('',(#5946,#5947,#5948,#5949));
#5946 = ORIENTED_EDGE('',*,*,#3578,.T.);
#5947 = ORIENTED_EDGE('',*,*,#3687,.F.);
#5948 = ORIENTED_EDGE('',*,*,#3632,.T.);
#5949 = ORIENTED_EDGE('',*,*,#3502,.F.);
#5950 = ADVANCED_FACE('',(#5951),#3731,.T.);
#5951 = FACE_BOUND('',#5952,.F.);
#5952 = EDGE_LOOP('',(#5953,#5954,#5955,#5956));
#5953 = ORIENTED_EDGE('',*,*,#3789,.T.);
#5954 = ORIENTED_EDGE('',*,*,#3898,.F.);
#5955 = ORIENTED_EDGE('',*,*,#3843,.T.);
#5956 = ORIENTED_EDGE('',*,*,#3713,.F.);
#5957 = ADVANCED_FACE('',(#5958),#3942,.T.);
#5958 = FACE_BOUND('',#5959,.F.);
#5959 = EDGE_LOOP('',(#5960,#5961,#5962,#5963));
#5960 = ORIENTED_EDGE('',*,*,#4000,.T.);
#5961 = ORIENTED_EDGE('',*,*,#4109,.F.);
#5962 = ORIENTED_EDGE('',*,*,#4054,.T.);
#5963 = ORIENTED_EDGE('',*,*,#3924,.F.);
#5964 = ADVANCED_FACE('',(#5965),#4153,.T.);
#5965 = FACE_BOUND('',#5966,.F.);
#5966 = EDGE_LOOP('',(#5967,#5968,#5969,#5970));
#5967 = ORIENTED_EDGE('',*,*,#4211,.T.);
#5968 = ORIENTED_EDGE('',*,*,#4320,.F.);
#5969 = ORIENTED_EDGE('',*,*,#4265,.T.);
#5970 = ORIENTED_EDGE('',*,*,#4135,.F.);
#5971 = ADVANCED_FACE('',(#5972),#4364,.T.);
#5972 = FACE_BOUND('',#5973,.F.);
#5973 = EDGE_LOOP('',(#5974,#5975,#5976,#5977));
#5974 = ORIENTED_EDGE('',*,*,#4422,.T.);
#5975 = ORIENTED_EDGE('',*,*,#4531,.F.);
#5976 = ORIENTED_EDGE('',*,*,#4476,.T.);
#5977 = ORIENTED_EDGE('',*,*,#4346,.F.);
#5978 = ADVANCED_FACE('',(#5979),#4575,.T.);
#5979 = FACE_BOUND('',#5980,.F.);
#5980 = EDGE_LOOP('',(#5981,#5982,#5983,#5984));
#5981 = ORIENTED_EDGE('',*,*,#4633,.T.);
#5982 = ORIENTED_EDGE('',*,*,#4742,.F.);
#5983 = ORIENTED_EDGE('',*,*,#4687,.T.);
#5984 = ORIENTED_EDGE('',*,*,#4557,.F.);
#5985 = ADVANCED_FACE('',(#5986),#4786,.T.);
#5986 = FACE_BOUND('',#5987,.F.);
#5987 = EDGE_LOOP('',(#5988,#5989,#5990,#5991));
#5988 = ORIENTED_EDGE('',*,*,#4844,.T.);
#5989 = ORIENTED_EDGE('',*,*,#4953,.F.);
#5990 = ORIENTED_EDGE('',*,*,#4898,.T.);
#5991 = ORIENTED_EDGE('',*,*,#4768,.F.);
#5992 = ADVANCED_FACE('',(#5993),#4997,.T.);
#5993 = FACE_BOUND('',#5994,.F.);
#5994 = EDGE_LOOP('',(#5995,#5996,#5997,#5998));
#5995 = ORIENTED_EDGE('',*,*,#5055,.T.);
#5996 = ORIENTED_EDGE('',*,*,#5164,.F.);
#5997 = ORIENTED_EDGE('',*,*,#5109,.T.);
#5998 = ORIENTED_EDGE('',*,*,#4979,.F.);
#5999 = ADVANCED_FACE('',(#6000),#5208,.T.);
#6000 = FACE_BOUND('',#6001,.F.);
#6001 = EDGE_LOOP('',(#6002,#6003,#6004,#6005));
#6002 = ORIENTED_EDGE('',*,*,#5369,.T.);
#6003 = ORIENTED_EDGE('',*,*,#5343,.F.);
#6004 = ORIENTED_EDGE('',*,*,#5266,.T.);
#6005 = ORIENTED_EDGE('',*,*,#5190,.F.);
#6006 = ADVANCED_FACE('',(#6007),#5425,.T.);
#6007 = FACE_BOUND('',#6008,.T.);
#6008 = EDGE_LOOP('',(#6009,#6010,#6011));
#6009 = ORIENTED_EDGE('',*,*,#5409,.F.);
#6010 = ORIENTED_EDGE('',*,*,#5460,.T.);
#6011 = ORIENTED_EDGE('',*,*,#5851,.F.);
#6012 = ADVANCED_FACE('',(#6013),#5617,.T.);
#6013 = FACE_BOUND('',#6014,.T.);
#6014 = EDGE_LOOP('',(#6015,#6016,#6017));
#6015 = ORIENTED_EDGE('',*,*,#5903,.F.);
#6016 = ORIENTED_EDGE('',*,*,#5601,.T.);
#6017 = ORIENTED_EDGE('',*,*,#5874,.F.);
#6018 = ( GEOMETRIC_REPRESENTATION_CONTEXT(3) 
GLOBAL_UNCERTAINTY_ASSIGNED_CONTEXT((#6022)) 
GLOBAL_UNIT_ASSIGNED_CONTEXT((#6019,#6020,#6021)) REPRESENTATION_CONTEXT
('Context #1','3D Context with UNIT and UNCERTAINTY') );
#6019 = ( LENGTH_UNIT() NAMED_UNIT(*) SI_UNIT(.MILLI.,.METRE.) );
#6020 = ( NAMED_UNIT(*) PLANE_ANGLE_UNIT() SI_UNIT($,.RADIAN.) );
#6021 = ( NAMED_UNIT(*) SI_UNIT($,.STERADIAN.) SOLID_ANGLE_UNIT() );
#6022 = UNCERTAINTY_MEASURE_WITH_UNIT(LENGTH_MEASURE(2.E-07),#6019,
  'distance_accuracy_value','confusion accuracy');
#6023 = PRODUCT_RELATED_PRODUCT_CATEGORY('part',$,(#7));
ENDSEC;
END-ISO-10303-21;
